[2026-03-13T16:35:52] 502 espectadores | Santuário Nacional AO VIVO - Você em constante Oração na Casa da Mãe - YouTube | https://www.youtube.com/watch?v=juUt-rN5CVo
[2026-03-13T16:35:58] 1674 espectadores | TV Aparecida - AO VIVO - YouTube | https://www.youtube.com/watch?v=4CAmwaFJo6k
[2026-03-13T16:38:52] 497 espectadores | Santuário Nacional AO VIVO - Você em constante Oração na Casa da Mãe - YouTube | https://www.youtube.com/watch?v=juUt-rN5CVo
[2026-03-13T16:38:58] 1682 espectadores | TV Aparecida - AO VIVO - YouTube | https://www.youtube.com/watch?v=4CAmwaFJo6k
[2026-03-13T16:41:51] 499 espectadores | Santuário Nacional AO VIVO - Você em constante Oração na Casa da Mãe - YouTube | https://www.youtube.com/watch?v=juUt-rN5CVo
[2026-03-13T16:41:57] 1701 espectadores | TV Aparecida - AO VIVO - YouTube | https://www.youtube.com/watch?v=4CAmwaFJo6k
[2026-03-13T16:44:54] 490 espectadores | Santuário Nacional AO VIVO - Você em constante Oração na Casa da Mãe - YouTube | https://www.youtube.com/watch?v=juUt-rN5CVo
[2026-03-13T16:45:01] 1722 espectadores | TV Aparecida - AO VIVO - YouTube | https://www.youtube.com/watch?v=4CAmwaFJo6k
[2026-03-13T16:47:52] 486 espectadores | Santuário Nacional AO VIVO - Você em constante Oração na Casa da Mãe - YouTube | https://www.youtube.com/watch?v=juUt-rN5CVo
[2026-03-13T16:48:00] 1737 espectadores | TV Aparecida - AO VIVO - YouTube | https://www.youtube.com/watch?v=4CAmwaFJo6k
[2026-03-13T16:50:55] 487 espectadores | Santuário Nacional AO VIVO - Você em constante Oração na Casa da Mãe - YouTube | https://www.youtube.com/watch?v=juUt-rN5CVo
[2026-03-13T16:51:03] 1738 espectadores | TV Aparecida - AO VIVO - YouTube | https://www.youtube.com/watch?v=4CAmwaFJo6k
[2026-03-13T16:53:55] 489 espectadores | Santuário Nacional AO VIVO - Você em constante Oração na Casa da Mãe - YouTube | https://www.youtube.com/watch?v=juUt-rN5CVo
[2026-03-13T16:54:01] 1788 espectadores | TV Aparecida - AO VIVO - YouTube | https://www.youtube.com/watch?v=4CAmwaFJo6k
[2026-03-13T16:56:52] 492 espectadores | Santuário Nacional AO VIVO - Você em constante Oração na Casa da Mãe - YouTube | https://www.youtube.com/watch?v=juUt-rN5CVo
[2026-03-13T16:56:58] 1807 espectadores | TV Aparecida - AO VIVO - YouTube | https://www.youtube.com/watch?v=4CAmwaFJo6k
[2026-03-13T16:59:53] 485 espectadores | Santuário Nacional AO VIVO - Você em constante Oração na Casa da Mãe - YouTube | https://www.youtube.com/watch?v=juUt-rN5CVo
[2026-03-13T16:59:58] 1812 espectadores | TV Aparecida - AO VIVO - YouTube | https://www.youtube.com/watch?v=4CAmwaFJo6k
[2026-03-13T17:02:52] 490 espectadores | Santuário Nacional AO VIVO - Você em constante Oração na Casa da Mãe - YouTube | https://www.youtube.com/watch?v=juUt-rN5CVo
[2026-03-13T17:02:59] 1852 espectadores | TV Aparecida - AO VIVO - YouTube | https://www.youtube.com/watch?v=4CAmwaFJo6k
[2026-03-13T17:05:53] 487 espectadores | Santuário Nacional AO VIVO - Você em constante Oração na Casa da Mãe - YouTube | https://www.youtube.com/watch?v=juUt-rN5CVo
[2026-03-13T17:06:00] 1898 espectadores | TV Aparecida - AO VIVO - YouTube | https://www.youtube.com/watch?v=4CAmwaFJo6k
[2026-03-13T17:08:56] 487 espectadores | Santuário Nacional AO VIVO - Você em constante Oração na Casa da Mãe - YouTube | https://www.youtube.com/watch?v=juUt-rN5CVo
[2026-03-13T17:09:04] 1942 espectadores | TV Aparecida - AO VIVO - YouTube | https://www.youtube.com/watch?v=4CAmwaFJo6k
[2026-03-13T17:11:55] 498 espectadores | Santuário Nacional AO VIVO - Você em constante Oração na Casa da Mãe - YouTube | https://www.youtube.com/watch?v=juUt-rN5CVo
[2026-03-13T17:12:03] 2000 espectadores | TV Aparecida - AO VIVO - YouTube | https://www.youtube.com/watch?v=4CAmwaFJo6k
[2026-03-13T17:14:54] 489 espectadores | Santuário Nacional AO VIVO - Você em constante Oração na Casa da Mãe - YouTube | https://www.youtube.com/watch?v=juUt-rN5CVo
[2026-03-13T17:15:03] 2080 espectadores | TV Aparecida - AO VIVO - YouTube | https://www.youtube.com/watch?v=4CAmwaFJo6k
[2026-03-13T17:17:53] 494 espectadores | Santuário Nacional AO VIVO - Você em constante Oração na Casa da Mãe - YouTube | https://www.youtube.com/watch?v=juUt-rN5CVo
[2026-03-13T17:17:58] 2132 espectadores | TV Aparecida - AO VIVO - YouTube | https://www.youtube.com/watch?v=4CAmwaFJo6k
[2026-03-13T17:20:53] 513 espectadores | Santuário Nacional AO VIVO - Você em constante Oração na Casa da Mãe - YouTube | https://www.youtube.com/watch?v=juUt-rN5CVo
[2026-03-13T17:21:00] 2164 espectadores | TV Aparecida - AO VIVO - YouTube | https://www.youtube.com/watch?v=4CAmwaFJo6k
[2026-03-13T17:23:54] 520 espectadores | Santuário Nacional AO VIVO - Você em constante Oração na Casa da Mãe - YouTube | https://www.youtube.com/watch?v=juUt-rN5CVo
[2026-03-13T17:24:00] 2224 espectadores | TV Aparecida - AO VIVO - YouTube | https://www.youtube.com/watch?v=4CAmwaFJo6k
[2026-03-13T17:26:52] 535 espectadores | Santuário Nacional AO VIVO - Você em constante Oração na Casa da Mãe - YouTube | https://www.youtube.com/watch?v=juUt-rN5CVo
[2026-03-13T17:26:59] 2318 espectadores | TV Aparecida - AO VIVO - YouTube | https://www.youtube.com/watch?v=4CAmwaFJo6k
[2026-03-13T17:29:53] 576 espectadores | Santuário Nacional AO VIVO - Você em constante Oração na Casa da Mãe - YouTube | https://www.youtube.com/watch?v=juUt-rN5CVo
[2026-03-13T17:29:59] 2389 espectadores | TV Aparecida - AO VIVO - YouTube | https://www.youtube.com/watch?v=4CAmwaFJo6k
[2026-03-13T17:32:53] 595 espectadores | Santuário Nacional AO VIVO - Você em constante Oração na Casa da Mãe - YouTube | https://www.youtube.com/watch?v=juUt-rN5CVo
[2026-03-13T17:32:58] 2467 espectadores | TV Aparecida - AO VIVO - YouTube | https://www.youtube.com/watch?v=4CAmwaFJo6k
[2026-03-13T17:35:53] 627 espectadores | Santuário Nacional AO VIVO - Você em constante Oração na Casa da Mãe - YouTube | https://www.youtube.com/watch?v=juUt-rN5CVo
[2026-03-13T17:35:59] 2651 espectadores | TV Aparecida - AO VIVO - YouTube | https://www.youtube.com/watch?v=4CAmwaFJo6k
[2026-03-13T17:38:52] 663 espectadores | Santuário Nacional AO VIVO - Você em constante Oração na Casa da Mãe - YouTube | https://www.youtube.com/watch?v=juUt-rN5CVo
[2026-03-13T17:38:58] 2828 espectadores | TV Aparecida - AO VIVO - YouTube | https://www.youtube.com/watch?v=4CAmwaFJo6k
[2026-03-13T17:42:32] contador não encontrado | www.youtube.com | https://www.youtube.com/watch?v=juUt-rN5CVo
[2026-03-13T17:42:32] None espectadores | www.youtube.com | https://www.youtube.com/watch?v=juUt-rN5CVo
[2026-03-13T17:42:39] 3158 espectadores | TV Aparecida - AO VIVO - YouTube | https://www.youtube.com/watch?v=4CAmwaFJo6k
[2026-03-13T17:44:53] 772 espectadores | Santuário Nacional AO VIVO - Você em constante Oração na Casa da Mãe - YouTube | https://www.youtube.com/watch?v=juUt-rN5CVo
[2026-03-13T17:45:00] 3362 espectadores | TV Aparecida - AO VIVO - YouTube | https://www.youtube.com/watch?v=4CAmwaFJo6k
[2026-03-13T17:47:53] 871 espectadores | Santuário Nacional AO VIVO - Você em constante Oração na Casa da Mãe - YouTube | https://www.youtube.com/watch?v=juUt-rN5CVo
[2026-03-13T17:47:59] 3794 espectadores | TV Aparecida - AO VIVO - YouTube | https://www.youtube.com/watch?v=4CAmwaFJo6k
[2026-03-13T17:50:52] 1014 espectadores | Santuário Nacional AO VIVO - Você em constante Oração na Casa da Mãe - YouTube | https://www.youtube.com/watch?v=juUt-rN5CVo
[2026-03-13T17:50:59] 4317 espectadores | TV Aparecida - AO VIVO - YouTube | https://www.youtube.com/watch?v=4CAmwaFJo6k
[2026-03-13T17:53:52] 1198 espectadores | Santuário Nacional AO VIVO - Você em constante Oração na Casa da Mãe - YouTube | https://www.youtube.com/watch?v=juUt-rN5CVo
[2026-03-13T17:53:58] 5112 espectadores | TV Aparecida - AO VIVO - YouTube | https://www.youtube.com/watch?v=4CAmwaFJo6k
[2026-03-13T17:56:52] 1513 espectadores | Santuário Nacional AO VIVO - Você em constante Oração na Casa da Mãe - YouTube | https://www.youtube.com/watch?v=juUt-rN5CVo
[2026-03-13T17:56:59] 6137 espectadores | TV Aparecida - AO VIVO - YouTube | https://www.youtube.com/watch?v=4CAmwaFJo6k
[2026-03-13T17:59:52] 2000 espectadores | Santuário Nacional AO VIVO - Você em constante Oração na Casa da Mãe - YouTube | https://www.youtube.com/watch?v=juUt-rN5CVo
[2026-03-13T17:59:58] 7618 espectadores | TV Aparecida - AO VIVO - YouTube | https://www.youtube.com/watch?v=4CAmwaFJo6k
[2026-03-13T18:02:52] 2777 espectadores | Santuário Nacional AO VIVO - Você em constante Oração na Casa da Mãe - YouTube | https://www.youtube.com/watch?v=juUt-rN5CVo
[2026-03-13T18:02:58] 9474 espectadores | TV Aparecida - AO VIVO - YouTube | https://www.youtube.com/watch?v=4CAmwaFJo6k
[2026-03-13T18:05:52] 3361 espectadores | Santuário Nacional AO VIVO - Você em constante Oração na Casa da Mãe - YouTube | https://www.youtube.com/watch?v=juUt-rN5CVo
[2026-03-13T18:05:58] 11032 espectadores | TV Aparecida - AO VIVO - YouTube | https://www.youtube.com/watch?v=4CAmwaFJo6k
[2026-03-13T18:08:52] 3830 espectadores | Santuário Nacional AO VIVO - Você em constante Oração na Casa da Mãe - YouTube | https://www.youtube.com/watch?v=juUt-rN5CVo
[2026-03-13T18:08:58] 12264 espectadores | TV Aparecida - AO VIVO - YouTube | https://www.youtube.com/watch?v=4CAmwaFJo6k
[2026-03-13T18:11:52] 4219 espectadores | Santuário Nacional AO VIVO - Você em constante Oração na Casa da Mãe - YouTube | https://www.youtube.com/watch?v=juUt-rN5CVo
[2026-03-13T18:11:57] 13204 espectadores | TV Aparecida - AO VIVO - YouTube | https://www.youtube.com/watch?v=4CAmwaFJo6k
[2026-03-13T18:14:52] 4554 espectadores | Santuário Nacional AO VIVO - Você em constante Oração na Casa da Mãe - YouTube | https://www.youtube.com/watch?v=juUt-rN5CVo
[2026-03-13T18:14:57] 13985 espectadores | TV Aparecida - AO VIVO - YouTube | https://www.youtube.com/watch?v=4CAmwaFJo6k
[2026-03-13T18:17:52] 4796 espectadores | Santuário Nacional AO VIVO - Você em constante Oração na Casa da Mãe - YouTube | https://www.youtube.com/watch?v=juUt-rN5CVo
[2026-03-13T18:17:59] 14672 espectadores | TV Aparecida - AO VIVO - YouTube | https://www.youtube.com/watch?v=4CAmwaFJo6k
[2026-03-13T18:20:52] 5074 espectadores | Santuário Nacional AO VIVO - Você em constante Oração na Casa da Mãe - YouTube | https://www.youtube.com/watch?v=juUt-rN5CVo
[2026-03-13T18:20:59] 15288 espectadores | TV Aparecida - AO VIVO - YouTube | https://www.youtube.com/watch?v=4CAmwaFJo6k
[2026-03-13T18:26:30] contador não encontrado | www.youtube.com | https://www.youtube.com/watch?v=juUt-rN5CVo
[2026-03-13T18:26:30] None espectadores | www.youtube.com | https://www.youtube.com/watch?v=juUt-rN5CVo
[2026-03-13T18:28:13] contador não encontrado | www.youtube.com | https://www.youtube.com/watch?v=4CAmwaFJo6k
[2026-03-13T18:28:13] None espectadores | www.youtube.com | https://www.youtube.com/watch?v=4CAmwaFJo6k
[2026-03-13T18:31:32] contador não encontrado | www.youtube.com | https://www.youtube.com/watch?v=juUt-rN5CVo
[2026-03-13T18:31:32] None espectadores | www.youtube.com | https://www.youtube.com/watch?v=juUt-rN5CVo
[2026-03-13T18:32:58] contador não encontrado | www.youtube.com | https://www.youtube.com/watch?v=4CAmwaFJo6k
[2026-03-13T18:32:58] None espectadores | www.youtube.com | https://www.youtube.com/watch?v=4CAmwaFJo6k
There was an error managing chromedriver (error sending request for url (https://googlechromelabs.github.io/chrome-for-testing/known-good-versions-with-downloads.json)); using driver found in the cache
Error sending stats to Plausible: error sending request for url (https://plausible.io/api/event)
[2026-03-13T18:42:31] contador não encontrado | www.youtube.com | https://www.youtube.com/watch?v=juUt-rN5CVo
[2026-03-13T18:42:31] None espectadores | www.youtube.com | https://www.youtube.com/watch?v=juUt-rN5CVo
[2026-03-13T18:44:15] contador não encontrado | www.youtube.com | https://www.youtube.com/watch?v=4CAmwaFJo6k
[2026-03-13T18:44:15] None espectadores | www.youtube.com | https://www.youtube.com/watch?v=4CAmwaFJo6k
There was an error managing chromedriver (error sending request for url (https://googlechromelabs.github.io/chrome-for-testing/known-good-versions-with-downloads.json)); using driver found in the cache
[2026-03-13T18:51:31] contador não encontrado | www.youtube.com | https://www.youtube.com/watch?v=juUt-rN5CVo
[2026-03-13T18:51:31] None espectadores | www.youtube.com | https://www.youtube.com/watch?v=juUt-rN5CVo
[2026-03-13T18:53:04] contador não encontrado | www.youtube.com | https://www.youtube.com/watch?v=4CAmwaFJo6k
[2026-03-13T18:53:04] None espectadores | www.youtube.com | https://www.youtube.com/watch?v=4CAmwaFJo6k
There was an error managing chromedriver (error sending request for url (https://googlechromelabs.github.io/chrome-for-testing/known-good-versions-with-downloads.json)); using driver found in the cache
[2026-03-13T19:01:15] contador não encontrado | www.youtube.com | https://www.youtube.com/watch?v=juUt-rN5CVo
[2026-03-13T19:01:15] None espectadores | www.youtube.com | https://www.youtube.com/watch?v=juUt-rN5CVo
[2026-03-13T19:02:58] contador não encontrado | www.youtube.com | https://www.youtube.com/watch?v=4CAmwaFJo6k
[2026-03-13T19:02:58] None espectadores | www.youtube.com | https://www.youtube.com/watch?v=4CAmwaFJo6k
There was an error managing chromedriver (error sending request for url (https://googlechromelabs.github.io/chrome-for-testing/known-good-versions-with-downloads.json)); using driver found in the cache
[2026-03-13T19:12:32] contador não encontrado | www.youtube.com | https://www.youtube.com/watch?v=juUt-rN5CVo
[2026-03-13T19:12:32] None espectadores | www.youtube.com | https://www.youtube.com/watch?v=juUt-rN5CVo
[2026-03-13T19:14:10] contador não encontrado | www.youtube.com | https://www.youtube.com/watch?v=4CAmwaFJo6k
[2026-03-13T19:14:10] None espectadores | www.youtube.com | https://www.youtube.com/watch?v=4CAmwaFJo6k
There was an error managing chromedriver (error sending request for url (https://googlechromelabs.github.io/chrome-for-testing/known-good-versions-with-downloads.json)); using driver found in the cache
[2026-03-13T19:21:22] contador não encontrado | www.youtube.com | https://www.youtube.com/watch?v=juUt-rN5CVo
[2026-03-13T19:21:22] None espectadores | www.youtube.com | https://www.youtube.com/watch?v=juUt-rN5CVo
[2026-03-13T19:23:05] contador não encontrado | www.youtube.com | https://www.youtube.com/watch?v=4CAmwaFJo6k
[2026-03-13T19:23:05] None espectadores | www.youtube.com | https://www.youtube.com/watch?v=4CAmwaFJo6k
There was an error managing chromedriver (error sending request for url (https://googlechromelabs.github.io/chrome-for-testing/known-good-versions-with-downloads.json)); using driver found in the cache
[2026-03-13T19:30:33] contador não encontrado | www.youtube.com | https://www.youtube.com/watch?v=juUt-rN5CVo
[2026-03-13T19:30:33] None espectadores | www.youtube.com | https://www.youtube.com/watch?v=juUt-rN5CVo
[2026-03-13T19:32:07] contador não encontrado | www.youtube.com | https://www.youtube.com/watch?v=4CAmwaFJo6k
[2026-03-13T19:32:07] None espectadores | www.youtube.com | https://www.youtube.com/watch?v=4CAmwaFJo6k
There was an error managing chromedriver (error sending request for url (https://googlechromelabs.github.io/chrome-for-testing/known-good-versions-with-downloads.json)); using driver found in the cache
[2026-03-13T19:39:23] contador não encontrado | www.youtube.com | https://www.youtube.com/watch?v=juUt-rN5CVo
[2026-03-13T19:39:23] None espectadores | www.youtube.com | https://www.youtube.com/watch?v=juUt-rN5CVo
[2026-03-13T19:40:54] contador não encontrado | www.youtube.com | https://www.youtube.com/watch?v=4CAmwaFJo6k
[2026-03-13T19:40:54] None espectadores | www.youtube.com | https://www.youtube.com/watch?v=4CAmwaFJo6k
There was an error managing chromedriver (error sending request for url (https://googlechromelabs.github.io/chrome-for-testing/known-good-versions-with-downloads.json)); using driver found in the cache
Error sending stats to Plausible: error sending request for url (https://plausible.io/api/event)
[2026-03-13T19:48:22] contador não encontrado | www.youtube.com | https://www.youtube.com/watch?v=juUt-rN5CVo
[2026-03-13T19:48:22] None espectadores | www.youtube.com | https://www.youtube.com/watch?v=juUt-rN5CVo
[2026-03-13T19:49:53] contador não encontrado | www.youtube.com | https://www.youtube.com/watch?v=4CAmwaFJo6k
[2026-03-13T19:49:53] None espectadores | www.youtube.com | https://www.youtube.com/watch?v=4CAmwaFJo6k
There was an error managing chromedriver (error sending request for url (https://googlechromelabs.github.io/chrome-for-testing/known-good-versions-with-downloads.json)); using driver found in the cache
[2026-03-13T19:58:31] contador não encontrado | www.youtube.com | https://www.youtube.com/watch?v=juUt-rN5CVo
[2026-03-13T19:58:31] None espectadores | www.youtube.com | https://www.youtube.com/watch?v=juUt-rN5CVo
[2026-03-13T19:59:59] contador não encontrado | www.youtube.com | https://www.youtube.com/watch?v=4CAmwaFJo6k
[2026-03-13T19:59:59] None espectadores | www.youtube.com | https://www.youtube.com/watch?v=4CAmwaFJo6k
There was an error managing chromedriver (error sending request for url (https://googlechromelabs.github.io/chrome-for-testing/known-good-versions-with-downloads.json)); using driver found in the cache
[2026-03-13T20:09:20] contador não encontrado | www.youtube.com | https://www.youtube.com/watch?v=juUt-rN5CVo
[2026-03-13T20:09:20] None espectadores | www.youtube.com | https://www.youtube.com/watch?v=juUt-rN5CVo
[2026-03-13T20:10:47] contador não encontrado | www.youtube.com | https://www.youtube.com/watch?v=4CAmwaFJo6k
[2026-03-13T20:10:47] None espectadores | www.youtube.com | https://www.youtube.com/watch?v=4CAmwaFJo6k
There was an error managing chromedriver (error sending request for url (https://googlechromelabs.github.io/chrome-for-testing/known-good-versions-with-downloads.json)); using driver found in the cache
[2026-03-13T20:18:21] contador não encontrado | www.youtube.com | https://www.youtube.com/watch?v=juUt-rN5CVo
[2026-03-13T20:18:21] None espectadores | www.youtube.com | https://www.youtube.com/watch?v=juUt-rN5CVo
[2026-03-13T20:19:41] contador não encontrado | www.youtube.com | https://www.youtube.com/watch?v=4CAmwaFJo6k
[2026-03-13T20:19:41] None espectadores | www.youtube.com | https://www.youtube.com/watch?v=4CAmwaFJo6k
There was an error managing chromedriver (error sending request for url (https://googlechromelabs.github.io/chrome-for-testing/known-good-versions-with-downloads.json)); using driver found in the cache
[2026-03-13T20:27:20] contador não encontrado | www.youtube.com | https://www.youtube.com/watch?v=juUt-rN5CVo
[2026-03-13T20:27:20] None espectadores | www.youtube.com | https://www.youtube.com/watch?v=juUt-rN5CVo
[2026-03-13T20:28:34] contador não encontrado | www.youtube.com | https://www.youtube.com/watch?v=4CAmwaFJo6k
[2026-03-13T20:28:34] None espectadores | www.youtube.com | https://www.youtube.com/watch?v=4CAmwaFJo6k
There was an error managing chromedriver (error sending request for url (https://googlechromelabs.github.io/chrome-for-testing/known-good-versions-with-downloads.json)); using driver found in the cache
[2026-03-13T20:36:37] contador não encontrado | www.youtube.com | https://www.youtube.com/watch?v=juUt-rN5CVo
[2026-03-13T20:36:37] None espectadores | www.youtube.com | https://www.youtube.com/watch?v=juUt-rN5CVo
[2026-03-13T20:37:52] contador não encontrado | www.youtube.com | https://www.youtube.com/watch?v=4CAmwaFJo6k
[2026-03-13T20:37:52] None espectadores | www.youtube.com | https://www.youtube.com/watch?v=4CAmwaFJo6k
There was an error managing chromedriver (error sending request for url (https://googlechromelabs.github.io/chrome-for-testing/known-good-versions-with-downloads.json)); using driver found in the cache
[2026-03-13T20:45:40] contador não encontrado | www.youtube.com | https://www.youtube.com/watch?v=juUt-rN5CVo
[2026-03-13T20:45:40] None espectadores | www.youtube.com | https://www.youtube.com/watch?v=juUt-rN5CVo
[2026-03-13T20:46:55] contador não encontrado | www.youtube.com | https://www.youtube.com/watch?v=4CAmwaFJo6k
[2026-03-13T20:46:55] None espectadores | www.youtube.com | https://www.youtube.com/watch?v=4CAmwaFJo6k
There was an error managing chromedriver (error sending request for url (https://googlechromelabs.github.io/chrome-for-testing/known-good-versions-with-downloads.json)); using driver found in the cache
Error sending stats to Plausible: error sending request for url (https://plausible.io/api/event)
[2026-03-13T20:54:19] contador não encontrado | www.youtube.com | https://www.youtube.com/watch?v=juUt-rN5CVo
[2026-03-13T20:54:19] None espectadores | www.youtube.com | https://www.youtube.com/watch?v=juUt-rN5CVo
[2026-03-13T20:55:32] contador não encontrado | www.youtube.com | https://www.youtube.com/watch?v=4CAmwaFJo6k
[2026-03-13T20:55:32] None espectadores | www.youtube.com | https://www.youtube.com/watch?v=4CAmwaFJo6k
There was an error managing chromedriver (error sending request for url (https://googlechromelabs.github.io/chrome-for-testing/known-good-versions-with-downloads.json)); using driver found in the cache
[2026-03-13T21:03:33] contador não encontrado | www.youtube.com | https://www.youtube.com/watch?v=juUt-rN5CVo
[2026-03-13T21:03:33] None espectadores | www.youtube.com | https://www.youtube.com/watch?v=juUt-rN5CVo
[2026-03-13T21:04:50] contador não encontrado | www.youtube.com | https://www.youtube.com/watch?v=4CAmwaFJo6k
[2026-03-13T21:04:50] None espectadores | www.youtube.com | https://www.youtube.com/watch?v=4CAmwaFJo6k
There was an error managing chromedriver (error sending request for url (https://googlechromelabs.github.io/chrome-for-testing/known-good-versions-with-downloads.json)); using driver found in the cache
[2026-03-13T21:12:23] contador não encontrado | www.youtube.com | https://www.youtube.com/watch?v=juUt-rN5CVo
[2026-03-13T21:12:23] None espectadores | www.youtube.com | https://www.youtube.com/watch?v=juUt-rN5CVo
[2026-03-13T21:13:55] contador não encontrado | www.youtube.com | https://www.youtube.com/watch?v=4CAmwaFJo6k
[2026-03-13T21:13:55] None espectadores | www.youtube.com | https://www.youtube.com/watch?v=4CAmwaFJo6k
There was an error managing chromedriver (error sending request for url (https://googlechromelabs.github.io/chrome-for-testing/known-good-versions-with-downloads.json)); using driver found in the cache
[2026-03-13T21:21:21] contador não encontrado | www.youtube.com | https://www.youtube.com/watch?v=juUt-rN5CVo
[2026-03-13T21:21:21] None espectadores | www.youtube.com | https://www.youtube.com/watch?v=juUt-rN5CVo
[2026-03-13T21:22:53] contador não encontrado | www.youtube.com | https://www.youtube.com/watch?v=4CAmwaFJo6k
[2026-03-13T21:22:53] None espectadores | www.youtube.com | https://www.youtube.com/watch?v=4CAmwaFJo6k
There was an error managing chromedriver (error sending request for url (https://googlechromelabs.github.io/chrome-for-testing/known-good-versions-with-downloads.json)); using driver found in the cache
[2026-03-13T21:31:00] contador não encontrado | www.youtube.com | https://www.youtube.com/watch?v=juUt-rN5CVo
[2026-03-13T21:31:00] None espectadores | www.youtube.com | https://www.youtube.com/watch?v=juUt-rN5CVo
[2026-03-13T21:32:19] contador não encontrado | www.youtube.com | https://www.youtube.com/watch?v=4CAmwaFJo6k
[2026-03-13T21:32:19] None espectadores | www.youtube.com | https://www.youtube.com/watch?v=4CAmwaFJo6k
There was an error managing chromedriver (error sending request for url (https://googlechromelabs.github.io/chrome-for-testing/known-good-versions-with-downloads.json)); using driver found in the cache
[2026-03-13T21:39:06] contador não encontrado | www.youtube.com | https://www.youtube.com/watch?v=juUt-rN5CVo
[2026-03-13T21:39:06] None espectadores | www.youtube.com | https://www.youtube.com/watch?v=juUt-rN5CVo
[2026-03-13T21:40:20] contador não encontrado | www.youtube.com | https://www.youtube.com/watch?v=4CAmwaFJo6k
[2026-03-13T21:40:20] None espectadores | www.youtube.com | https://www.youtube.com/watch?v=4CAmwaFJo6k
There was an error managing chromedriver (error sending request for url (https://googlechromelabs.github.io/chrome-for-testing/known-good-versions-with-downloads.json)); using driver found in the cache
[2026-03-13T21:48:13] contador não encontrado | www.youtube.com | https://www.youtube.com/watch?v=juUt-rN5CVo
[2026-03-13T21:48:13] None espectadores | www.youtube.com | https://www.youtube.com/watch?v=juUt-rN5CVo
[2026-03-13T21:49:27] contador não encontrado | www.youtube.com | https://www.youtube.com/watch?v=4CAmwaFJo6k
[2026-03-13T21:49:27] None espectadores | www.youtube.com | https://www.youtube.com/watch?v=4CAmwaFJo6k
There was an error managing chromedriver (error sending request for url (https://googlechromelabs.github.io/chrome-for-testing/known-good-versions-with-downloads.json)); using driver found in the cache
Error sending stats to Plausible: error sending request for url (https://plausible.io/api/event)
[2026-03-13T21:57:05] contador não encontrado | www.youtube.com | https://www.youtube.com/watch?v=juUt-rN5CVo
[2026-03-13T21:57:05] None espectadores | www.youtube.com | https://www.youtube.com/watch?v=juUt-rN5CVo
[2026-03-13T21:58:31] contador não encontrado | www.youtube.com | https://www.youtube.com/watch?v=4CAmwaFJo6k
[2026-03-13T21:58:31] None espectadores | www.youtube.com | https://www.youtube.com/watch?v=4CAmwaFJo6k
There was an error managing chromedriver (error sending request for url (https://googlechromelabs.github.io/chrome-for-testing/known-good-versions-with-downloads.json)); using driver found in the cache
[2026-03-13T22:06:16] contador não encontrado | www.youtube.com | https://www.youtube.com/watch?v=juUt-rN5CVo
[2026-03-13T22:06:16] None espectadores | www.youtube.com | https://www.youtube.com/watch?v=juUt-rN5CVo
[2026-03-13T22:07:30] contador não encontrado | www.youtube.com | https://www.youtube.com/watch?v=4CAmwaFJo6k
[2026-03-13T22:07:30] None espectadores | www.youtube.com | https://www.youtube.com/watch?v=4CAmwaFJo6k
There was an error managing chromedriver (error sending request for url (https://googlechromelabs.github.io/chrome-for-testing/known-good-versions-with-downloads.json)); using driver found in the cache
[2026-03-13T22:15:15] contador não encontrado | www.youtube.com | https://www.youtube.com/watch?v=juUt-rN5CVo
[2026-03-13T22:15:15] None espectadores | www.youtube.com | https://www.youtube.com/watch?v=juUt-rN5CVo
[2026-03-13T22:16:37] contador não encontrado | www.youtube.com | https://www.youtube.com/watch?v=4CAmwaFJo6k
[2026-03-13T22:16:37] None espectadores | www.youtube.com | https://www.youtube.com/watch?v=4CAmwaFJo6k
There was an error managing chromedriver (error sending request for url (https://googlechromelabs.github.io/chrome-for-testing/known-good-versions-with-downloads.json)); using driver found in the cache
[2026-03-13T22:24:22] contador não encontrado | www.youtube.com | https://www.youtube.com/watch?v=juUt-rN5CVo
[2026-03-13T22:24:22] None espectadores | www.youtube.com | https://www.youtube.com/watch?v=juUt-rN5CVo
[2026-03-13T22:25:54] contador não encontrado | www.youtube.com | https://www.youtube.com/watch?v=4CAmwaFJo6k
[2026-03-13T22:25:54] None espectadores | www.youtube.com | https://www.youtube.com/watch?v=4CAmwaFJo6k
There was an error managing chromedriver (error sending request for url (https://googlechromelabs.github.io/chrome-for-testing/known-good-versions-with-downloads.json)); using driver found in the cache
[2026-03-13T22:33:09] contador não encontrado | www.youtube.com | https://www.youtube.com/watch?v=juUt-rN5CVo
[2026-03-13T22:33:09] None espectadores | www.youtube.com | https://www.youtube.com/watch?v=juUt-rN5CVo
[2026-03-13T22:34:23] contador não encontrado | www.youtube.com | https://www.youtube.com/watch?v=4CAmwaFJo6k
[2026-03-13T22:34:23] None espectadores | www.youtube.com | https://www.youtube.com/watch?v=4CAmwaFJo6k
There was an error managing chromedriver (error sending request for url (https://googlechromelabs.github.io/chrome-for-testing/known-good-versions-with-downloads.json)); using driver found in the cache
[2026-03-13T22:42:18] contador não encontrado | www.youtube.com | https://www.youtube.com/watch?v=juUt-rN5CVo
[2026-03-13T22:42:18] None espectadores | www.youtube.com | https://www.youtube.com/watch?v=juUt-rN5CVo
[2026-03-13T22:43:31] contador não encontrado | www.youtube.com | https://www.youtube.com/watch?v=4CAmwaFJo6k
[2026-03-13T22:43:31] None espectadores | www.youtube.com | https://www.youtube.com/watch?v=4CAmwaFJo6k
[2026-03-13T22:48:59] 197 espectadores | Santuário Nacional AO VIVO - Você em constante Oração na Casa da Mãe - YouTube | https://www.youtube.com/watch?v=juUt-rN5CVo
[2026-03-13T22:49:05] 721 espectadores | TV Aparecida - AO VIVO - YouTube | https://www.youtube.com/watch?v=4CAmwaFJo6k
[2026-03-13T22:51:11] 195 espectadores | Santuário Nacional AO VIVO - Você em constante Oração na Casa da Mãe - YouTube | https://www.youtube.com/watch?v=juUt-rN5CVo
[2026-03-13T22:51:24] 716 espectadores | TV Aparecida - AO VIVO - YouTube | https://www.youtube.com/watch?v=4CAmwaFJo6k
[2026-03-13T22:54:03] 198 espectadores | Santuário Nacional AO VIVO - Você em constante Oração na Casa da Mãe - YouTube | https://www.youtube.com/watch?v=juUt-rN5CVo
[2026-03-13T22:54:09] 696 espectadores | TV Aparecida - AO VIVO - YouTube | https://www.youtube.com/watch?v=4CAmwaFJo6k
[2026-03-13T22:56:54] 192 espectadores | Santuário Nacional AO VIVO - Você em constante Oração na Casa da Mãe - YouTube | https://www.youtube.com/watch?v=juUt-rN5CVo
[2026-03-13T22:57:00] 671 espectadores | TV Aparecida - AO VIVO - YouTube | https://www.youtube.com/watch?v=4CAmwaFJo6k
[2026-03-13T22:59:54] 201 espectadores | Santuário Nacional AO VIVO - Você em constante Oração na Casa da Mãe - YouTube | https://www.youtube.com/watch?v=juUt-rN5CVo
[2026-03-13T23:00:00] 652 espectadores | TV Aparecida - AO VIVO - YouTube | https://www.youtube.com/watch?v=4CAmwaFJo6k
[2026-03-13T23:02:52] 201 espectadores | Santuário Nacional AO VIVO - Você em constante Oração na Casa da Mãe - YouTube | https://www.youtube.com/watch?v=juUt-rN5CVo
[2026-03-13T23:02:59] 636 espectadores | TV Aparecida - AO VIVO - YouTube | https://www.youtube.com/watch?v=4CAmwaFJo6k
[2026-03-13T23:05:57] 198 espectadores | Santuário Nacional AO VIVO - Você em constante Oração na Casa da Mãe - YouTube | https://www.youtube.com/watch?v=juUt-rN5CVo
[2026-03-13T23:06:04] 619 espectadores | TV Aparecida - AO VIVO - YouTube | https://www.youtube.com/watch?v=4CAmwaFJo6k
[2026-03-13T23:08:54] 190 espectadores | Santuário Nacional AO VIVO - Você em constante Oração na Casa da Mãe - YouTube | https://www.youtube.com/watch?v=juUt-rN5CVo
[2026-03-13T23:09:00] 613 espectadores | TV Aparecida - AO VIVO - YouTube | https://www.youtube.com/watch?v=4CAmwaFJo6k
[2026-03-13T23:11:53] 190 espectadores | Santuário Nacional AO VIVO - Você em constante Oração na Casa da Mãe - YouTube | https://www.youtube.com/watch?v=juUt-rN5CVo
[2026-03-13T23:11:59] 598 espectadores | TV Aparecida - AO VIVO - YouTube | https://www.youtube.com/watch?v=4CAmwaFJo6k
[2026-03-13T23:14:53] 188 espectadores | Santuário Nacional AO VIVO - Você em constante Oração na Casa da Mãe - YouTube | https://www.youtube.com/watch?v=juUt-rN5CVo
[2026-03-13T23:15:00] 582 espectadores | TV Aparecida - AO VIVO - YouTube | https://www.youtube.com/watch?v=4CAmwaFJo6k
[2026-03-13T23:17:54] 186 espectadores | Santuário Nacional AO VIVO - Você em constante Oração na Casa da Mãe - YouTube | https://www.youtube.com/watch?v=juUt-rN5CVo
[2026-03-13T23:18:00] 559 espectadores | TV Aparecida - AO VIVO - YouTube | https://www.youtube.com/watch?v=4CAmwaFJo6k
[2026-03-13T23:20:53] 186 espectadores | Santuário Nacional AO VIVO - Você em constante Oração na Casa da Mãe - YouTube | https://www.youtube.com/watch?v=juUt-rN5CVo
[2026-03-13T23:21:00] 542 espectadores | TV Aparecida - AO VIVO - YouTube | https://www.youtube.com/watch?v=4CAmwaFJo6k
[2026-03-13T23:23:52] 187 espectadores | Santuário Nacional AO VIVO - Você em constante Oração na Casa da Mãe - YouTube | https://www.youtube.com/watch?v=juUt-rN5CVo
[2026-03-13T23:23:58] 532 espectadores | TV Aparecida - AO VIVO - YouTube | https://www.youtube.com/watch?v=4CAmwaFJo6k
[2026-03-13T23:28:38] 189 espectadores | Santuário Nacional AO VIVO - Você em constante Oração na Casa da Mãe - YouTube | https://www.youtube.com/watch?v=juUt-rN5CVo
[2026-03-13T23:28:45] 497 espectadores | TV Aparecida - AO VIVO - YouTube | https://www.youtube.com/watch?v=4CAmwaFJo6k
[2026-03-13T23:29:53] 192 espectadores | Santuário Nacional AO VIVO - Você em constante Oração na Casa da Mãe - YouTube | https://www.youtube.com/watch?v=juUt-rN5CVo
[2026-03-13T23:29:59] 491 espectadores | TV Aparecida - AO VIVO - YouTube | https://www.youtube.com/watch?v=4CAmwaFJo6k
[2026-03-13T23:33:11] 189 espectadores | Santuário Nacional AO VIVO - Você em constante Oração na Casa da Mãe - YouTube | https://www.youtube.com/watch?v=juUt-rN5CVo
[2026-03-13T23:33:18] 486 espectadores | TV Aparecida - AO VIVO - YouTube | https://www.youtube.com/watch?v=4CAmwaFJo6k
[2026-03-13T23:36:19] 188 espectadores | Santuário Nacional AO VIVO - Você em constante Oração na Casa da Mãe - YouTube | https://www.youtube.com/watch?v=juUt-rN5CVo
[2026-03-13T23:36:30] 479 espectadores | TV Aparecida - AO VIVO - YouTube | https://www.youtube.com/watch?v=4CAmwaFJo6k
[2026-03-13T23:39:07] 181 espectadores | Santuário Nacional AO VIVO - Você em constante Oração na Casa da Mãe - YouTube | https://www.youtube.com/watch?v=juUt-rN5CVo
[2026-03-13T23:39:16] 465 espectadores | TV Aparecida - AO VIVO - YouTube | https://www.youtube.com/watch?v=4CAmwaFJo6k
[2026-03-13T23:42:01] 189 espectadores | Santuário Nacional AO VIVO - Você em constante Oração na Casa da Mãe - YouTube | https://www.youtube.com/watch?v=juUt-rN5CVo
[2026-03-13T23:42:07] 461 espectadores | TV Aparecida - AO VIVO - YouTube | https://www.youtube.com/watch?v=4CAmwaFJo6k
[2026-03-13T23:46:05] contador não encontrado | www.youtube.com | https://www.youtube.com/watch?v=juUt-rN5CVo
[2026-03-13T23:46:05] None espectadores | www.youtube.com | https://www.youtube.com/watch?v=juUt-rN5CVo
[2026-03-13T23:49:52] contador não encontrado |  | https://www.youtube.com/watch?v=4CAmwaFJo6k
[2026-03-13T23:49:52] None espectadores |  | https://www.youtube.com/watch?v=4CAmwaFJo6k
There was an error managing chromedriver (error sending request for url (https://googlechromelabs.github.io/chrome-for-testing/known-good-versions-with-downloads.json)); using driver found in the cache
[2026-03-13T23:57:05] contador não encontrado | www.youtube.com | https://www.youtube.com/watch?v=juUt-rN5CVo
[2026-03-13T23:57:05] None espectadores | www.youtube.com | https://www.youtube.com/watch?v=juUt-rN5CVo
[2026-03-13T23:58:23] contador não encontrado | www.youtube.com | https://www.youtube.com/watch?v=4CAmwaFJo6k
[2026-03-13T23:58:23] None espectadores | www.youtube.com | https://www.youtube.com/watch?v=4CAmwaFJo6k
There was an error managing chromedriver (error sending request for url (https://googlechromelabs.github.io/chrome-for-testing/known-good-versions-with-downloads.json)); using driver found in the cache
Error sending stats to Plausible: error sending request for url (https://plausible.io/api/event)
[2026-03-14T00:08:07] contador não encontrado | Santuário Nacional AO VIVO - Você em constante Oração na Casa da Mãe - YouTube | https://www.youtube.com/watch?v=juUt-rN5CVo
[2026-03-14T00:08:07] None espectadores | Santuário Nacional AO VIVO - Você em constante Oração na Casa da Mãe - YouTube | https://www.youtube.com/watch?v=juUt-rN5CVo
[2026-03-14T00:08:14] 410 espectadores | TV Aparecida - AO VIVO - YouTube | https://www.youtube.com/watch?v=4CAmwaFJo6k
[2026-03-14T00:08:56] 185 espectadores | Santuário Nacional AO VIVO - Você em constante Oração na Casa da Mãe - YouTube | https://www.youtube.com/watch?v=juUt-rN5CVo
[2026-03-14T00:09:02] 412 espectadores | TV Aparecida - AO VIVO - YouTube | https://www.youtube.com/watch?v=4CAmwaFJo6k
[2026-03-14T00:11:54] 183 espectadores | Santuário Nacional AO VIVO - Você em constante Oração na Casa da Mãe - YouTube | https://www.youtube.com/watch?v=juUt-rN5CVo
[2026-03-14T00:12:00] 410 espectadores | TV Aparecida - AO VIVO - YouTube | https://www.youtube.com/watch?v=4CAmwaFJo6k
[2026-03-14T00:14:56] 186 espectadores | Santuário Nacional AO VIVO - Você em constante Oração na Casa da Mãe - YouTube | https://www.youtube.com/watch?v=juUt-rN5CVo
[2026-03-14T00:15:02] 404 espectadores | TV Aparecida - AO VIVO - YouTube | https://www.youtube.com/watch?v=4CAmwaFJo6k
[2026-03-14T00:17:57] 181 espectadores | Santuário Nacional AO VIVO - Você em constante Oração na Casa da Mãe - YouTube | https://www.youtube.com/watch?v=juUt-rN5CVo
[2026-03-14T00:18:06] 404 espectadores | TV Aparecida - AO VIVO - YouTube | https://www.youtube.com/watch?v=4CAmwaFJo6k
[2026-03-14T00:20:57] 178 espectadores | Santuário Nacional AO VIVO - Você em constante Oração na Casa da Mãe - YouTube | https://www.youtube.com/watch?v=juUt-rN5CVo
[2026-03-14T00:21:04] 396 espectadores | TV Aparecida - AO VIVO - YouTube | https://www.youtube.com/watch?v=4CAmwaFJo6k
[2026-03-14T00:23:58] 173 espectadores | Santuário Nacional AO VIVO - Você em constante Oração na Casa da Mãe - YouTube | https://www.youtube.com/watch?v=juUt-rN5CVo
[2026-03-14T00:24:04] 392 espectadores | TV Aparecida - AO VIVO - YouTube | https://www.youtube.com/watch?v=4CAmwaFJo6k
[2026-03-14T00:26:55] 171 espectadores | Santuário Nacional AO VIVO - Você em constante Oração na Casa da Mãe - YouTube | https://www.youtube.com/watch?v=juUt-rN5CVo
[2026-03-14T00:27:02] 385 espectadores | TV Aparecida - AO VIVO - YouTube | https://www.youtube.com/watch?v=4CAmwaFJo6k
[2026-03-14T00:29:53] 177 espectadores | Santuário Nacional AO VIVO - Você em constante Oração na Casa da Mãe - YouTube | https://www.youtube.com/watch?v=juUt-rN5CVo
[2026-03-14T00:29:59] 338 espectadores | TV Aparecida - AO VIVO - YouTube | https://www.youtube.com/watch?v=4CAmwaFJo6k
[2026-03-14T00:32:54] 177 espectadores | Santuário Nacional AO VIVO - Você em constante Oração na Casa da Mãe - YouTube | https://www.youtube.com/watch?v=juUt-rN5CVo
[2026-03-14T00:33:01] 326 espectadores | TV Aparecida - AO VIVO - YouTube | https://www.youtube.com/watch?v=4CAmwaFJo6k
[2026-03-14T00:35:54] 170 espectadores | Santuário Nacional AO VIVO - Você em constante Oração na Casa da Mãe - YouTube | https://www.youtube.com/watch?v=juUt-rN5CVo
[2026-03-14T00:36:01] 316 espectadores | TV Aparecida - AO VIVO - YouTube | https://www.youtube.com/watch?v=4CAmwaFJo6k
[2026-03-14T00:38:54] 169 espectadores | Santuário Nacional AO VIVO - Você em constante Oração na Casa da Mãe - YouTube | https://www.youtube.com/watch?v=juUt-rN5CVo
[2026-03-14T00:39:00] 310 espectadores | TV Aparecida - AO VIVO - YouTube | https://www.youtube.com/watch?v=4CAmwaFJo6k
[2026-03-14T00:41:52] 171 espectadores | Santuário Nacional AO VIVO - Você em constante Oração na Casa da Mãe - YouTube | https://www.youtube.com/watch?v=juUt-rN5CVo
[2026-03-14T00:42:00] 307 espectadores | TV Aparecida - AO VIVO - YouTube | https://www.youtube.com/watch?v=4CAmwaFJo6k
[2026-03-14T00:44:53] 174 espectadores | Santuário Nacional AO VIVO - Você em constante Oração na Casa da Mãe - YouTube | https://www.youtube.com/watch?v=juUt-rN5CVo
[2026-03-14T00:45:00] 296 espectadores | TV Aparecida - AO VIVO - YouTube | https://www.youtube.com/watch?v=4CAmwaFJo6k
[2026-03-14T00:48:35] 175 espectadores | Santuário Nacional AO VIVO - Você em constante Oração na Casa da Mãe - YouTube | https://www.youtube.com/watch?v=juUt-rN5CVo
[2026-03-14T00:48:42] 288 espectadores | TV Aparecida - AO VIVO - YouTube | https://www.youtube.com/watch?v=4CAmwaFJo6k
[2026-03-14T00:50:53] 168 espectadores | Santuário Nacional AO VIVO - Você em constante Oração na Casa da Mãe - YouTube | https://www.youtube.com/watch?v=juUt-rN5CVo
[2026-03-14T00:51:00] 289 espectadores | TV Aparecida - AO VIVO - YouTube | https://www.youtube.com/watch?v=4CAmwaFJo6k
[2026-03-14T00:53:57] 173 espectadores | Santuário Nacional AO VIVO - Você em constante Oração na Casa da Mãe - YouTube | https://www.youtube.com/watch?v=juUt-rN5CVo
[2026-03-14T00:54:03] 281 espectadores | TV Aparecida - AO VIVO - YouTube | https://www.youtube.com/watch?v=4CAmwaFJo6k
[2026-03-14T00:56:57] 174 espectadores | Santuário Nacional AO VIVO - Você em constante Oração na Casa da Mãe - YouTube | https://www.youtube.com/watch?v=juUt-rN5CVo
[2026-03-14T00:57:02] 276 espectadores | TV Aparecida - AO VIVO - YouTube | https://www.youtube.com/watch?v=4CAmwaFJo6k
[2026-03-14T00:59:53] 174 espectadores | Santuário Nacional AO VIVO - Você em constante Oração na Casa da Mãe - YouTube | https://www.youtube.com/watch?v=juUt-rN5CVo
[2026-03-14T00:59:59] 272 espectadores | TV Aparecida - AO VIVO - YouTube | https://www.youtube.com/watch?v=4CAmwaFJo6k
[2026-03-14T01:00:05] [daily-email] Envio OK para equipe.desenvolvimento@a12.com
[2026-03-14T01:00:05] [backup] Gerado: C:\logs\__daily_snapshot_2026-03-14_dados_live.csv
[2026-03-14T01:00:05] [daily-email] CSV limpo após envio.
[2026-03-14T08:24:07] 1008 espectadores | Santuário Nacional AO VIVO - Você em constante Oração na Casa da Mãe - YouTube | https://www.youtube.com/watch?v=juUt-rN5CVo
[2026-03-14T08:24:15] 4206 espectadores | TV Aparecida - AO VIVO - YouTube | https://www.youtube.com/watch?v=4CAmwaFJo6k
[2026-03-14T08:26:52] 1024 espectadores | Santuário Nacional AO VIVO - Você em constante Oração na Casa da Mãe - YouTube | https://www.youtube.com/watch?v=juUt-rN5CVo
[2026-03-14T08:27:02] 4305 espectadores | TV Aparecida - AO VIVO - YouTube | https://www.youtube.com/watch?v=4CAmwaFJo6k
[2026-03-14T08:29:53] 1055 espectadores | Santuário Nacional AO VIVO - Você em constante Oração na Casa da Mãe - YouTube | https://www.youtube.com/watch?v=juUt-rN5CVo
[2026-03-14T08:30:02] 4365 espectadores | TV Aparecida - AO VIVO - YouTube | https://www.youtube.com/watch?v=4CAmwaFJo6k
[2026-03-14T08:32:53] 1090 espectadores | Santuário Nacional AO VIVO - Você em constante Oração na Casa da Mãe - YouTube | https://www.youtube.com/watch?v=juUt-rN5CVo
[2026-03-14T08:33:02] 4465 espectadores | TV Aparecida - AO VIVO - YouTube | https://www.youtube.com/watch?v=4CAmwaFJo6k
[2026-03-14T08:35:52] 1125 espectadores | Santuário Nacional AO VIVO - Você em constante Oração na Casa da Mãe - YouTube | https://www.youtube.com/watch?v=juUt-rN5CVo
[2026-03-14T08:36:01] 4580 espectadores | TV Aparecida - AO VIVO - YouTube | https://www.youtube.com/watch?v=4CAmwaFJo6k
[2026-03-14T08:38:54] 1177 espectadores | Santuário Nacional AO VIVO - Você em constante Oração na Casa da Mãe - YouTube | https://www.youtube.com/watch?v=juUt-rN5CVo
[2026-03-14T08:39:02] 4710 espectadores | TV Aparecida - AO VIVO - YouTube | https://www.youtube.com/watch?v=4CAmwaFJo6k
[2026-03-14T08:41:53] 1249 espectadores | Santuário Nacional AO VIVO - Você em constante Oração na Casa da Mãe - YouTube | https://www.youtube.com/watch?v=juUt-rN5CVo
[2026-03-14T08:42:02] 4826 espectadores | TV Aparecida - AO VIVO - YouTube | https://www.youtube.com/watch?v=4CAmwaFJo6k
[2026-03-14T08:44:54] 1348 espectadores | Santuário Nacional AO VIVO - Você em constante Oração na Casa da Mãe - YouTube | https://www.youtube.com/watch?v=juUt-rN5CVo
[2026-03-14T08:45:03] 5012 espectadores | TV Aparecida - AO VIVO - YouTube | https://www.youtube.com/watch?v=4CAmwaFJo6k
[2026-03-14T08:47:51] 1452 espectadores | Santuário Nacional AO VIVO - Você em constante Oração na Casa da Mãe - YouTube | https://www.youtube.com/watch?v=juUt-rN5CVo
[2026-03-14T08:48:00] 4798 espectadores | TV Aparecida - AO VIVO - YouTube | https://www.youtube.com/watch?v=4CAmwaFJo6k
[2026-03-14T08:50:51] 1562 espectadores | Santuário Nacional AO VIVO - Você em constante Oração na Casa da Mãe - YouTube | https://www.youtube.com/watch?v=juUt-rN5CVo
[2026-03-14T08:51:00] 4982 espectadores | TV Aparecida - AO VIVO - YouTube | https://www.youtube.com/watch?v=4CAmwaFJo6k
[2026-03-14T08:53:52] 1704 espectadores | Santuário Nacional AO VIVO - Você em constante Oração na Casa da Mãe - YouTube | https://www.youtube.com/watch?v=juUt-rN5CVo
[2026-03-14T08:54:00] 5371 espectadores | TV Aparecida - AO VIVO - YouTube | https://www.youtube.com/watch?v=4CAmwaFJo6k
[2026-03-14T08:56:55] 1999 espectadores | Santuário Nacional AO VIVO - Você em constante Oração na Casa da Mãe - YouTube | https://www.youtube.com/watch?v=juUt-rN5CVo
[2026-03-14T08:57:04] 5778 espectadores | TV Aparecida - AO VIVO - YouTube | https://www.youtube.com/watch?v=4CAmwaFJo6k
[2026-03-14T08:59:55] 2420 espectadores | Santuário Nacional AO VIVO - Você em constante Oração na Casa da Mãe - YouTube | https://www.youtube.com/watch?v=juUt-rN5CVo
[2026-03-14T09:00:04] 6414 espectadores | TV Aparecida - AO VIVO - YouTube | https://www.youtube.com/watch?v=4CAmwaFJo6k
[2026-03-14T09:02:52] 3080 espectadores | Santuário Nacional AO VIVO - Você em constante Oração na Casa da Mãe - YouTube | https://www.youtube.com/watch?v=juUt-rN5CVo
[2026-03-14T09:03:01] 7432 espectadores | TV Aparecida - AO VIVO - YouTube | https://www.youtube.com/watch?v=4CAmwaFJo6k
[2026-03-14T09:05:54] 3706 espectadores | Santuário Nacional AO VIVO - Você em constante Oração na Casa da Mãe - YouTube | https://www.youtube.com/watch?v=juUt-rN5CVo
[2026-03-14T09:06:03] 8168 espectadores | TV Aparecida - AO VIVO - YouTube | https://www.youtube.com/watch?v=4CAmwaFJo6k
[2026-03-14T09:08:52] 4152 espectadores | Santuário Nacional AO VIVO - Você em constante Oração na Casa da Mãe - YouTube | https://www.youtube.com/watch?v=juUt-rN5CVo
[2026-03-14T09:09:00] 8771 espectadores | TV Aparecida - AO VIVO - YouTube | https://www.youtube.com/watch?v=4CAmwaFJo6k
[2026-03-14T09:11:54] 4492 espectadores | Santuário Nacional AO VIVO - Você em constante Oração na Casa da Mãe - YouTube | https://www.youtube.com/watch?v=juUt-rN5CVo
[2026-03-14T09:12:03] 9238 espectadores | TV Aparecida - AO VIVO - YouTube | https://www.youtube.com/watch?v=4CAmwaFJo6k
[2026-03-14T09:14:51] 4814 espectadores | Santuário Nacional AO VIVO - Você em constante Oração na Casa da Mãe - YouTube | https://www.youtube.com/watch?v=juUt-rN5CVo
[2026-03-14T09:15:00] 9575 espectadores | TV Aparecida - AO VIVO - YouTube | https://www.youtube.com/watch?v=4CAmwaFJo6k
[2026-03-14T09:17:52] 5012 espectadores | Santuário Nacional AO VIVO - Você em constante Oração na Casa da Mãe - YouTube | https://www.youtube.com/watch?v=juUt-rN5CVo
[2026-03-14T09:18:00] 9796 espectadores | TV Aparecida - AO VIVO - YouTube | https://www.youtube.com/watch?v=4CAmwaFJo6k
[2026-03-14T09:20:55] 5223 espectadores | Santuário Nacional AO VIVO - Você em constante Oração na Casa da Mãe - YouTube | https://www.youtube.com/watch?v=juUt-rN5CVo
[2026-03-14T09:21:03] 10023 espectadores | TV Aparecida - AO VIVO - YouTube | https://www.youtube.com/watch?v=4CAmwaFJo6k
[2026-03-14T09:23:55] 5398 espectadores | Santuário Nacional AO VIVO - Você em constante Oração na Casa da Mãe - YouTube | https://www.youtube.com/watch?v=juUt-rN5CVo
[2026-03-14T09:24:04] 10191 espectadores | TV Aparecida - AO VIVO - YouTube | https://www.youtube.com/watch?v=4CAmwaFJo6k
[2026-03-14T09:26:55] 5555 espectadores | Santuário Nacional AO VIVO - Você em constante Oração na Casa da Mãe - YouTube | https://www.youtube.com/watch?v=juUt-rN5CVo
[2026-03-14T09:27:03] 10348 espectadores | TV Aparecida - AO VIVO - YouTube | https://www.youtube.com/watch?v=4CAmwaFJo6k
[2026-03-14T09:29:55] 5665 espectadores | Santuário Nacional AO VIVO - Você em constante Oração na Casa da Mãe - YouTube | https://www.youtube.com/watch?v=juUt-rN5CVo
[2026-03-14T09:30:03] 10445 espectadores | TV Aparecida - AO VIVO - YouTube | https://www.youtube.com/watch?v=4CAmwaFJo6k
[2026-03-14T09:32:53] 5732 espectadores | Santuário Nacional AO VIVO - Você em constante Oração na Casa da Mãe - YouTube | https://www.youtube.com/watch?v=juUt-rN5CVo
[2026-03-14T09:33:02] 10599 espectadores | TV Aparecida - AO VIVO - YouTube | https://www.youtube.com/watch?v=4CAmwaFJo6k
[2026-03-14T09:35:56] 5804 espectadores | Santuário Nacional AO VIVO - Você em constante Oração na Casa da Mãe - YouTube | https://www.youtube.com/watch?v=juUt-rN5CVo
[2026-03-14T09:36:05] 10682 espectadores | TV Aparecida - AO VIVO - YouTube | https://www.youtube.com/watch?v=4CAmwaFJo6k
[2026-03-14T09:38:55] 5866 espectadores | Santuário Nacional AO VIVO - Você em constante Oração na Casa da Mãe - YouTube | https://www.youtube.com/watch?v=juUt-rN5CVo
[2026-03-14T09:39:04] 10707 espectadores | TV Aparecida - AO VIVO - YouTube | https://www.youtube.com/watch?v=4CAmwaFJo6k
[2026-03-14T09:41:56] 5861 espectadores | Santuário Nacional AO VIVO - Você em constante Oração na Casa da Mãe - YouTube | https://www.youtube.com/watch?v=juUt-rN5CVo
[2026-03-14T09:42:04] 10739 espectadores | TV Aparecida - AO VIVO - YouTube | https://www.youtube.com/watch?v=4CAmwaFJo6k
[2026-03-14T09:44:57] 5831 espectadores | Santuário Nacional AO VIVO - Você em constante Oração na Casa da Mãe - YouTube | https://www.youtube.com/watch?v=juUt-rN5CVo
[2026-03-14T09:45:06] 10802 espectadores | TV Aparecida - AO VIVO - YouTube | https://www.youtube.com/watch?v=4CAmwaFJo6k
[2026-03-14T09:47:58] 5879 espectadores | Santuário Nacional AO VIVO - Você em constante Oração na Casa da Mãe - YouTube | https://www.youtube.com/watch?v=juUt-rN5CVo
[2026-03-14T09:48:07] 10847 espectadores | TV Aparecida - AO VIVO - YouTube | https://www.youtube.com/watch?v=4CAmwaFJo6k
[2026-03-14T09:50:59] 5846 espectadores | Santuário Nacional AO VIVO - Você em constante Oração na Casa da Mãe - YouTube | https://www.youtube.com/watch?v=juUt-rN5CVo
[2026-03-14T09:51:07] 10856 espectadores | TV Aparecida - AO VIVO - YouTube | https://www.youtube.com/watch?v=4CAmwaFJo6k
[2026-03-14T09:53:57] 5866 espectadores | Santuário Nacional AO VIVO - Você em constante Oração na Casa da Mãe - YouTube | https://www.youtube.com/watch?v=juUt-rN5CVo
[2026-03-14T09:54:06] 10883 espectadores | TV Aparecida - AO VIVO - YouTube | https://www.youtube.com/watch?v=4CAmwaFJo6k
[2026-03-14T09:56:59] 5818 espectadores | Santuário Nacional AO VIVO - Você em constante Oração na Casa da Mãe - YouTube | https://www.youtube.com/watch?v=juUt-rN5CVo
[2026-03-14T09:57:09] 10847 espectadores | TV Aparecida - AO VIVO - YouTube | https://www.youtube.com/watch?v=4CAmwaFJo6k
[2026-03-14T09:59:57] 5755 espectadores | Santuário Nacional AO VIVO - Você em constante Oração na Casa da Mãe - YouTube | https://www.youtube.com/watch?v=juUt-rN5CVo
[2026-03-14T10:00:06] 10824 espectadores | TV Aparecida - AO VIVO - YouTube | https://www.youtube.com/watch?v=4CAmwaFJo6k
[2026-03-14T10:02:58] 5706 espectadores | Santuário Nacional AO VIVO - Você em constante Oração na Casa da Mãe - YouTube | https://www.youtube.com/watch?v=juUt-rN5CVo
[2026-03-14T10:03:07] 10803 espectadores | TV Aparecida - AO VIVO - YouTube | https://www.youtube.com/watch?v=4CAmwaFJo6k
[2026-03-14T10:05:58] 5660 espectadores | Santuário Nacional AO VIVO - Você em constante Oração na Casa da Mãe - YouTube | https://www.youtube.com/watch?v=juUt-rN5CVo
[2026-03-14T10:06:08] 10763 espectadores | TV Aparecida - AO VIVO - YouTube | https://www.youtube.com/watch?v=4CAmwaFJo6k
[2026-03-14T10:09:00] 5479 espectadores | Santuário Nacional AO VIVO - Você em constante Oração na Casa da Mãe - YouTube | https://www.youtube.com/watch?v=juUt-rN5CVo
[2026-03-14T10:09:09] 10547 espectadores | TV Aparecida - AO VIVO - YouTube | https://www.youtube.com/watch?v=4CAmwaFJo6k
[2026-03-14T10:11:58] 4761 espectadores | Santuário Nacional AO VIVO - Você em constante Oração na Casa da Mãe - YouTube | https://www.youtube.com/watch?v=juUt-rN5CVo
[2026-03-14T10:12:07] 9429 espectadores | TV Aparecida - AO VIVO - YouTube | https://www.youtube.com/watch?v=4CAmwaFJo6k
[2026-03-14T10:14:57] 3012 espectadores | Santuário Nacional AO VIVO - Você em constante Oração na Casa da Mãe - YouTube | https://www.youtube.com/watch?v=juUt-rN5CVo
[2026-03-14T10:15:06] 6754 espectadores | TV Aparecida - AO VIVO - YouTube | https://www.youtube.com/watch?v=4CAmwaFJo6k
[2026-03-14T10:17:59] 2559 espectadores | Santuário Nacional AO VIVO - Você em constante Oração na Casa da Mãe - YouTube | https://www.youtube.com/watch?v=juUt-rN5CVo
[2026-03-14T10:18:08] 6002 espectadores | TV Aparecida - AO VIVO - YouTube | https://www.youtube.com/watch?v=4CAmwaFJo6k
[2026-03-14T10:21:00] 2234 espectadores | Santuário Nacional AO VIVO - Você em constante Oração na Casa da Mãe - YouTube | https://www.youtube.com/watch?v=juUt-rN5CVo
[2026-03-14T10:21:09] 5573 espectadores | TV Aparecida - AO VIVO - YouTube | https://www.youtube.com/watch?v=4CAmwaFJo6k
[2026-03-14T10:23:58] 2057 espectadores | Santuário Nacional AO VIVO - Você em constante Oração na Casa da Mãe - YouTube | https://www.youtube.com/watch?v=juUt-rN5CVo
[2026-03-14T10:24:07] 5334 espectadores | TV Aparecida - AO VIVO - YouTube | https://www.youtube.com/watch?v=4CAmwaFJo6k
[2026-03-14T10:26:57] 1903 espectadores | Santuário Nacional AO VIVO - Você em constante Oração na Casa da Mãe - YouTube | https://www.youtube.com/watch?v=juUt-rN5CVo
[2026-03-14T10:27:05] 5158 espectadores | TV Aparecida - AO VIVO - YouTube | https://www.youtube.com/watch?v=4CAmwaFJo6k
[2026-03-14T10:30:00] 1767 espectadores | Santuário Nacional AO VIVO - Você em constante Oração na Casa da Mãe - YouTube | https://www.youtube.com/watch?v=juUt-rN5CVo
[2026-03-14T10:30:09] 5033 espectadores | TV Aparecida - AO VIVO - YouTube | https://www.youtube.com/watch?v=4CAmwaFJo6k
[2026-03-14T10:32:58] 1661 espectadores | Santuário Nacional AO VIVO - Você em constante Oração na Casa da Mãe - YouTube | https://www.youtube.com/watch?v=juUt-rN5CVo
[2026-03-14T10:33:07] 4950 espectadores | TV Aparecida - AO VIVO - YouTube | https://www.youtube.com/watch?v=4CAmwaFJo6k
[2026-03-14T10:35:59] 1557 espectadores | Santuário Nacional AO VIVO - Você em constante Oração na Casa da Mãe - YouTube | https://www.youtube.com/watch?v=juUt-rN5CVo
[2026-03-14T10:36:07] 4828 espectadores | TV Aparecida - AO VIVO - YouTube | https://www.youtube.com/watch?v=4CAmwaFJo6k
[2026-03-14T10:38:58] 1477 espectadores | Santuário Nacional AO VIVO - Você em constante Oração na Casa da Mãe - YouTube | https://www.youtube.com/watch?v=juUt-rN5CVo
[2026-03-14T10:39:07] 4753 espectadores | TV Aparecida - AO VIVO - YouTube | https://www.youtube.com/watch?v=4CAmwaFJo6k
[2026-03-14T10:42:04] 1392 espectadores | Santuário Nacional AO VIVO - Você em constante Oração na Casa da Mãe - YouTube | https://www.youtube.com/watch?v=juUt-rN5CVo
[2026-03-14T10:42:13] 4618 espectadores | TV Aparecida - AO VIVO - YouTube | https://www.youtube.com/watch?v=4CAmwaFJo6k
[2026-03-14T10:44:58] 1319 espectadores | Santuário Nacional AO VIVO - Você em constante Oração na Casa da Mãe - YouTube | https://www.youtube.com/watch?v=juUt-rN5CVo
[2026-03-14T10:45:07] 4554 espectadores | TV Aparecida - AO VIVO - YouTube | https://www.youtube.com/watch?v=4CAmwaFJo6k
[2026-03-14T10:47:58] 1280 espectadores | Santuário Nacional AO VIVO - Você em constante Oração na Casa da Mãe - YouTube | https://www.youtube.com/watch?v=juUt-rN5CVo
[2026-03-14T10:48:07] 4465 espectadores | TV Aparecida - AO VIVO - YouTube | https://www.youtube.com/watch?v=4CAmwaFJo6k
[2026-03-14T10:50:59] 1225 espectadores | Santuário Nacional AO VIVO - Você em constante Oração na Casa da Mãe - YouTube | https://www.youtube.com/watch?v=juUt-rN5CVo
[2026-03-14T10:51:08] 4338 espectadores | TV Aparecida - AO VIVO - YouTube | https://www.youtube.com/watch?v=4CAmwaFJo6k
[2026-03-14T10:53:56] 1202 espectadores | Santuário Nacional AO VIVO - Você em constante Oração na Casa da Mãe - YouTube | https://www.youtube.com/watch?v=juUt-rN5CVo
[2026-03-14T10:54:05] 4231 espectadores | TV Aparecida - AO VIVO - YouTube | https://www.youtube.com/watch?v=4CAmwaFJo6k
[2026-03-14T10:56:54] 1140 espectadores | Santuário Nacional AO VIVO - Você em constante Oração na Casa da Mãe - YouTube | https://www.youtube.com/watch?v=juUt-rN5CVo
[2026-03-14T10:57:03] 4152 espectadores | TV Aparecida - AO VIVO - YouTube | https://www.youtube.com/watch?v=4CAmwaFJo6k
[2026-03-14T10:59:55] 1121 espectadores | Santuário Nacional AO VIVO - Você em constante Oração na Casa da Mãe - YouTube | https://www.youtube.com/watch?v=juUt-rN5CVo
[2026-03-14T11:00:04] 4135 espectadores | TV Aparecida - AO VIVO - YouTube | https://www.youtube.com/watch?v=4CAmwaFJo6k
[2026-03-14T11:02:53] 1094 espectadores | Santuário Nacional AO VIVO - Você em constante Oração na Casa da Mãe - YouTube | https://www.youtube.com/watch?v=juUt-rN5CVo
[2026-03-14T11:03:01] 4073 espectadores | TV Aparecida - AO VIVO - YouTube | https://www.youtube.com/watch?v=4CAmwaFJo6k
[2026-03-14T11:05:52] 1056 espectadores | Santuário Nacional AO VIVO - Você em constante Oração na Casa da Mãe - YouTube | https://www.youtube.com/watch?v=juUt-rN5CVo
[2026-03-14T11:06:01] 4031 espectadores | TV Aparecida - AO VIVO - YouTube | https://www.youtube.com/watch?v=4CAmwaFJo6k
[2026-03-14T11:08:53] 1033 espectadores | Santuário Nacional AO VIVO - Você em constante Oração na Casa da Mãe - YouTube | https://www.youtube.com/watch?v=juUt-rN5CVo
[2026-03-14T11:09:02] 4003 espectadores | TV Aparecida - AO VIVO - YouTube | https://www.youtube.com/watch?v=4CAmwaFJo6k
[2026-03-14T11:11:56] 1026 espectadores | Santuário Nacional AO VIVO - Você em constante Oração na Casa da Mãe - YouTube | https://www.youtube.com/watch?v=juUt-rN5CVo
[2026-03-14T11:12:04] 4010 espectadores | TV Aparecida - AO VIVO - YouTube | https://www.youtube.com/watch?v=4CAmwaFJo6k
[2026-03-14T11:14:52] 988 espectadores | Santuário Nacional AO VIVO - Você em constante Oração na Casa da Mãe - YouTube | https://www.youtube.com/watch?v=juUt-rN5CVo
[2026-03-14T11:15:01] 3971 espectadores | TV Aparecida - AO VIVO - YouTube | https://www.youtube.com/watch?v=4CAmwaFJo6k
[2026-03-14T11:17:54] 947 espectadores | Santuário Nacional AO VIVO - Você em constante Oração na Casa da Mãe - YouTube | https://www.youtube.com/watch?v=juUt-rN5CVo
[2026-03-14T11:18:02] 3856 espectadores | TV Aparecida - AO VIVO - YouTube | https://www.youtube.com/watch?v=4CAmwaFJo6k
[2026-03-14T11:20:52] 936 espectadores | Santuário Nacional AO VIVO - Você em constante Oração na Casa da Mãe - YouTube | https://www.youtube.com/watch?v=juUt-rN5CVo
[2026-03-14T11:21:01] 3826 espectadores | TV Aparecida - AO VIVO - YouTube | https://www.youtube.com/watch?v=4CAmwaFJo6k
[2026-03-14T11:23:53] 932 espectadores | Santuário Nacional AO VIVO - Você em constante Oração na Casa da Mãe - YouTube | https://www.youtube.com/watch?v=juUt-rN5CVo
[2026-03-14T11:24:02] 3822 espectadores | TV Aparecida - AO VIVO - YouTube | https://www.youtube.com/watch?v=4CAmwaFJo6k
[2026-03-14T11:26:55] 911 espectadores | Santuário Nacional AO VIVO - Você em constante Oração na Casa da Mãe - YouTube | https://www.youtube.com/watch?v=juUt-rN5CVo
[2026-03-14T11:27:03] 3807 espectadores | TV Aparecida - AO VIVO - YouTube | https://www.youtube.com/watch?v=4CAmwaFJo6k
[2026-03-14T11:29:53] 908 espectadores | Santuário Nacional AO VIVO - Você em constante Oração na Casa da Mãe - YouTube | https://www.youtube.com/watch?v=juUt-rN5CVo
[2026-03-14T11:30:02] 3782 espectadores | TV Aparecida - AO VIVO - YouTube | https://www.youtube.com/watch?v=4CAmwaFJo6k
[2026-03-14T11:32:54] 893 espectadores | Santuário Nacional AO VIVO - Você em constante Oração na Casa da Mãe - YouTube | https://www.youtube.com/watch?v=juUt-rN5CVo
[2026-03-14T11:33:03] 3722 espectadores | TV Aparecida - AO VIVO - YouTube | https://www.youtube.com/watch?v=4CAmwaFJo6k
[2026-03-14T11:35:52] 913 espectadores | Santuário Nacional AO VIVO - Você em constante Oração na Casa da Mãe - YouTube | https://www.youtube.com/watch?v=juUt-rN5CVo
[2026-03-14T11:36:01] 3705 espectadores | TV Aparecida - AO VIVO - YouTube | https://www.youtube.com/watch?v=4CAmwaFJo6k
[2026-03-14T11:38:53] 906 espectadores | Santuário Nacional AO VIVO - Você em constante Oração na Casa da Mãe - YouTube | https://www.youtube.com/watch?v=juUt-rN5CVo
[2026-03-14T11:39:01] 3716 espectadores | TV Aparecida - AO VIVO - YouTube | https://www.youtube.com/watch?v=4CAmwaFJo6k
[2026-03-14T11:41:53] 903 espectadores | Santuário Nacional AO VIVO - Você em constante Oração na Casa da Mãe - YouTube | https://www.youtube.com/watch?v=juUt-rN5CVo
[2026-03-14T11:42:01] 3726 espectadores | TV Aparecida - AO VIVO - YouTube | https://www.youtube.com/watch?v=4CAmwaFJo6k
[2026-03-14T11:44:52] 920 espectadores | Santuário Nacional AO VIVO - Você em constante Oração na Casa da Mãe - YouTube | https://www.youtube.com/watch?v=juUt-rN5CVo
[2026-03-14T11:45:00] 3679 espectadores | TV Aparecida - AO VIVO - YouTube | https://www.youtube.com/watch?v=4CAmwaFJo6k
[2026-03-14T11:47:54] 936 espectadores | Santuário Nacional AO VIVO - Você em constante Oração na Casa da Mãe - YouTube | https://www.youtube.com/watch?v=juUt-rN5CVo
[2026-03-14T11:48:03] 3650 espectadores | TV Aparecida - AO VIVO - YouTube | https://www.youtube.com/watch?v=4CAmwaFJo6k
[2026-03-14T11:50:55] 967 espectadores | Santuário Nacional AO VIVO - Você em constante Oração na Casa da Mãe - YouTube | https://www.youtube.com/watch?v=juUt-rN5CVo
[2026-03-14T11:51:03] 3670 espectadores | TV Aparecida - AO VIVO - YouTube | https://www.youtube.com/watch?v=4CAmwaFJo6k
[2026-03-14T11:53:57] 994 espectadores | Santuário Nacional AO VIVO - Você em constante Oração na Casa da Mãe - YouTube | https://www.youtube.com/watch?v=juUt-rN5CVo
[2026-03-14T11:54:06] 3754 espectadores | TV Aparecida - AO VIVO - YouTube | https://www.youtube.com/watch?v=4CAmwaFJo6k
[2026-03-14T11:56:52] 1085 espectadores | Santuário Nacional AO VIVO - Você em constante Oração na Casa da Mãe - YouTube | https://www.youtube.com/watch?v=juUt-rN5CVo
[2026-03-14T11:57:00] 3880 espectadores | TV Aparecida - AO VIVO - YouTube | https://www.youtube.com/watch?v=4CAmwaFJo6k
[2026-03-14T11:59:54] 1199 espectadores | Santuário Nacional AO VIVO - Você em constante Oração na Casa da Mãe - YouTube | https://www.youtube.com/watch?v=juUt-rN5CVo
[2026-03-14T12:00:04] 3939 espectadores | TV Aparecida - AO VIVO - YouTube | https://www.youtube.com/watch?v=4CAmwaFJo6k
[2026-03-14T12:02:54] 1416 espectadores | Santuário Nacional AO VIVO - Você em constante Oração na Casa da Mãe - YouTube | https://www.youtube.com/watch?v=juUt-rN5CVo
[2026-03-14T12:03:03] 4202 espectadores | TV Aparecida - AO VIVO - YouTube | https://www.youtube.com/watch?v=4CAmwaFJo6k
[2026-03-14T12:05:56] 1595 espectadores | Santuário Nacional AO VIVO - Você em constante Oração na Casa da Mãe - YouTube | https://www.youtube.com/watch?v=juUt-rN5CVo
[2026-03-14T12:06:04] 4417 espectadores | TV Aparecida - AO VIVO - YouTube | https://www.youtube.com/watch?v=4CAmwaFJo6k
[2026-03-14T12:08:52] 1690 espectadores | Santuário Nacional AO VIVO - Você em constante Oração na Casa da Mãe - YouTube | https://www.youtube.com/watch?v=juUt-rN5CVo
[2026-03-14T12:09:01] 4615 espectadores | TV Aparecida - AO VIVO - YouTube | https://www.youtube.com/watch?v=4CAmwaFJo6k
[2026-03-14T12:11:54] 1779 espectadores | Santuário Nacional AO VIVO - Você em constante Oração na Casa da Mãe - YouTube | https://www.youtube.com/watch?v=juUt-rN5CVo
[2026-03-14T12:12:03] 4748 espectadores | TV Aparecida - AO VIVO - YouTube | https://www.youtube.com/watch?v=4CAmwaFJo6k
[2026-03-14T12:14:53] 1887 espectadores | Santuário Nacional AO VIVO - Você em constante Oração na Casa da Mãe - YouTube | https://www.youtube.com/watch?v=juUt-rN5CVo
[2026-03-14T12:15:01] 4891 espectadores | TV Aparecida - AO VIVO - YouTube | https://www.youtube.com/watch?v=4CAmwaFJo6k
[2026-03-14T12:17:55] 1936 espectadores | Santuário Nacional AO VIVO - Você em constante Oração na Casa da Mãe - YouTube | https://www.youtube.com/watch?v=juUt-rN5CVo
[2026-03-14T12:18:04] 4946 espectadores | TV Aparecida - AO VIVO - YouTube | https://www.youtube.com/watch?v=4CAmwaFJo6k
[2026-03-14T12:20:56] 1971 espectadores | Santuário Nacional AO VIVO - Você em constante Oração na Casa da Mãe - YouTube | https://www.youtube.com/watch?v=juUt-rN5CVo
[2026-03-14T12:21:05] 5029 espectadores | TV Aparecida - AO VIVO - YouTube | https://www.youtube.com/watch?v=4CAmwaFJo6k
[2026-03-14T12:23:56] 2011 espectadores | Santuário Nacional AO VIVO - Você em constante Oração na Casa da Mãe - YouTube | https://www.youtube.com/watch?v=juUt-rN5CVo
[2026-03-14T12:24:05] 5068 espectadores | TV Aparecida - AO VIVO - YouTube | https://www.youtube.com/watch?v=4CAmwaFJo6k
[2026-03-14T12:26:54] 2017 espectadores | Santuário Nacional AO VIVO - Você em constante Oração na Casa da Mãe - YouTube | https://www.youtube.com/watch?v=juUt-rN5CVo
[2026-03-14T12:27:03] 5091 espectadores | TV Aparecida - AO VIVO - YouTube | https://www.youtube.com/watch?v=4CAmwaFJo6k
[2026-03-14T12:29:56] 2053 espectadores | Santuário Nacional AO VIVO - Você em constante Oração na Casa da Mãe - YouTube | https://www.youtube.com/watch?v=juUt-rN5CVo
[2026-03-14T12:30:04] 5122 espectadores | TV Aparecida - AO VIVO - YouTube | https://www.youtube.com/watch?v=4CAmwaFJo6k
[2026-03-14T12:32:54] 2056 espectadores | Santuário Nacional AO VIVO - Você em constante Oração na Casa da Mãe - YouTube | https://www.youtube.com/watch?v=juUt-rN5CVo
[2026-03-14T12:33:02] 5124 espectadores | TV Aparecida - AO VIVO - YouTube | https://www.youtube.com/watch?v=4CAmwaFJo6k
[2026-03-14T12:35:54] 2067 espectadores | Santuário Nacional AO VIVO - Você em constante Oração na Casa da Mãe - YouTube | https://www.youtube.com/watch?v=juUt-rN5CVo
[2026-03-14T12:36:02] 5098 espectadores | TV Aparecida - AO VIVO - YouTube | https://www.youtube.com/watch?v=4CAmwaFJo6k
[2026-03-14T12:38:53] 2080 espectadores | Santuário Nacional AO VIVO - Você em constante Oração na Casa da Mãe - YouTube | https://www.youtube.com/watch?v=juUt-rN5CVo
[2026-03-14T12:39:01] 5112 espectadores | TV Aparecida - AO VIVO - YouTube | https://www.youtube.com/watch?v=4CAmwaFJo6k
[2026-03-14T12:41:54] 2079 espectadores | Santuário Nacional AO VIVO - Você em constante Oração na Casa da Mãe - YouTube | https://www.youtube.com/watch?v=juUt-rN5CVo
[2026-03-14T12:42:02] 5090 espectadores | TV Aparecida - AO VIVO - YouTube | https://www.youtube.com/watch?v=4CAmwaFJo6k
[2026-03-14T12:44:54] 2098 espectadores | Santuário Nacional AO VIVO - Você em constante Oração na Casa da Mãe - YouTube | https://www.youtube.com/watch?v=juUt-rN5CVo
[2026-03-14T12:45:02] 5071 espectadores | TV Aparecida - AO VIVO - YouTube | https://www.youtube.com/watch?v=4CAmwaFJo6k
[2026-03-14T12:47:57] 2090 espectadores | Santuário Nacional AO VIVO - Você em constante Oração na Casa da Mãe - YouTube | https://www.youtube.com/watch?v=juUt-rN5CVo
[2026-03-14T12:48:06] 5068 espectadores | TV Aparecida - AO VIVO - YouTube | https://www.youtube.com/watch?v=4CAmwaFJo6k
[2026-03-14T12:50:54] 2073 espectadores | Santuário Nacional AO VIVO - Você em constante Oração na Casa da Mãe - YouTube | https://www.youtube.com/watch?v=juUt-rN5CVo
[2026-03-14T12:51:03] 5068 espectadores | TV Aparecida - AO VIVO - YouTube | https://www.youtube.com/watch?v=4CAmwaFJo6k
[2026-03-14T12:53:54] 2044 espectadores | Santuário Nacional AO VIVO - Você em constante Oração na Casa da Mãe - YouTube | https://www.youtube.com/watch?v=juUt-rN5CVo
[2026-03-14T12:54:02] 5057 espectadores | TV Aparecida - AO VIVO - YouTube | https://www.youtube.com/watch?v=4CAmwaFJo6k
[2026-03-14T12:56:53] 2044 espectadores | Santuário Nacional AO VIVO - Você em constante Oração na Casa da Mãe - YouTube | https://www.youtube.com/watch?v=juUt-rN5CVo
[2026-03-14T12:57:01] 5007 espectadores | TV Aparecida - AO VIVO - YouTube | https://www.youtube.com/watch?v=4CAmwaFJo6k
[2026-03-14T12:59:54] 2033 espectadores | Santuário Nacional AO VIVO - Você em constante Oração na Casa da Mãe - YouTube | https://www.youtube.com/watch?v=juUt-rN5CVo
[2026-03-14T13:00:02] 5044 espectadores | TV Aparecida - AO VIVO - YouTube | https://www.youtube.com/watch?v=4CAmwaFJo6k
[2026-03-14T13:02:57] 1453 espectadores | Santuário Nacional AO VIVO - Você em constante Oração na Casa da Mãe - YouTube | https://www.youtube.com/watch?v=juUt-rN5CVo
[2026-03-14T13:03:06] 3874 espectadores | TV Aparecida - AO VIVO - YouTube | https://www.youtube.com/watch?v=4CAmwaFJo6k
[2026-03-14T13:05:53] 1186 espectadores | Santuário Nacional AO VIVO - Você em constante Oração na Casa da Mãe - YouTube | https://www.youtube.com/watch?v=juUt-rN5CVo
[2026-03-14T13:06:02] 3369 espectadores | TV Aparecida - AO VIVO - YouTube | https://www.youtube.com/watch?v=4CAmwaFJo6k
[2026-03-14T13:08:55] 1005 espectadores | Santuário Nacional AO VIVO - Você em constante Oração na Casa da Mãe - YouTube | https://www.youtube.com/watch?v=juUt-rN5CVo
[2026-03-14T13:09:04] 3174 espectadores | TV Aparecida - AO VIVO - YouTube | https://www.youtube.com/watch?v=4CAmwaFJo6k
[2026-03-14T13:11:52] 897 espectadores | Santuário Nacional AO VIVO - Você em constante Oração na Casa da Mãe - YouTube | https://www.youtube.com/watch?v=juUt-rN5CVo
[2026-03-14T13:12:01] 3046 espectadores | TV Aparecida - AO VIVO - YouTube | https://www.youtube.com/watch?v=4CAmwaFJo6k
[2026-03-14T13:14:58] 861 espectadores | Santuário Nacional AO VIVO - Você em constante Oração na Casa da Mãe - YouTube | https://www.youtube.com/watch?v=juUt-rN5CVo
[2026-03-14T13:15:07] 2952 espectadores | TV Aparecida - AO VIVO - YouTube | https://www.youtube.com/watch?v=4CAmwaFJo6k
[2026-03-14T13:17:55] 823 espectadores | Santuário Nacional AO VIVO - Você em constante Oração na Casa da Mãe - YouTube | https://www.youtube.com/watch?v=juUt-rN5CVo
[2026-03-14T13:18:03] 2816 espectadores | TV Aparecida - AO VIVO - YouTube | https://www.youtube.com/watch?v=4CAmwaFJo6k
[2026-03-14T13:20:52] 796 espectadores | Santuário Nacional AO VIVO - Você em constante Oração na Casa da Mãe - YouTube | https://www.youtube.com/watch?v=juUt-rN5CVo
[2026-03-14T13:21:01] 2707 espectadores | TV Aparecida - AO VIVO - YouTube | https://www.youtube.com/watch?v=4CAmwaFJo6k
[2026-03-14T13:23:54] 749 espectadores | Santuário Nacional AO VIVO - Você em constante Oração na Casa da Mãe - YouTube | https://www.youtube.com/watch?v=juUt-rN5CVo
[2026-03-14T13:24:03] 2664 espectadores | TV Aparecida - AO VIVO - YouTube | https://www.youtube.com/watch?v=4CAmwaFJo6k
[2026-03-14T13:26:54] 727 espectadores | Santuário Nacional AO VIVO - Você em constante Oração na Casa da Mãe - YouTube | https://www.youtube.com/watch?v=juUt-rN5CVo
[2026-03-14T13:27:03] 2632 espectadores | TV Aparecida - AO VIVO - YouTube | https://www.youtube.com/watch?v=4CAmwaFJo6k
[2026-03-14T13:29:54] 727 espectadores | Santuário Nacional AO VIVO - Você em constante Oração na Casa da Mãe - YouTube | https://www.youtube.com/watch?v=juUt-rN5CVo
[2026-03-14T13:30:03] 2588 espectadores | TV Aparecida - AO VIVO - YouTube | https://www.youtube.com/watch?v=4CAmwaFJo6k
[2026-03-14T13:32:52] 716 espectadores | Santuário Nacional AO VIVO - Você em constante Oração na Casa da Mãe - YouTube | https://www.youtube.com/watch?v=juUt-rN5CVo
[2026-03-14T13:33:01] 2587 espectadores | TV Aparecida - AO VIVO - YouTube | https://www.youtube.com/watch?v=4CAmwaFJo6k
[2026-03-14T13:35:52] 726 espectadores | Santuário Nacional AO VIVO - Você em constante Oração na Casa da Mãe - YouTube | https://www.youtube.com/watch?v=juUt-rN5CVo
[2026-03-14T13:36:00] 2437 espectadores | TV Aparecida - AO VIVO - YouTube | https://www.youtube.com/watch?v=4CAmwaFJo6k
[2026-03-14T13:38:52] 708 espectadores | Santuário Nacional AO VIVO - Você em constante Oração na Casa da Mãe - YouTube | https://www.youtube.com/watch?v=juUt-rN5CVo
[2026-03-14T13:39:00] 2389 espectadores | TV Aparecida - AO VIVO - YouTube | https://www.youtube.com/watch?v=4CAmwaFJo6k
[2026-03-14T13:41:55] 707 espectadores | Santuário Nacional AO VIVO - Você em constante Oração na Casa da Mãe - YouTube | https://www.youtube.com/watch?v=juUt-rN5CVo
[2026-03-14T13:42:04] 2380 espectadores | TV Aparecida - AO VIVO - YouTube | https://www.youtube.com/watch?v=4CAmwaFJo6k
[2026-03-14T13:44:52] 708 espectadores | Santuário Nacional AO VIVO - Você em constante Oração na Casa da Mãe - YouTube | https://www.youtube.com/watch?v=juUt-rN5CVo
[2026-03-14T13:45:01] 2354 espectadores | TV Aparecida - AO VIVO - YouTube | https://www.youtube.com/watch?v=4CAmwaFJo6k
[2026-03-14T13:47:53] 713 espectadores | Santuário Nacional AO VIVO - Você em constante Oração na Casa da Mãe - YouTube | https://www.youtube.com/watch?v=juUt-rN5CVo
[2026-03-14T13:48:02] 2327 espectadores | TV Aparecida - AO VIVO - YouTube | https://www.youtube.com/watch?v=4CAmwaFJo6k
[2026-03-14T13:50:54] 737 espectadores | Santuário Nacional AO VIVO - Você em constante Oração na Casa da Mãe - YouTube | https://www.youtube.com/watch?v=juUt-rN5CVo
[2026-03-14T13:51:03] 2353 espectadores | TV Aparecida - AO VIVO - YouTube | https://www.youtube.com/watch?v=4CAmwaFJo6k
[2026-03-14T13:53:53] 737 espectadores | Santuário Nacional AO VIVO - Você em constante Oração na Casa da Mãe - YouTube | https://www.youtube.com/watch?v=juUt-rN5CVo
[2026-03-14T13:54:01] 2403 espectadores | TV Aparecida - AO VIVO - YouTube | https://www.youtube.com/watch?v=4CAmwaFJo6k
[2026-03-14T13:56:52] 787 espectadores | Santuário Nacional AO VIVO - Você em constante Oração na Casa da Mãe - YouTube | https://www.youtube.com/watch?v=juUt-rN5CVo
[2026-03-14T13:57:01] 2478 espectadores | TV Aparecida - AO VIVO - YouTube | https://www.youtube.com/watch?v=4CAmwaFJo6k
[2026-03-14T13:59:55] 863 espectadores | Santuário Nacional AO VIVO - Você em constante Oração na Casa da Mãe - YouTube | https://www.youtube.com/watch?v=juUt-rN5CVo
[2026-03-14T14:00:04] 2602 espectadores | TV Aparecida - AO VIVO - YouTube | https://www.youtube.com/watch?v=4CAmwaFJo6k
[2026-03-14T14:02:54] 964 espectadores | Santuário Nacional AO VIVO - Você em constante Oração na Casa da Mãe - YouTube | https://www.youtube.com/watch?v=juUt-rN5CVo
[2026-03-14T14:03:03] 2753 espectadores | TV Aparecida - AO VIVO - YouTube | https://www.youtube.com/watch?v=4CAmwaFJo6k
[2026-03-14T14:05:53] 1047 espectadores | Santuário Nacional AO VIVO - Você em constante Oração na Casa da Mãe - YouTube | https://www.youtube.com/watch?v=juUt-rN5CVo
[2026-03-14T14:06:02] 2884 espectadores | TV Aparecida - AO VIVO - YouTube | https://www.youtube.com/watch?v=4CAmwaFJo6k
[2026-03-14T14:08:53] 1131 espectadores | Santuário Nacional AO VIVO - Você em constante Oração na Casa da Mãe - YouTube | https://www.youtube.com/watch?v=juUt-rN5CVo
[2026-03-14T14:09:01] 3043 espectadores | TV Aparecida - AO VIVO - YouTube | https://www.youtube.com/watch?v=4CAmwaFJo6k
[2026-03-14T14:11:53] 1210 espectadores | Santuário Nacional AO VIVO - Você em constante Oração na Casa da Mãe - YouTube | https://www.youtube.com/watch?v=juUt-rN5CVo
[2026-03-14T14:12:01] 3221 espectadores | TV Aparecida - AO VIVO - YouTube | https://www.youtube.com/watch?v=4CAmwaFJo6k
[2026-03-14T14:14:54] 1246 espectadores | Santuário Nacional AO VIVO - Você em constante Oração na Casa da Mãe - YouTube | https://www.youtube.com/watch?v=juUt-rN5CVo
[2026-03-14T14:15:03] 3372 espectadores | TV Aparecida - AO VIVO - YouTube | https://www.youtube.com/watch?v=4CAmwaFJo6k
[2026-03-14T14:17:56] 1287 espectadores | Santuário Nacional AO VIVO - Você em constante Oração na Casa da Mãe - YouTube | https://www.youtube.com/watch?v=juUt-rN5CVo
[2026-03-14T14:18:04] 3465 espectadores | TV Aparecida - AO VIVO - YouTube | https://www.youtube.com/watch?v=4CAmwaFJo6k
[2026-03-14T14:20:52] 1322 espectadores | Santuário Nacional AO VIVO - Você em constante Oração na Casa da Mãe - YouTube | https://www.youtube.com/watch?v=juUt-rN5CVo
[2026-03-14T14:21:00] 3560 espectadores | TV Aparecida - AO VIVO - YouTube | https://www.youtube.com/watch?v=4CAmwaFJo6k
[2026-03-14T14:23:54] 1355 espectadores | Santuário Nacional AO VIVO - Você em constante Oração na Casa da Mãe - YouTube | https://www.youtube.com/watch?v=juUt-rN5CVo
[2026-03-14T14:24:03] 3607 espectadores | TV Aparecida - AO VIVO - YouTube | https://www.youtube.com/watch?v=4CAmwaFJo6k
[2026-03-14T14:26:53] 1367 espectadores | Santuário Nacional AO VIVO - Você em constante Oração na Casa da Mãe - YouTube | https://www.youtube.com/watch?v=juUt-rN5CVo
[2026-03-14T14:27:02] 3652 espectadores | TV Aparecida - AO VIVO - YouTube | https://www.youtube.com/watch?v=4CAmwaFJo6k
[2026-03-14T14:29:54] 1402 espectadores | Santuário Nacional AO VIVO - Você em constante Oração na Casa da Mãe - YouTube | https://www.youtube.com/watch?v=juUt-rN5CVo
[2026-03-14T14:30:03] 3708 espectadores | TV Aparecida - AO VIVO - YouTube | https://www.youtube.com/watch?v=4CAmwaFJo6k
[2026-03-14T14:32:53] 1431 espectadores | Santuário Nacional AO VIVO - Você em constante Oração na Casa da Mãe - YouTube | https://www.youtube.com/watch?v=juUt-rN5CVo
[2026-03-14T14:33:02] 3750 espectadores | TV Aparecida - AO VIVO - YouTube | https://www.youtube.com/watch?v=4CAmwaFJo6k
[2026-03-14T14:35:52] 1433 espectadores | Santuário Nacional AO VIVO - Você em constante Oração na Casa da Mãe - YouTube | https://www.youtube.com/watch?v=juUt-rN5CVo
[2026-03-14T14:36:01] 3785 espectadores | TV Aparecida - AO VIVO - YouTube | https://www.youtube.com/watch?v=4CAmwaFJo6k
[2026-03-14T14:38:52] 1452 espectadores | Santuário Nacional AO VIVO - Você em constante Oração na Casa da Mãe - YouTube | https://www.youtube.com/watch?v=juUt-rN5CVo
[2026-03-14T14:39:01] 3824 espectadores | TV Aparecida - AO VIVO - YouTube | https://www.youtube.com/watch?v=4CAmwaFJo6k
[2026-03-14T14:41:53] 1443 espectadores | Santuário Nacional AO VIVO - Você em constante Oração na Casa da Mãe - YouTube | https://www.youtube.com/watch?v=juUt-rN5CVo
[2026-03-14T14:42:02] 3849 espectadores | TV Aparecida - AO VIVO - YouTube | https://www.youtube.com/watch?v=4CAmwaFJo6k
[2026-03-14T14:45:00] 1460 espectadores | Santuário Nacional AO VIVO - Você em constante Oração na Casa da Mãe - YouTube | https://www.youtube.com/watch?v=juUt-rN5CVo
[2026-03-14T14:45:09] 3902 espectadores | TV Aparecida - AO VIVO - YouTube | https://www.youtube.com/watch?v=4CAmwaFJo6k
[2026-03-14T14:45:14] [daily-email] Envio OK para equipe.desenvolvimento@a12.com
[2026-03-14T14:45:14] [backup] Gerado: C:\logs\__daily_snapshot_2026-03-14_dados_live.csv
[2026-03-14T14:45:14] [daily-email] CSV limpo após envio.
[2026-03-14T14:47:53] 1492 espectadores | Santuário Nacional AO VIVO - Você em constante Oração na Casa da Mãe - YouTube | https://www.youtube.com/watch?v=juUt-rN5CVo
[2026-03-14T14:48:02] 3953 espectadores | TV Aparecida - AO VIVO - YouTube | https://www.youtube.com/watch?v=4CAmwaFJo6k
[2026-03-14T14:50:57] 1490 espectadores | Santuário Nacional AO VIVO - Você em constante Oração na Casa da Mãe - YouTube | https://www.youtube.com/watch?v=juUt-rN5CVo
[2026-03-14T14:51:07] 3971 espectadores | TV Aparecida - AO VIVO - YouTube | https://www.youtube.com/watch?v=4CAmwaFJo6k
[2026-03-14T14:54:00] 1482 espectadores | Santuário Nacional AO VIVO - Você em constante Oração na Casa da Mãe - YouTube | https://www.youtube.com/watch?v=juUt-rN5CVo
[2026-03-14T14:54:09] 4011 espectadores | TV Aparecida - AO VIVO - YouTube | https://www.youtube.com/watch?v=4CAmwaFJo6k
[2026-03-14T14:56:53] 1500 espectadores | Santuário Nacional AO VIVO - Você em constante Oração na Casa da Mãe - YouTube | https://www.youtube.com/watch?v=juUt-rN5CVo
[2026-03-14T14:57:02] 4000 espectadores | TV Aparecida - AO VIVO - YouTube | https://www.youtube.com/watch?v=4CAmwaFJo6k
[2026-03-14T14:59:55] 1525 espectadores | Santuário Nacional AO VIVO - Você em constante Oração na Casa da Mãe - YouTube | https://www.youtube.com/watch?v=juUt-rN5CVo
[2026-03-14T15:00:03] 4039 espectadores | TV Aparecida - AO VIVO - YouTube | https://www.youtube.com/watch?v=4CAmwaFJo6k
[2026-03-14T15:02:54] 1527 espectadores | Santuário Nacional AO VIVO - Você em constante Oração na Casa da Mãe - YouTube | https://www.youtube.com/watch?v=juUt-rN5CVo
[2026-03-14T15:03:03] 4059 espectadores | TV Aparecida - AO VIVO - YouTube | https://www.youtube.com/watch?v=4CAmwaFJo6k
[2026-03-14T15:05:53] 1512 espectadores | Santuário Nacional AO VIVO - Você em constante Oração na Casa da Mãe - YouTube | https://www.youtube.com/watch?v=juUt-rN5CVo
[2026-03-14T15:06:02] 4094 espectadores | TV Aparecida - AO VIVO - YouTube | https://www.youtube.com/watch?v=4CAmwaFJo6k
[2026-03-14T15:08:55] 1516 espectadores | Santuário Nacional AO VIVO - Você em constante Oração na Casa da Mãe - YouTube | https://www.youtube.com/watch?v=juUt-rN5CVo
[2026-03-14T15:09:04] 4094 espectadores | TV Aparecida - AO VIVO - YouTube | https://www.youtube.com/watch?v=4CAmwaFJo6k
[2026-03-14T15:11:55] 1508 espectadores | Santuário Nacional AO VIVO - Você em constante Oração na Casa da Mãe - YouTube | https://www.youtube.com/watch?v=juUt-rN5CVo
[2026-03-14T15:12:04] 4117 espectadores | TV Aparecida - AO VIVO - YouTube | https://www.youtube.com/watch?v=4CAmwaFJo6k
[2026-03-14T15:14:54] 1527 espectadores | Santuário Nacional AO VIVO - Você em constante Oração na Casa da Mãe - YouTube | https://www.youtube.com/watch?v=juUt-rN5CVo
[2026-03-14T15:15:02] 4121 espectadores | TV Aparecida - AO VIVO - YouTube | https://www.youtube.com/watch?v=4CAmwaFJo6k
[2026-03-14T15:17:54] 1522 espectadores | Santuário Nacional AO VIVO - Você em constante Oração na Casa da Mãe - YouTube | https://www.youtube.com/watch?v=juUt-rN5CVo
[2026-03-14T15:18:03] 4157 espectadores | TV Aparecida - AO VIVO - YouTube | https://www.youtube.com/watch?v=4CAmwaFJo6k
[2026-03-14T15:20:55] 1538 espectadores | Santuário Nacional AO VIVO - Você em constante Oração na Casa da Mãe - YouTube | https://www.youtube.com/watch?v=juUt-rN5CVo
[2026-03-14T15:21:04] 4168 espectadores | TV Aparecida - AO VIVO - YouTube | https://www.youtube.com/watch?v=4CAmwaFJo6k
[2026-03-14T15:23:53] 1526 espectadores | Santuário Nacional AO VIVO - Você em constante Oração na Casa da Mãe - YouTube | https://www.youtube.com/watch?v=juUt-rN5CVo
[2026-03-14T15:24:02] 4148 espectadores | TV Aparecida - AO VIVO - YouTube | https://www.youtube.com/watch?v=4CAmwaFJo6k
[2026-03-14T15:26:55] 1535 espectadores | Santuário Nacional AO VIVO - Você em constante Oração na Casa da Mãe - YouTube | https://www.youtube.com/watch?v=juUt-rN5CVo
[2026-03-14T15:27:05] 4166 espectadores | TV Aparecida - AO VIVO - YouTube | https://www.youtube.com/watch?v=4CAmwaFJo6k
[2026-03-14T15:29:58] 1534 espectadores | Santuário Nacional AO VIVO - Você em constante Oração na Casa da Mãe - YouTube | https://www.youtube.com/watch?v=juUt-rN5CVo
[2026-03-14T15:30:08] 4207 espectadores | TV Aparecida - AO VIVO - YouTube | https://www.youtube.com/watch?v=4CAmwaFJo6k
[2026-03-14T15:32:55] 1534 espectadores | Santuário Nacional AO VIVO - Você em constante Oração na Casa da Mãe - YouTube | https://www.youtube.com/watch?v=juUt-rN5CVo
[2026-03-14T15:33:04] 4203 espectadores | TV Aparecida - AO VIVO - YouTube | https://www.youtube.com/watch?v=4CAmwaFJo6k
[2026-03-14T15:35:52] 1550 espectadores | Santuário Nacional AO VIVO - Você em constante Oração na Casa da Mãe - YouTube | https://www.youtube.com/watch?v=juUt-rN5CVo
[2026-03-14T15:36:01] 4239 espectadores | TV Aparecida - AO VIVO - YouTube | https://www.youtube.com/watch?v=4CAmwaFJo6k
[2026-03-14T15:38:56] 1523 espectadores | Santuário Nacional AO VIVO - Você em constante Oração na Casa da Mãe - YouTube | https://www.youtube.com/watch?v=juUt-rN5CVo
[2026-03-14T15:39:08] 4157 espectadores | TV Aparecida - AO VIVO - YouTube | https://www.youtube.com/watch?v=4CAmwaFJo6k
[2026-03-14T15:41:51] 1420 espectadores | Santuário Nacional AO VIVO - Você em constante Oração na Casa da Mãe - YouTube | https://www.youtube.com/watch?v=juUt-rN5CVo
[2026-03-14T15:42:00] 3826 espectadores | TV Aparecida - AO VIVO - YouTube | https://www.youtube.com/watch?v=4CAmwaFJo6k
[2026-03-14T15:44:51] 969 espectadores | Santuário Nacional AO VIVO - Você em constante Oração na Casa da Mãe - YouTube | https://www.youtube.com/watch?v=juUt-rN5CVo
[2026-03-14T15:45:00] 2759 espectadores | TV Aparecida - AO VIVO - YouTube | https://www.youtube.com/watch?v=4CAmwaFJo6k
[2026-03-14T15:47:56] 837 espectadores | Santuário Nacional AO VIVO - Você em constante Oração na Casa da Mãe - YouTube | https://www.youtube.com/watch?v=juUt-rN5CVo
[2026-03-14T15:48:04] 2303 espectadores | TV Aparecida - AO VIVO - YouTube | https://www.youtube.com/watch?v=4CAmwaFJo6k
[2026-03-14T15:50:52] 758 espectadores | Santuário Nacional AO VIVO - Você em constante Oração na Casa da Mãe - YouTube | https://www.youtube.com/watch?v=juUt-rN5CVo
[2026-03-14T15:51:01] 2081 espectadores | TV Aparecida - AO VIVO - YouTube | https://www.youtube.com/watch?v=4CAmwaFJo6k
[2026-03-14T15:53:54] 702 espectadores | Santuário Nacional AO VIVO - Você em constante Oração na Casa da Mãe - YouTube | https://www.youtube.com/watch?v=juUt-rN5CVo
[2026-03-14T15:54:02] 1978 espectadores | TV Aparecida - AO VIVO - YouTube | https://www.youtube.com/watch?v=4CAmwaFJo6k
[2026-03-14T15:56:53] 661 espectadores | Santuário Nacional AO VIVO - Você em constante Oração na Casa da Mãe - YouTube | https://www.youtube.com/watch?v=juUt-rN5CVo
[2026-03-14T15:57:02] 1911 espectadores | TV Aparecida - AO VIVO - YouTube | https://www.youtube.com/watch?v=4CAmwaFJo6k
[2026-03-14T15:59:55] 634 espectadores | Santuário Nacional AO VIVO - Você em constante Oração na Casa da Mãe - YouTube | https://www.youtube.com/watch?v=juUt-rN5CVo
[2026-03-14T16:00:03] 1854 espectadores | TV Aparecida - AO VIVO - YouTube | https://www.youtube.com/watch?v=4CAmwaFJo6k
[2026-03-14T16:02:54] 605 espectadores | Santuário Nacional AO VIVO - Você em constante Oração na Casa da Mãe - YouTube | https://www.youtube.com/watch?v=juUt-rN5CVo
[2026-03-14T16:03:02] 1768 espectadores | TV Aparecida - AO VIVO - YouTube | https://www.youtube.com/watch?v=4CAmwaFJo6k
[2026-03-14T16:05:52] 594 espectadores | Santuário Nacional AO VIVO - Você em constante Oração na Casa da Mãe - YouTube | https://www.youtube.com/watch?v=juUt-rN5CVo
[2026-03-14T16:06:00] 1689 espectadores | TV Aparecida - AO VIVO - YouTube | https://www.youtube.com/watch?v=4CAmwaFJo6k
[2026-03-14T16:08:57] 594 espectadores | Santuário Nacional AO VIVO - Você em constante Oração na Casa da Mãe - YouTube | https://www.youtube.com/watch?v=juUt-rN5CVo
[2026-03-14T16:09:06] 1654 espectadores | TV Aparecida - AO VIVO - YouTube | https://www.youtube.com/watch?v=4CAmwaFJo6k
[2026-03-14T16:11:54] 571 espectadores | Santuário Nacional AO VIVO - Você em constante Oração na Casa da Mãe - YouTube | https://www.youtube.com/watch?v=juUt-rN5CVo
[2026-03-14T16:12:03] 1644 espectadores | TV Aparecida - AO VIVO - YouTube | https://www.youtube.com/watch?v=4CAmwaFJo6k
[2026-03-14T16:14:59] 570 espectadores | Santuário Nacional AO VIVO - Você em constante Oração na Casa da Mãe - YouTube | https://www.youtube.com/watch?v=juUt-rN5CVo
[2026-03-14T16:15:08] 1640 espectadores | TV Aparecida - AO VIVO - YouTube | https://www.youtube.com/watch?v=4CAmwaFJo6k
[2026-03-14T16:17:55] 556 espectadores | Santuário Nacional AO VIVO - Você em constante Oração na Casa da Mãe - YouTube | https://www.youtube.com/watch?v=juUt-rN5CVo
[2026-03-14T16:18:03] 1637 espectadores | TV Aparecida - AO VIVO - YouTube | https://www.youtube.com/watch?v=4CAmwaFJo6k
[2026-03-14T16:20:52] 529 espectadores | Santuário Nacional AO VIVO - Você em constante Oração na Casa da Mãe - YouTube | https://www.youtube.com/watch?v=juUt-rN5CVo
[2026-03-14T16:21:01] 1594 espectadores | TV Aparecida - AO VIVO - YouTube | https://www.youtube.com/watch?v=4CAmwaFJo6k
[2026-03-14T16:23:55] 518 espectadores | Santuário Nacional AO VIVO - Você em constante Oração na Casa da Mãe - YouTube | https://www.youtube.com/watch?v=juUt-rN5CVo
[2026-03-14T16:24:04] 1577 espectadores | TV Aparecida - AO VIVO - YouTube | https://www.youtube.com/watch?v=4CAmwaFJo6k
[2026-03-14T16:26:52] 499 espectadores | Santuário Nacional AO VIVO - Você em constante Oração na Casa da Mãe - YouTube | https://www.youtube.com/watch?v=juUt-rN5CVo
[2026-03-14T16:27:00] 1553 espectadores | TV Aparecida - AO VIVO - YouTube | https://www.youtube.com/watch?v=4CAmwaFJo6k
[2026-03-14T16:29:55] 496 espectadores | Santuário Nacional AO VIVO - Você em constante Oração na Casa da Mãe - YouTube | https://www.youtube.com/watch?v=juUt-rN5CVo
[2026-03-14T16:30:03] 1554 espectadores | TV Aparecida - AO VIVO - YouTube | https://www.youtube.com/watch?v=4CAmwaFJo6k
[2026-03-14T16:32:54] 487 espectadores | Santuário Nacional AO VIVO - Você em constante Oração na Casa da Mãe - YouTube | https://www.youtube.com/watch?v=juUt-rN5CVo
[2026-03-14T16:33:03] 1551 espectadores | TV Aparecida - AO VIVO - YouTube | https://www.youtube.com/watch?v=4CAmwaFJo6k
[2026-03-14T16:35:54] 494 espectadores | Santuário Nacional AO VIVO - Você em constante Oração na Casa da Mãe - YouTube | https://www.youtube.com/watch?v=juUt-rN5CVo
[2026-03-14T16:36:03] 1529 espectadores | TV Aparecida - AO VIVO - YouTube | https://www.youtube.com/watch?v=4CAmwaFJo6k
[2026-03-14T16:38:54] 479 espectadores | Santuário Nacional AO VIVO - Você em constante Oração na Casa da Mãe - YouTube | https://www.youtube.com/watch?v=juUt-rN5CVo
[2026-03-14T16:39:02] 1494 espectadores | TV Aparecida - AO VIVO - YouTube | https://www.youtube.com/watch?v=4CAmwaFJo6k
[2026-03-14T16:41:54] 472 espectadores | Santuário Nacional AO VIVO - Você em constante Oração na Casa da Mãe - YouTube | https://www.youtube.com/watch?v=juUt-rN5CVo
[2026-03-14T16:42:02] 1504 espectadores | TV Aparecida - AO VIVO - YouTube | https://www.youtube.com/watch?v=4CAmwaFJo6k
[2026-03-14T16:44:54] 474 espectadores | Santuário Nacional AO VIVO - Você em constante Oração na Casa da Mãe - YouTube | https://www.youtube.com/watch?v=juUt-rN5CVo
[2026-03-14T16:45:02] 1493 espectadores | TV Aparecida - AO VIVO - YouTube | https://www.youtube.com/watch?v=4CAmwaFJo6k
[2026-03-14T16:47:52] 463 espectadores | Santuário Nacional AO VIVO - Você em constante Oração na Casa da Mãe - YouTube | https://www.youtube.com/watch?v=juUt-rN5CVo
[2026-03-14T16:48:01] 1477 espectadores | TV Aparecida - AO VIVO - YouTube | https://www.youtube.com/watch?v=4CAmwaFJo6k
[2026-03-14T16:50:52] 462 espectadores | Santuário Nacional AO VIVO - Você em constante Oração na Casa da Mãe - YouTube | https://www.youtube.com/watch?v=juUt-rN5CVo
[2026-03-14T16:51:01] 1461 espectadores | TV Aparecida - AO VIVO - YouTube | https://www.youtube.com/watch?v=4CAmwaFJo6k
[2026-03-14T16:53:54] 454 espectadores | Santuário Nacional AO VIVO - Você em constante Oração na Casa da Mãe - YouTube | https://www.youtube.com/watch?v=juUt-rN5CVo
[2026-03-14T16:54:03] 1527 espectadores | TV Aparecida - AO VIVO - YouTube | https://www.youtube.com/watch?v=4CAmwaFJo6k
[2026-03-14T16:56:53] 457 espectadores | Santuário Nacional AO VIVO - Você em constante Oração na Casa da Mãe - YouTube | https://www.youtube.com/watch?v=juUt-rN5CVo
[2026-03-14T16:57:02] 1556 espectadores | TV Aparecida - AO VIVO - YouTube | https://www.youtube.com/watch?v=4CAmwaFJo6k
[2026-03-14T16:59:54] 468 espectadores | Santuário Nacional AO VIVO - Você em constante Oração na Casa da Mãe - YouTube | https://www.youtube.com/watch?v=juUt-rN5CVo
[2026-03-14T17:00:03] 1575 espectadores | TV Aparecida - AO VIVO - YouTube | https://www.youtube.com/watch?v=4CAmwaFJo6k
[2026-03-14T17:02:53] 462 espectadores | Santuário Nacional AO VIVO - Você em constante Oração na Casa da Mãe - YouTube | https://www.youtube.com/watch?v=juUt-rN5CVo
[2026-03-14T17:03:02] 1627 espectadores | TV Aparecida - AO VIVO - YouTube | https://www.youtube.com/watch?v=4CAmwaFJo6k
[2026-03-14T17:05:53] 471 espectadores | Santuário Nacional AO VIVO - Você em constante Oração na Casa da Mãe - YouTube | https://www.youtube.com/watch?v=juUt-rN5CVo
[2026-03-14T17:06:02] 1632 espectadores | TV Aparecida - AO VIVO - YouTube | https://www.youtube.com/watch?v=4CAmwaFJo6k
[2026-03-14T17:08:54] 457 espectadores | Santuário Nacional AO VIVO - Você em constante Oração na Casa da Mãe - YouTube | https://www.youtube.com/watch?v=juUt-rN5CVo
[2026-03-14T17:09:03] 1643 espectadores | TV Aparecida - AO VIVO - YouTube | https://www.youtube.com/watch?v=4CAmwaFJo6k
[2026-03-14T17:11:54] 480 espectadores | Santuário Nacional AO VIVO - Você em constante Oração na Casa da Mãe - YouTube | https://www.youtube.com/watch?v=juUt-rN5CVo
[2026-03-14T17:12:03] 1680 espectadores | TV Aparecida - AO VIVO - YouTube | https://www.youtube.com/watch?v=4CAmwaFJo6k
[2026-03-14T17:14:52] 497 espectadores | Santuário Nacional AO VIVO - Você em constante Oração na Casa da Mãe - YouTube | https://www.youtube.com/watch?v=juUt-rN5CVo
[2026-03-14T17:15:01] 1717 espectadores | TV Aparecida - AO VIVO - YouTube | https://www.youtube.com/watch?v=4CAmwaFJo6k
[2026-03-14T17:17:53] 517 espectadores | Santuário Nacional AO VIVO - Você em constante Oração na Casa da Mãe - YouTube | https://www.youtube.com/watch?v=juUt-rN5CVo
[2026-03-14T17:18:01] 1748 espectadores | TV Aparecida - AO VIVO - YouTube | https://www.youtube.com/watch?v=4CAmwaFJo6k
[2026-03-14T17:20:52] 531 espectadores | Santuário Nacional AO VIVO - Você em constante Oração na Casa da Mãe - YouTube | https://www.youtube.com/watch?v=juUt-rN5CVo
[2026-03-14T17:21:00] 1798 espectadores | TV Aparecida - AO VIVO - YouTube | https://www.youtube.com/watch?v=4CAmwaFJo6k
[2026-03-14T17:23:53] 535 espectadores | Santuário Nacional AO VIVO - Você em constante Oração na Casa da Mãe - YouTube | https://www.youtube.com/watch?v=juUt-rN5CVo
[2026-03-14T17:24:02] 1830 espectadores | TV Aparecida - AO VIVO - YouTube | https://www.youtube.com/watch?v=4CAmwaFJo6k
[2026-03-14T17:26:56] 549 espectadores | Santuário Nacional AO VIVO - Você em constante Oração na Casa da Mãe - YouTube | https://www.youtube.com/watch?v=juUt-rN5CVo
[2026-03-14T17:27:05] 1875 espectadores | TV Aparecida - AO VIVO - YouTube | https://www.youtube.com/watch?v=4CAmwaFJo6k
[2026-03-14T17:29:52] 588 espectadores | Santuário Nacional AO VIVO - Você em constante Oração na Casa da Mãe - YouTube | https://www.youtube.com/watch?v=juUt-rN5CVo
[2026-03-14T17:30:01] 1967 espectadores | TV Aparecida - AO VIVO - YouTube | https://www.youtube.com/watch?v=4CAmwaFJo6k
[2026-03-14T17:32:53] 605 espectadores | Santuário Nacional AO VIVO - Você em constante Oração na Casa da Mãe - YouTube | https://www.youtube.com/watch?v=juUt-rN5CVo
[2026-03-14T17:33:01] 2029 espectadores | TV Aparecida - AO VIVO - YouTube | https://www.youtube.com/watch?v=4CAmwaFJo6k
[2026-03-14T17:35:53] 649 espectadores | Santuário Nacional AO VIVO - Você em constante Oração na Casa da Mãe - YouTube | https://www.youtube.com/watch?v=juUt-rN5CVo
[2026-03-14T17:36:02] 2149 espectadores | TV Aparecida - AO VIVO - YouTube | https://www.youtube.com/watch?v=4CAmwaFJo6k
[2026-03-14T17:38:53] 683 espectadores | Santuário Nacional AO VIVO - Você em constante Oração na Casa da Mãe - YouTube | https://www.youtube.com/watch?v=juUt-rN5CVo
[2026-03-14T17:39:01] 2271 espectadores | TV Aparecida - AO VIVO - YouTube | https://www.youtube.com/watch?v=4CAmwaFJo6k
[2026-03-14T17:41:54] 746 espectadores | Santuário Nacional AO VIVO - Você em constante Oração na Casa da Mãe - YouTube | https://www.youtube.com/watch?v=juUt-rN5CVo
[2026-03-14T17:42:03] 2452 espectadores | TV Aparecida - AO VIVO - YouTube | https://www.youtube.com/watch?v=4CAmwaFJo6k
[2026-03-14T17:44:57] 833 espectadores | Santuário Nacional AO VIVO - Você em constante Oração na Casa da Mãe - YouTube | https://www.youtube.com/watch?v=juUt-rN5CVo
[2026-03-14T17:45:05] 2646 espectadores | TV Aparecida - AO VIVO - YouTube | https://www.youtube.com/watch?v=4CAmwaFJo6k
[2026-03-14T17:47:54] 933 espectadores | Santuário Nacional AO VIVO - Você em constante Oração na Casa da Mãe - YouTube | https://www.youtube.com/watch?v=juUt-rN5CVo
[2026-03-14T17:48:02] 2960 espectadores | TV Aparecida - AO VIVO - YouTube | https://www.youtube.com/watch?v=4CAmwaFJo6k
[2026-03-14T17:50:53] 1048 espectadores | Santuário Nacional AO VIVO - Você em constante Oração na Casa da Mãe - YouTube | https://www.youtube.com/watch?v=juUt-rN5CVo
[2026-03-14T17:51:02] 3331 espectadores | TV Aparecida - AO VIVO - YouTube | https://www.youtube.com/watch?v=4CAmwaFJo6k
[2026-03-14T17:53:54] 1236 espectadores | Santuário Nacional AO VIVO - Você em constante Oração na Casa da Mãe - YouTube | https://www.youtube.com/watch?v=juUt-rN5CVo
[2026-03-14T17:54:02] 4012 espectadores | TV Aparecida - AO VIVO - YouTube | https://www.youtube.com/watch?v=4CAmwaFJo6k
[2026-03-14T17:56:52] 1539 espectadores | Santuário Nacional AO VIVO - Você em constante Oração na Casa da Mãe - YouTube | https://www.youtube.com/watch?v=juUt-rN5CVo
[2026-03-14T17:57:01] 4900 espectadores | TV Aparecida - AO VIVO - YouTube | https://www.youtube.com/watch?v=4CAmwaFJo6k
[2026-03-14T17:59:56] 2062 espectadores | Santuário Nacional AO VIVO - Você em constante Oração na Casa da Mãe - YouTube | https://www.youtube.com/watch?v=juUt-rN5CVo
[2026-03-14T18:00:04] 6078 espectadores | TV Aparecida - AO VIVO - YouTube | https://www.youtube.com/watch?v=4CAmwaFJo6k
[2026-03-14T18:02:54] 2800 espectadores | Santuário Nacional AO VIVO - Você em constante Oração na Casa da Mãe - YouTube | https://www.youtube.com/watch?v=juUt-rN5CVo
[2026-03-14T18:03:02] 7656 espectadores | TV Aparecida - AO VIVO - YouTube | https://www.youtube.com/watch?v=4CAmwaFJo6k
[2026-03-14T18:05:52] 3438 espectadores | Santuário Nacional AO VIVO - Você em constante Oração na Casa da Mãe - YouTube | https://www.youtube.com/watch?v=juUt-rN5CVo
[2026-03-14T18:06:00] 8934 espectadores | TV Aparecida - AO VIVO - YouTube | https://www.youtube.com/watch?v=4CAmwaFJo6k
[2026-03-14T18:08:53] 3843 espectadores | Santuário Nacional AO VIVO - Você em constante Oração na Casa da Mãe - YouTube | https://www.youtube.com/watch?v=juUt-rN5CVo
[2026-03-14T18:09:02] 9987 espectadores | TV Aparecida - AO VIVO - YouTube | https://www.youtube.com/watch?v=4CAmwaFJo6k
[2026-03-14T18:11:52] 4209 espectadores | Santuário Nacional AO VIVO - Você em constante Oração na Casa da Mãe - YouTube | https://www.youtube.com/watch?v=juUt-rN5CVo
[2026-03-14T18:12:00] 10784 espectadores | TV Aparecida - AO VIVO - YouTube | https://www.youtube.com/watch?v=4CAmwaFJo6k
[2026-03-14T18:14:53] 4488 espectadores | Santuário Nacional AO VIVO - Você em constante Oração na Casa da Mãe - YouTube | https://www.youtube.com/watch?v=juUt-rN5CVo
[2026-03-14T18:15:01] 11447 espectadores | TV Aparecida - AO VIVO - YouTube | https://www.youtube.com/watch?v=4CAmwaFJo6k
[2026-03-14T18:17:53] 4748 espectadores | Santuário Nacional AO VIVO - Você em constante Oração na Casa da Mãe - YouTube | https://www.youtube.com/watch?v=juUt-rN5CVo
[2026-03-14T18:18:02] 12006 espectadores | TV Aparecida - AO VIVO - YouTube | https://www.youtube.com/watch?v=4CAmwaFJo6k
[2026-03-14T18:20:53] 4947 espectadores | Santuário Nacional AO VIVO - Você em constante Oração na Casa da Mãe - YouTube | https://www.youtube.com/watch?v=juUt-rN5CVo
[2026-03-14T18:21:02] 12437 espectadores | TV Aparecida - AO VIVO - YouTube | https://www.youtube.com/watch?v=4CAmwaFJo6k
[2026-03-14T18:23:56] 5175 espectadores | Santuário Nacional AO VIVO - Você em constante Oração na Casa da Mãe - YouTube | https://www.youtube.com/watch?v=juUt-rN5CVo
[2026-03-14T18:24:05] 12882 espectadores | TV Aparecida - AO VIVO - YouTube | https://www.youtube.com/watch?v=4CAmwaFJo6k
[2026-03-14T18:26:54] 5262 espectadores | Santuário Nacional AO VIVO - Você em constante Oração na Casa da Mãe - YouTube | https://www.youtube.com/watch?v=juUt-rN5CVo
[2026-03-14T18:27:03] 13205 espectadores | TV Aparecida - AO VIVO - YouTube | https://www.youtube.com/watch?v=4CAmwaFJo6k
[2026-03-14T18:29:55] 5326 espectadores | Santuário Nacional AO VIVO - Você em constante Oração na Casa da Mãe - YouTube | https://www.youtube.com/watch?v=juUt-rN5CVo
[2026-03-14T18:30:03] 13494 espectadores | TV Aparecida - AO VIVO - YouTube | https://www.youtube.com/watch?v=4CAmwaFJo6k
[2026-03-14T18:32:53] 5428 espectadores | Santuário Nacional AO VIVO - Você em constante Oração na Casa da Mãe - YouTube | https://www.youtube.com/watch?v=juUt-rN5CVo
[2026-03-14T18:33:01] 13809 espectadores | TV Aparecida - AO VIVO - YouTube | https://www.youtube.com/watch?v=4CAmwaFJo6k
[2026-03-14T18:36:01] 5493 espectadores | Santuário Nacional AO VIVO - Você em constante Oração na Casa da Mãe - YouTube | https://www.youtube.com/watch?v=juUt-rN5CVo
[2026-03-14T18:36:10] 14140 espectadores | TV Aparecida - AO VIVO - YouTube | https://www.youtube.com/watch?v=4CAmwaFJo6k
[2026-03-14T18:38:53] 5534 espectadores | Santuário Nacional AO VIVO - Você em constante Oração na Casa da Mãe - YouTube | https://www.youtube.com/watch?v=juUt-rN5CVo
[2026-03-14T18:39:02] 14338 espectadores | TV Aparecida - AO VIVO - YouTube | https://www.youtube.com/watch?v=4CAmwaFJo6k
[2026-03-14T18:41:54] 5576 espectadores | Santuário Nacional AO VIVO - Você em constante Oração na Casa da Mãe - YouTube | https://www.youtube.com/watch?v=juUt-rN5CVo
[2026-03-14T18:42:03] 14466 espectadores | TV Aparecida - AO VIVO - YouTube | https://www.youtube.com/watch?v=4CAmwaFJo6k
[2026-03-14T18:44:53] 5533 espectadores | Santuário Nacional AO VIVO - Você em constante Oração na Casa da Mãe - YouTube | https://www.youtube.com/watch?v=juUt-rN5CVo
[2026-03-14T18:45:02] 14597 espectadores | TV Aparecida - AO VIVO - YouTube | https://www.youtube.com/watch?v=4CAmwaFJo6k
[2026-03-14T18:47:55] 5518 espectadores | Santuário Nacional AO VIVO - Você em constante Oração na Casa da Mãe - YouTube | https://www.youtube.com/watch?v=juUt-rN5CVo
[2026-03-14T18:48:04] 14765 espectadores | TV Aparecida - AO VIVO - YouTube | https://www.youtube.com/watch?v=4CAmwaFJo6k
[2026-03-14T18:50:52] 5540 espectadores | Santuário Nacional AO VIVO - Você em constante Oração na Casa da Mãe - YouTube | https://www.youtube.com/watch?v=juUt-rN5CVo
[2026-03-14T18:51:01] 14899 espectadores | TV Aparecida - AO VIVO - YouTube | https://www.youtube.com/watch?v=4CAmwaFJo6k
[2026-03-14T18:53:54] 5570 espectadores | Santuário Nacional AO VIVO - Você em constante Oração na Casa da Mãe - YouTube | https://www.youtube.com/watch?v=juUt-rN5CVo
[2026-03-14T18:54:02] 15078 espectadores | TV Aparecida - AO VIVO - YouTube | https://www.youtube.com/watch?v=4CAmwaFJo6k
[2026-03-14T18:56:53] 5487 espectadores | Santuário Nacional AO VIVO - Você em constante Oração na Casa da Mãe - YouTube | https://www.youtube.com/watch?v=juUt-rN5CVo
[2026-03-14T18:57:02] 15195 espectadores | TV Aparecida - AO VIVO - YouTube | https://www.youtube.com/watch?v=4CAmwaFJo6k
[2026-03-14T18:59:53] 5473 espectadores | Santuário Nacional AO VIVO - Você em constante Oração na Casa da Mãe - YouTube | https://www.youtube.com/watch?v=juUt-rN5CVo
[2026-03-14T19:00:02] 15338 espectadores | TV Aparecida - AO VIVO - YouTube | https://www.youtube.com/watch?v=4CAmwaFJo6k
[2026-03-14T19:02:53] 3391 espectadores | Santuário Nacional AO VIVO - Você em constante Oração na Casa da Mãe - YouTube | https://www.youtube.com/watch?v=juUt-rN5CVo
[2026-03-14T19:03:02] 11561 espectadores | TV Aparecida - AO VIVO - YouTube | https://www.youtube.com/watch?v=4CAmwaFJo6k
[2026-03-14T19:05:54] 2691 espectadores | Santuário Nacional AO VIVO - Você em constante Oração na Casa da Mãe - YouTube | https://www.youtube.com/watch?v=juUt-rN5CVo
[2026-03-14T19:06:03] 10389 espectadores | TV Aparecida - AO VIVO - YouTube | https://www.youtube.com/watch?v=4CAmwaFJo6k
[2026-03-14T19:08:53] 2436 espectadores | Santuário Nacional AO VIVO - Você em constante Oração na Casa da Mãe - YouTube | https://www.youtube.com/watch?v=juUt-rN5CVo
[2026-03-14T19:09:01] 9969 espectadores | TV Aparecida - AO VIVO - YouTube | https://www.youtube.com/watch?v=4CAmwaFJo6k
[2026-03-14T19:11:56] 2293 espectadores | Santuário Nacional AO VIVO - Você em constante Oração na Casa da Mãe - YouTube | https://www.youtube.com/watch?v=juUt-rN5CVo
[2026-03-14T19:12:05] 9712 espectadores | TV Aparecida - AO VIVO - YouTube | https://www.youtube.com/watch?v=4CAmwaFJo6k
[2026-03-14T19:14:52] 2159 espectadores | Santuário Nacional AO VIVO - Você em constante Oração na Casa da Mãe - YouTube | https://www.youtube.com/watch?v=juUt-rN5CVo
[2026-03-14T19:15:01] 9402 espectadores | TV Aparecida - AO VIVO - YouTube | https://www.youtube.com/watch?v=4CAmwaFJo6k
[2026-03-14T19:17:52] 2032 espectadores | Santuário Nacional AO VIVO - Você em constante Oração na Casa da Mãe - YouTube | https://www.youtube.com/watch?v=juUt-rN5CVo
[2026-03-14T19:18:01] 9209 espectadores | TV Aparecida - AO VIVO - YouTube | https://www.youtube.com/watch?v=4CAmwaFJo6k
[2026-03-14T19:20:54] 1938 espectadores | Santuário Nacional AO VIVO - Você em constante Oração na Casa da Mãe - YouTube | https://www.youtube.com/watch?v=juUt-rN5CVo
[2026-03-14T19:21:03] 9004 espectadores | TV Aparecida - AO VIVO - YouTube | https://www.youtube.com/watch?v=4CAmwaFJo6k
[2026-03-14T19:23:53] 1799 espectadores | Santuário Nacional AO VIVO - Você em constante Oração na Casa da Mãe - YouTube | https://www.youtube.com/watch?v=juUt-rN5CVo
[2026-03-14T19:24:02] 8751 espectadores | TV Aparecida - AO VIVO - YouTube | https://www.youtube.com/watch?v=4CAmwaFJo6k
[2026-03-14T19:26:55] 1775 espectadores | Santuário Nacional AO VIVO - Você em constante Oração na Casa da Mãe - YouTube | https://www.youtube.com/watch?v=juUt-rN5CVo
[2026-03-14T19:27:04] 8713 espectadores | TV Aparecida - AO VIVO - YouTube | https://www.youtube.com/watch?v=4CAmwaFJo6k
[2026-03-14T19:29:54] 1690 espectadores | Santuário Nacional AO VIVO - Você em constante Oração na Casa da Mãe - YouTube | https://www.youtube.com/watch?v=juUt-rN5CVo
[2026-03-14T19:30:02] 8357 espectadores | TV Aparecida - AO VIVO - YouTube | https://www.youtube.com/watch?v=4CAmwaFJo6k
[2026-03-14T19:32:54] 1497 espectadores | Santuário Nacional AO VIVO - Você em constante Oração na Casa da Mãe - YouTube | https://www.youtube.com/watch?v=juUt-rN5CVo
[2026-03-14T19:33:03] 7903 espectadores | TV Aparecida - AO VIVO - YouTube | https://www.youtube.com/watch?v=4CAmwaFJo6k
[2026-03-14T19:35:56] 1416 espectadores | Santuário Nacional AO VIVO - Você em constante Oração na Casa da Mãe - YouTube | https://www.youtube.com/watch?v=juUt-rN5CVo
[2026-03-14T19:36:04] 7556 espectadores | TV Aparecida - AO VIVO - YouTube | https://www.youtube.com/watch?v=4CAmwaFJo6k
[2026-03-14T19:38:52] 1367 espectadores | Santuário Nacional AO VIVO - Você em constante Oração na Casa da Mãe - YouTube | https://www.youtube.com/watch?v=juUt-rN5CVo
[2026-03-14T19:39:01] 7388 espectadores | TV Aparecida - AO VIVO - YouTube | https://www.youtube.com/watch?v=4CAmwaFJo6k
[2026-03-14T19:41:53] 1331 espectadores | Santuário Nacional AO VIVO - Você em constante Oração na Casa da Mãe - YouTube | https://www.youtube.com/watch?v=juUt-rN5CVo
[2026-03-14T19:42:02] 7182 espectadores | TV Aparecida - AO VIVO - YouTube | https://www.youtube.com/watch?v=4CAmwaFJo6k
[2026-03-14T19:44:52] 1317 espectadores | Santuário Nacional AO VIVO - Você em constante Oração na Casa da Mãe - YouTube | https://www.youtube.com/watch?v=juUt-rN5CVo
[2026-03-14T19:45:01] 7073 espectadores | TV Aparecida - AO VIVO - YouTube | https://www.youtube.com/watch?v=4CAmwaFJo6k
[2026-03-14T19:47:55] 1320 espectadores | Santuário Nacional AO VIVO - Você em constante Oração na Casa da Mãe - YouTube | https://www.youtube.com/watch?v=juUt-rN5CVo
[2026-03-14T19:48:03] 7031 espectadores | TV Aparecida - AO VIVO - YouTube | https://www.youtube.com/watch?v=4CAmwaFJo6k
[2026-03-14T19:50:52] 1291 espectadores | Santuário Nacional AO VIVO - Você em constante Oração na Casa da Mãe - YouTube | https://www.youtube.com/watch?v=juUt-rN5CVo
[2026-03-14T19:51:01] 6929 espectadores | TV Aparecida - AO VIVO - YouTube | https://www.youtube.com/watch?v=4CAmwaFJo6k
[2026-03-14T19:53:55] 1267 espectadores | Santuário Nacional AO VIVO - Você em constante Oração na Casa da Mãe - YouTube | https://www.youtube.com/watch?v=juUt-rN5CVo
[2026-03-14T19:54:04] 6766 espectadores | TV Aparecida - AO VIVO - YouTube | https://www.youtube.com/watch?v=4CAmwaFJo6k
[2026-03-14T19:56:54] 1217 espectadores | Santuário Nacional AO VIVO - Você em constante Oração na Casa da Mãe - YouTube | https://www.youtube.com/watch?v=juUt-rN5CVo
[2026-03-14T19:57:03] 6593 espectadores | TV Aparecida - AO VIVO - YouTube | https://www.youtube.com/watch?v=4CAmwaFJo6k
[2026-03-14T19:59:52] 1195 espectadores | Santuário Nacional AO VIVO - Você em constante Oração na Casa da Mãe - YouTube | https://www.youtube.com/watch?v=juUt-rN5CVo
[2026-03-14T20:00:01] 6573 espectadores | TV Aparecida - AO VIVO - YouTube | https://www.youtube.com/watch?v=4CAmwaFJo6k
[2026-03-14T20:02:52] 1188 espectadores | Santuário Nacional AO VIVO - Você em constante Oração na Casa da Mãe - YouTube | https://www.youtube.com/watch?v=juUt-rN5CVo
[2026-03-14T20:03:01] 6542 espectadores | TV Aparecida - AO VIVO - YouTube | https://www.youtube.com/watch?v=4CAmwaFJo6k
[2026-03-14T20:05:53] 1176 espectadores | Santuário Nacional AO VIVO - Você em constante Oração na Casa da Mãe - YouTube | https://www.youtube.com/watch?v=juUt-rN5CVo
[2026-03-14T20:06:02] 6503 espectadores | TV Aparecida - AO VIVO - YouTube | https://www.youtube.com/watch?v=4CAmwaFJo6k
[2026-03-14T20:08:53] 1147 espectadores | Santuário Nacional AO VIVO - Você em constante Oração na Casa da Mãe - YouTube | https://www.youtube.com/watch?v=juUt-rN5CVo
[2026-03-14T20:09:02] 6459 espectadores | TV Aparecida - AO VIVO - YouTube | https://www.youtube.com/watch?v=4CAmwaFJo6k
[2026-03-14T20:11:56] 1120 espectadores | Santuário Nacional AO VIVO - Você em constante Oração na Casa da Mãe - YouTube | https://www.youtube.com/watch?v=juUt-rN5CVo
[2026-03-14T20:12:04] 6507 espectadores | TV Aparecida - AO VIVO - YouTube | https://www.youtube.com/watch?v=4CAmwaFJo6k
[2026-03-14T20:14:52] 1113 espectadores | Santuário Nacional AO VIVO - Você em constante Oração na Casa da Mãe - YouTube | https://www.youtube.com/watch?v=juUt-rN5CVo
[2026-03-14T20:15:01] 6510 espectadores | TV Aparecida - AO VIVO - YouTube | https://www.youtube.com/watch?v=4CAmwaFJo6k
[2026-03-14T20:17:54] 1103 espectadores | Santuário Nacional AO VIVO - Você em constante Oração na Casa da Mãe - YouTube | https://www.youtube.com/watch?v=juUt-rN5CVo
[2026-03-14T20:18:03] 6472 espectadores | TV Aparecida - AO VIVO - YouTube | https://www.youtube.com/watch?v=4CAmwaFJo6k
[2026-03-14T20:20:54] 1116 espectadores | Santuário Nacional AO VIVO - Você em constante Oração na Casa da Mãe - YouTube | https://www.youtube.com/watch?v=juUt-rN5CVo
[2026-03-14T20:21:02] 6498 espectadores | TV Aparecida - AO VIVO - YouTube | https://www.youtube.com/watch?v=4CAmwaFJo6k
[2026-03-14T20:23:53] 1100 espectadores | Santuário Nacional AO VIVO - Você em constante Oração na Casa da Mãe - YouTube | https://www.youtube.com/watch?v=juUt-rN5CVo
[2026-03-14T20:24:01] 6470 espectadores | TV Aparecida - AO VIVO - YouTube | https://www.youtube.com/watch?v=4CAmwaFJo6k
[2026-03-14T20:26:53] 1115 espectadores | Santuário Nacional AO VIVO - Você em constante Oração na Casa da Mãe - YouTube | https://www.youtube.com/watch?v=juUt-rN5CVo
[2026-03-14T20:27:01] 6427 espectadores | TV Aparecida - AO VIVO - YouTube | https://www.youtube.com/watch?v=4CAmwaFJo6k
[2026-03-14T20:29:52] 1082 espectadores | Santuário Nacional AO VIVO - Você em constante Oração na Casa da Mãe - YouTube | https://www.youtube.com/watch?v=juUt-rN5CVo
[2026-03-14T20:30:01] 6392 espectadores | TV Aparecida - AO VIVO - YouTube | https://www.youtube.com/watch?v=4CAmwaFJo6k
[2026-03-14T20:32:52] 1063 espectadores | Santuário Nacional AO VIVO - Você em constante Oração na Casa da Mãe - YouTube | https://www.youtube.com/watch?v=juUt-rN5CVo
[2026-03-14T20:33:01] 6384 espectadores | TV Aparecida - AO VIVO - YouTube | https://www.youtube.com/watch?v=4CAmwaFJo6k
[2026-03-14T20:35:53] 1063 espectadores | Santuário Nacional AO VIVO - Você em constante Oração na Casa da Mãe - YouTube | https://www.youtube.com/watch?v=juUt-rN5CVo
[2026-03-14T20:36:02] 6358 espectadores | TV Aparecida - AO VIVO - YouTube | https://www.youtube.com/watch?v=4CAmwaFJo6k
[2026-03-14T20:38:53] 1035 espectadores | Santuário Nacional AO VIVO - Você em constante Oração na Casa da Mãe - YouTube | https://www.youtube.com/watch?v=juUt-rN5CVo
[2026-03-14T20:39:02] 6248 espectadores | TV Aparecida - AO VIVO - YouTube | https://www.youtube.com/watch?v=4CAmwaFJo6k
[2026-03-14T20:42:32] contador não encontrado | www.youtube.com | https://www.youtube.com/watch?v=juUt-rN5CVo
[2026-03-14T20:42:32] None espectadores | www.youtube.com | https://www.youtube.com/watch?v=juUt-rN5CVo
[2026-03-14T20:42:41] 6186 espectadores | TV Aparecida - AO VIVO - YouTube | https://www.youtube.com/watch?v=4CAmwaFJo6k
[2026-03-14T20:44:53] 1027 espectadores | Santuário Nacional AO VIVO - Você em constante Oração na Casa da Mãe - YouTube | https://www.youtube.com/watch?v=juUt-rN5CVo
[2026-03-14T20:45:01] 6097 espectadores | TV Aparecida - AO VIVO - YouTube | https://www.youtube.com/watch?v=4CAmwaFJo6k
[2026-03-14T20:47:53] 1009 espectadores | Santuário Nacional AO VIVO - Você em constante Oração na Casa da Mãe - YouTube | https://www.youtube.com/watch?v=juUt-rN5CVo
[2026-03-14T20:48:01] 6078 espectadores | TV Aparecida - AO VIVO - YouTube | https://www.youtube.com/watch?v=4CAmwaFJo6k
[2026-03-14T20:50:57] 999 espectadores | Santuário Nacional AO VIVO - Você em constante Oração na Casa da Mãe - YouTube | https://www.youtube.com/watch?v=juUt-rN5CVo
[2026-03-14T20:51:06] 6077 espectadores | TV Aparecida - AO VIVO - YouTube | https://www.youtube.com/watch?v=4CAmwaFJo6k
[2026-03-14T20:53:53] 998 espectadores | Santuário Nacional AO VIVO - Você em constante Oração na Casa da Mãe - YouTube | https://www.youtube.com/watch?v=juUt-rN5CVo
[2026-03-14T20:54:02] 6058 espectadores | TV Aparecida - AO VIVO - YouTube | https://www.youtube.com/watch?v=4CAmwaFJo6k
[2026-03-14T20:56:53] 997 espectadores | Santuário Nacional AO VIVO - Você em constante Oração na Casa da Mãe - YouTube | https://www.youtube.com/watch?v=juUt-rN5CVo
[2026-03-14T20:57:02] 6059 espectadores | TV Aparecida - AO VIVO - YouTube | https://www.youtube.com/watch?v=4CAmwaFJo6k
[2026-03-14T20:59:52] 984 espectadores | Santuário Nacional AO VIVO - Você em constante Oração na Casa da Mãe - YouTube | https://www.youtube.com/watch?v=juUt-rN5CVo
[2026-03-14T21:00:01] 6044 espectadores | TV Aparecida - AO VIVO - YouTube | https://www.youtube.com/watch?v=4CAmwaFJo6k
[2026-03-14T21:02:52] 970 espectadores | Santuário Nacional AO VIVO - Você em constante Oração na Casa da Mãe - YouTube | https://www.youtube.com/watch?v=juUt-rN5CVo
[2026-03-14T21:03:01] 6015 espectadores | TV Aparecida - AO VIVO - YouTube | https://www.youtube.com/watch?v=4CAmwaFJo6k
[2026-03-14T21:05:55] 987 espectadores | Santuário Nacional AO VIVO - Você em constante Oração na Casa da Mãe - YouTube | https://www.youtube.com/watch?v=juUt-rN5CVo
[2026-03-14T21:06:01] 6020 espectadores | TV Aparecida - AO VIVO - YouTube | https://www.youtube.com/watch?v=4CAmwaFJo6k
[2026-03-14T21:08:54] 895 espectadores | Santuário Nacional AO VIVO - Você em constante Oração na Casa da Mãe - YouTube | https://www.youtube.com/watch?v=juUt-rN5CVo
[2026-03-14T21:09:02] 5122 espectadores | TV Aparecida - AO VIVO - YouTube | https://www.youtube.com/watch?v=4CAmwaFJo6k
[2026-03-14T21:11:52] 711 espectadores | Santuário Nacional AO VIVO - Você em constante Oração na Casa da Mãe - YouTube | https://www.youtube.com/watch?v=juUt-rN5CVo
[2026-03-14T21:12:01] 4457 espectadores | TV Aparecida - AO VIVO - YouTube | https://www.youtube.com/watch?v=4CAmwaFJo6k
[2026-03-14T21:14:54] 620 espectadores | Santuário Nacional AO VIVO - Você em constante Oração na Casa da Mãe - YouTube | https://www.youtube.com/watch?v=juUt-rN5CVo
[2026-03-14T21:15:02] 4119 espectadores | TV Aparecida - AO VIVO - YouTube | https://www.youtube.com/watch?v=4CAmwaFJo6k
[2026-03-14T21:17:53] 548 espectadores | Santuário Nacional AO VIVO - Você em constante Oração na Casa da Mãe - YouTube | https://www.youtube.com/watch?v=juUt-rN5CVo
[2026-03-14T21:18:02] 3954 espectadores | TV Aparecida - AO VIVO - YouTube | https://www.youtube.com/watch?v=4CAmwaFJo6k
[2026-03-14T21:20:53] 509 espectadores | Santuário Nacional AO VIVO - Você em constante Oração na Casa da Mãe - YouTube | https://www.youtube.com/watch?v=juUt-rN5CVo
[2026-03-14T21:21:02] 3853 espectadores | TV Aparecida - AO VIVO - YouTube | https://www.youtube.com/watch?v=4CAmwaFJo6k
[2026-03-14T21:24:00] 472 espectadores | Santuário Nacional AO VIVO - Você em constante Oração na Casa da Mãe - YouTube | https://www.youtube.com/watch?v=juUt-rN5CVo
[2026-03-14T21:24:09] 3802 espectadores | TV Aparecida - AO VIVO - YouTube | https://www.youtube.com/watch?v=4CAmwaFJo6k
[2026-03-14T21:27:04] 453 espectadores | Santuário Nacional AO VIVO - Você em constante Oração na Casa da Mãe - YouTube | https://www.youtube.com/watch?v=juUt-rN5CVo
[2026-03-14T21:27:13] 3670 espectadores | TV Aparecida - AO VIVO - YouTube | https://www.youtube.com/watch?v=4CAmwaFJo6k
[2026-03-14T21:29:53] 435 espectadores | Santuário Nacional AO VIVO - Você em constante Oração na Casa da Mãe - YouTube | https://www.youtube.com/watch?v=juUt-rN5CVo
[2026-03-14T21:30:02] 3601 espectadores | TV Aparecida - AO VIVO - YouTube | https://www.youtube.com/watch?v=4CAmwaFJo6k
[2026-03-14T21:32:54] 417 espectadores | Santuário Nacional AO VIVO - Você em constante Oração na Casa da Mãe - YouTube | https://www.youtube.com/watch?v=juUt-rN5CVo
[2026-03-14T21:33:03] 3543 espectadores | TV Aparecida - AO VIVO - YouTube | https://www.youtube.com/watch?v=4CAmwaFJo6k
[2026-03-14T21:35:57] 401 espectadores | Santuário Nacional AO VIVO - Você em constante Oração na Casa da Mãe - YouTube | https://www.youtube.com/watch?v=juUt-rN5CVo
[2026-03-14T21:36:06] 3490 espectadores | TV Aparecida - AO VIVO - YouTube | https://www.youtube.com/watch?v=4CAmwaFJo6k
[2026-03-14T21:38:54] 382 espectadores | Santuário Nacional AO VIVO - Você em constante Oração na Casa da Mãe - YouTube | https://www.youtube.com/watch?v=juUt-rN5CVo
[2026-03-14T21:39:02] 3371 espectadores | TV Aparecida - AO VIVO - YouTube | https://www.youtube.com/watch?v=4CAmwaFJo6k
[2026-03-14T21:41:53] 384 espectadores | Santuário Nacional AO VIVO - Você em constante Oração na Casa da Mãe - YouTube | https://www.youtube.com/watch?v=juUt-rN5CVo
[2026-03-14T21:42:02] 3306 espectadores | TV Aparecida - AO VIVO - YouTube | https://www.youtube.com/watch?v=4CAmwaFJo6k
[2026-03-14T21:44:55] 369 espectadores | Santuário Nacional AO VIVO - Você em constante Oração na Casa da Mãe - YouTube | https://www.youtube.com/watch?v=juUt-rN5CVo
[2026-03-14T21:45:03] 3231 espectadores | TV Aparecida - AO VIVO - YouTube | https://www.youtube.com/watch?v=4CAmwaFJo6k
[2026-03-14T21:47:54] 342 espectadores | Santuário Nacional AO VIVO - Você em constante Oração na Casa da Mãe - YouTube | https://www.youtube.com/watch?v=juUt-rN5CVo
[2026-03-14T21:48:03] 3130 espectadores | TV Aparecida - AO VIVO - YouTube | https://www.youtube.com/watch?v=4CAmwaFJo6k
[2026-03-14T21:50:54] 321 espectadores | Santuário Nacional AO VIVO - Você em constante Oração na Casa da Mãe - YouTube | https://www.youtube.com/watch?v=juUt-rN5CVo
[2026-03-14T21:51:03] 3018 espectadores | TV Aparecida - AO VIVO - YouTube | https://www.youtube.com/watch?v=4CAmwaFJo6k
[2026-03-14T21:54:02] 316 espectadores | Santuário Nacional AO VIVO - Você em constante Oração na Casa da Mãe - YouTube | https://www.youtube.com/watch?v=juUt-rN5CVo
[2026-03-14T21:54:12] 2935 espectadores | TV Aparecida - AO VIVO - YouTube | https://www.youtube.com/watch?v=4CAmwaFJo6k
[2026-03-14T21:56:52] 305 espectadores | Santuário Nacional AO VIVO - Você em constante Oração na Casa da Mãe - YouTube | https://www.youtube.com/watch?v=juUt-rN5CVo
[2026-03-14T21:57:02] 2874 espectadores | TV Aparecida - AO VIVO - YouTube | https://www.youtube.com/watch?v=4CAmwaFJo6k
[2026-03-14T21:59:59] 304 espectadores | Santuário Nacional AO VIVO - Você em constante Oração na Casa da Mãe - YouTube | https://www.youtube.com/watch?v=juUt-rN5CVo
[2026-03-14T22:00:06] 2808 espectadores | TV Aparecida - AO VIVO - YouTube | https://www.youtube.com/watch?v=4CAmwaFJo6k
[2026-03-14T22:02:55] 286 espectadores | Santuário Nacional AO VIVO - Você em constante Oração na Casa da Mãe - YouTube | https://www.youtube.com/watch?v=juUt-rN5CVo
[2026-03-14T22:03:04] 2743 espectadores | TV Aparecida - AO VIVO - YouTube | https://www.youtube.com/watch?v=4CAmwaFJo6k
[2026-03-14T22:05:54] 271 espectadores | Santuário Nacional AO VIVO - Você em constante Oração na Casa da Mãe - YouTube | https://www.youtube.com/watch?v=juUt-rN5CVo
[2026-03-14T22:06:03] 2659 espectadores | TV Aparecida - AO VIVO - YouTube | https://www.youtube.com/watch?v=4CAmwaFJo6k
[2026-03-14T22:08:56] 262 espectadores | Santuário Nacional AO VIVO - Você em constante Oração na Casa da Mãe - YouTube | https://www.youtube.com/watch?v=juUt-rN5CVo
[2026-03-14T22:09:05] 2581 espectadores | TV Aparecida - AO VIVO - YouTube | https://www.youtube.com/watch?v=4CAmwaFJo6k
[2026-03-14T22:11:58] 247 espectadores | Santuário Nacional AO VIVO - Você em constante Oração na Casa da Mãe - YouTube | https://www.youtube.com/watch?v=juUt-rN5CVo
[2026-03-14T22:12:07] 2526 espectadores | TV Aparecida - AO VIVO - YouTube | https://www.youtube.com/watch?v=4CAmwaFJo6k
[2026-03-14T22:14:56] 248 espectadores | Santuário Nacional AO VIVO - Você em constante Oração na Casa da Mãe - YouTube | https://www.youtube.com/watch?v=juUt-rN5CVo
[2026-03-14T22:15:05] 2452 espectadores | TV Aparecida - AO VIVO - YouTube | https://www.youtube.com/watch?v=4CAmwaFJo6k
[2026-03-14T22:17:53] 233 espectadores | Santuário Nacional AO VIVO - Você em constante Oração na Casa da Mãe - YouTube | https://www.youtube.com/watch?v=juUt-rN5CVo
[2026-03-14T22:18:01] 2419 espectadores | TV Aparecida - AO VIVO - YouTube | https://www.youtube.com/watch?v=4CAmwaFJo6k
[2026-03-14T22:20:57] 219 espectadores | Santuário Nacional AO VIVO - Você em constante Oração na Casa da Mãe - YouTube | https://www.youtube.com/watch?v=juUt-rN5CVo
[2026-03-14T22:21:05] 2356 espectadores | TV Aparecida - AO VIVO - YouTube | https://www.youtube.com/watch?v=4CAmwaFJo6k
[2026-03-14T22:23:54] 210 espectadores | Santuário Nacional AO VIVO - Você em constante Oração na Casa da Mãe - YouTube | https://www.youtube.com/watch?v=juUt-rN5CVo
[2026-03-14T22:24:03] 2298 espectadores | TV Aparecida - AO VIVO - YouTube | https://www.youtube.com/watch?v=4CAmwaFJo6k
[2026-03-14T22:26:54] 219 espectadores | Santuário Nacional AO VIVO - Você em constante Oração na Casa da Mãe - YouTube | https://www.youtube.com/watch?v=juUt-rN5CVo
[2026-03-14T22:27:03] 2243 espectadores | TV Aparecida - AO VIVO - YouTube | https://www.youtube.com/watch?v=4CAmwaFJo6k
[2026-03-14T22:29:52] 220 espectadores | Santuário Nacional AO VIVO - Você em constante Oração na Casa da Mãe - YouTube | https://www.youtube.com/watch?v=juUt-rN5CVo
[2026-03-14T22:30:01] 2206 espectadores | TV Aparecida - AO VIVO - YouTube | https://www.youtube.com/watch?v=4CAmwaFJo6k
[2026-03-14T22:32:55] 218 espectadores | Santuário Nacional AO VIVO - Você em constante Oração na Casa da Mãe - YouTube | https://www.youtube.com/watch?v=juUt-rN5CVo
[2026-03-14T22:33:03] 2146 espectadores | TV Aparecida - AO VIVO - YouTube | https://www.youtube.com/watch?v=4CAmwaFJo6k
[2026-03-14T22:35:51] 212 espectadores | Santuário Nacional AO VIVO - Você em constante Oração na Casa da Mãe - YouTube | https://www.youtube.com/watch?v=juUt-rN5CVo
[2026-03-14T22:36:00] 2116 espectadores | TV Aparecida - AO VIVO - YouTube | https://www.youtube.com/watch?v=4CAmwaFJo6k
[2026-03-14T22:38:54] 212 espectadores | Santuário Nacional AO VIVO - Você em constante Oração na Casa da Mãe - YouTube | https://www.youtube.com/watch?v=juUt-rN5CVo
[2026-03-14T22:39:03] 2091 espectadores | TV Aparecida - AO VIVO - YouTube | https://www.youtube.com/watch?v=4CAmwaFJo6k
[2026-03-14T22:41:55] 212 espectadores | Santuário Nacional AO VIVO - Você em constante Oração na Casa da Mãe - YouTube | https://www.youtube.com/watch?v=juUt-rN5CVo
[2026-03-14T22:42:03] 2070 espectadores | TV Aparecida - AO VIVO - YouTube | https://www.youtube.com/watch?v=4CAmwaFJo6k
[2026-03-14T22:44:54] 216 espectadores | Santuário Nacional AO VIVO - Você em constante Oração na Casa da Mãe - YouTube | https://www.youtube.com/watch?v=juUt-rN5CVo
[2026-03-14T22:45:02] 1985 espectadores | TV Aparecida - AO VIVO - YouTube | https://www.youtube.com/watch?v=4CAmwaFJo6k
[2026-03-14T22:47:53] 213 espectadores | Santuário Nacional AO VIVO - Você em constante Oração na Casa da Mãe - YouTube | https://www.youtube.com/watch?v=juUt-rN5CVo
[2026-03-14T22:48:02] 1911 espectadores | TV Aparecida - AO VIVO - YouTube | https://www.youtube.com/watch?v=4CAmwaFJo6k
[2026-03-14T22:50:56] 213 espectadores | Santuário Nacional AO VIVO - Você em constante Oração na Casa da Mãe - YouTube | https://www.youtube.com/watch?v=juUt-rN5CVo
[2026-03-14T22:51:04] 1822 espectadores | TV Aparecida - AO VIVO - YouTube | https://www.youtube.com/watch?v=4CAmwaFJo6k
[2026-03-14T22:53:56] 220 espectadores | Santuário Nacional AO VIVO - Você em constante Oração na Casa da Mãe - YouTube | https://www.youtube.com/watch?v=juUt-rN5CVo
[2026-03-14T22:54:05] 1748 espectadores | TV Aparecida - AO VIVO - YouTube | https://www.youtube.com/watch?v=4CAmwaFJo6k
[2026-03-14T22:56:59] 222 espectadores | Santuário Nacional AO VIVO - Você em constante Oração na Casa da Mãe - YouTube | https://www.youtube.com/watch?v=juUt-rN5CVo
[2026-03-14T22:57:08] 1702 espectadores | TV Aparecida - AO VIVO - YouTube | https://www.youtube.com/watch?v=4CAmwaFJo6k
[2026-03-14T22:59:58] 226 espectadores | Santuário Nacional AO VIVO - Você em constante Oração na Casa da Mãe - YouTube | https://www.youtube.com/watch?v=juUt-rN5CVo
[2026-03-14T23:00:06] 1637 espectadores | TV Aparecida - AO VIVO - YouTube | https://www.youtube.com/watch?v=4CAmwaFJo6k
[2026-03-14T23:03:29] 218 espectadores | Santuário Nacional AO VIVO - Você em constante Oração na Casa da Mãe - YouTube | https://www.youtube.com/watch?v=juUt-rN5CVo
[2026-03-14T23:03:53] 1550 espectadores | TV Aparecida - AO VIVO - YouTube | https://www.youtube.com/watch?v=4CAmwaFJo6k
[2026-03-14T23:05:58] 206 espectadores | Santuário Nacional AO VIVO - Você em constante Oração na Casa da Mãe - YouTube | https://www.youtube.com/watch?v=juUt-rN5CVo
[2026-03-14T23:06:06] 1514 espectadores | TV Aparecida - AO VIVO - YouTube | https://www.youtube.com/watch?v=4CAmwaFJo6k
[2026-03-14T23:09:53] 201 espectadores | Santuário Nacional AO VIVO - Você em constante Oração na Casa da Mãe - YouTube | https://www.youtube.com/watch?v=juUt-rN5CVo
[2026-03-14T23:10:02] 1439 espectadores | TV Aparecida - AO VIVO - YouTube | https://www.youtube.com/watch?v=4CAmwaFJo6k
[2026-03-15T07:45:11] 2339 espectadores | Santuário Nacional AO VIVO - Você em constante Oração na Casa da Mãe - YouTube | https://www.youtube.com/watch?v=juUt-rN5CVo
[2026-03-15T07:45:19] 3643 espectadores | TV Aparecida - AO VIVO - YouTube | https://www.youtube.com/watch?v=4CAmwaFJo6k
[2026-03-15T07:48:06] 2607 espectadores | Santuário Nacional AO VIVO - Você em constante Oração na Casa da Mãe - YouTube | https://www.youtube.com/watch?v=juUt-rN5CVo
[2026-03-15T07:48:14] 4045 espectadores | TV Aparecida - AO VIVO - YouTube | https://www.youtube.com/watch?v=4CAmwaFJo6k
[2026-03-15T07:51:02] 2983 espectadores | Santuário Nacional AO VIVO - Você em constante Oração na Casa da Mãe - YouTube | https://www.youtube.com/watch?v=juUt-rN5CVo
[2026-03-15T07:51:09] 4637 espectadores | TV Aparecida - AO VIVO - YouTube | https://www.youtube.com/watch?v=4CAmwaFJo6k
[2026-03-15T07:53:53] 3547 espectadores | Santuário Nacional AO VIVO - Você em constante Oração na Casa da Mãe - YouTube | https://www.youtube.com/watch?v=juUt-rN5CVo
[2026-03-15T07:54:02] 5516 espectadores | TV Aparecida - AO VIVO - YouTube | https://www.youtube.com/watch?v=4CAmwaFJo6k
[2026-03-15T07:56:56] 4337 espectadores | Santuário Nacional AO VIVO - Você em constante Oração na Casa da Mãe - YouTube | https://www.youtube.com/watch?v=juUt-rN5CVo
[2026-03-15T07:57:04] 6836 espectadores | TV Aparecida - AO VIVO - YouTube | https://www.youtube.com/watch?v=4CAmwaFJo6k
[2026-03-15T07:59:53] 5533 espectadores | Santuário Nacional AO VIVO - Você em constante Oração na Casa da Mãe - YouTube | https://www.youtube.com/watch?v=juUt-rN5CVo
[2026-03-15T08:00:02] 8271 espectadores | TV Aparecida - AO VIVO - YouTube | https://www.youtube.com/watch?v=4CAmwaFJo6k
[2026-03-15T08:02:52] 7485 espectadores | Santuário Nacional AO VIVO - Você em constante Oração na Casa da Mãe - YouTube | https://www.youtube.com/watch?v=juUt-rN5CVo
[2026-03-15T08:03:01] 10597 espectadores | TV Aparecida - AO VIVO - YouTube | https://www.youtube.com/watch?v=4CAmwaFJo6k
[2026-03-15T08:05:57] 8988 espectadores | Santuário Nacional AO VIVO - Você em constante Oração na Casa da Mãe - YouTube | https://www.youtube.com/watch?v=juUt-rN5CVo
[2026-03-15T08:06:05] 12298 espectadores | TV Aparecida - AO VIVO - YouTube | https://www.youtube.com/watch?v=4CAmwaFJo6k
[2026-03-15T08:08:52] 9878 espectadores | Santuário Nacional AO VIVO - Você em constante Oração na Casa da Mãe - YouTube | https://www.youtube.com/watch?v=juUt-rN5CVo
[2026-03-15T08:09:00] 13661 espectadores | TV Aparecida - AO VIVO - YouTube | https://www.youtube.com/watch?v=4CAmwaFJo6k
[2026-03-15T08:11:52] 10636 espectadores | Santuário Nacional AO VIVO - Você em constante Oração na Casa da Mãe - YouTube | https://www.youtube.com/watch?v=juUt-rN5CVo
[2026-03-15T08:12:00] 14731 espectadores | TV Aparecida - AO VIVO - YouTube | https://www.youtube.com/watch?v=4CAmwaFJo6k
[2026-03-15T08:14:52] 11289 espectadores | Santuário Nacional AO VIVO - Você em constante Oração na Casa da Mãe - YouTube | https://www.youtube.com/watch?v=juUt-rN5CVo
[2026-03-15T08:15:00] 15490 espectadores | TV Aparecida - AO VIVO - YouTube | https://www.youtube.com/watch?v=4CAmwaFJo6k
[2026-03-15T08:17:56] 11856 espectadores | Santuário Nacional AO VIVO - Você em constante Oração na Casa da Mãe - YouTube | https://www.youtube.com/watch?v=juUt-rN5CVo
[2026-03-15T08:18:04] 16039 espectadores | TV Aparecida - AO VIVO - YouTube | https://www.youtube.com/watch?v=4CAmwaFJo6k
[2026-03-15T08:20:55] 12300 espectadores | Santuário Nacional AO VIVO - Você em constante Oração na Casa da Mãe - YouTube | https://www.youtube.com/watch?v=juUt-rN5CVo
[2026-03-15T08:21:03] 16460 espectadores | TV Aparecida - AO VIVO - YouTube | https://www.youtube.com/watch?v=4CAmwaFJo6k
[2026-03-15T08:23:53] 12630 espectadores | Santuário Nacional AO VIVO - Você em constante Oração na Casa da Mãe - YouTube | https://www.youtube.com/watch?v=juUt-rN5CVo
[2026-03-15T08:24:02] 16881 espectadores | TV Aparecida - AO VIVO - YouTube | https://www.youtube.com/watch?v=4CAmwaFJo6k
[2026-03-15T08:26:53] 12899 espectadores | Santuário Nacional AO VIVO - Você em constante Oração na Casa da Mãe - YouTube | https://www.youtube.com/watch?v=juUt-rN5CVo
[2026-03-15T08:27:02] 17186 espectadores | TV Aparecida - AO VIVO - YouTube | https://www.youtube.com/watch?v=4CAmwaFJo6k
[2026-03-15T08:29:54] 13154 espectadores | Santuário Nacional AO VIVO - Você em constante Oração na Casa da Mãe - YouTube | https://www.youtube.com/watch?v=juUt-rN5CVo
[2026-03-15T08:30:03] 17486 espectadores | TV Aparecida - AO VIVO - YouTube | https://www.youtube.com/watch?v=4CAmwaFJo6k
[2026-03-15T08:32:55] 13302 espectadores | Santuário Nacional AO VIVO - Você em constante Oração na Casa da Mãe - YouTube | https://www.youtube.com/watch?v=juUt-rN5CVo
[2026-03-15T08:33:04] 17674 espectadores | TV Aparecida - AO VIVO - YouTube | https://www.youtube.com/watch?v=4CAmwaFJo6k
[2026-03-15T08:35:53] 13431 espectadores | Santuário Nacional AO VIVO - Você em constante Oração na Casa da Mãe - YouTube | https://www.youtube.com/watch?v=juUt-rN5CVo
[2026-03-15T08:36:01] 17760 espectadores | TV Aparecida - AO VIVO - YouTube | https://www.youtube.com/watch?v=4CAmwaFJo6k
[2026-03-15T08:38:52] 13512 espectadores | Santuário Nacional AO VIVO - Você em constante Oração na Casa da Mãe - YouTube | https://www.youtube.com/watch?v=juUt-rN5CVo
[2026-03-15T08:39:01] 17865 espectadores | TV Aparecida - AO VIVO - YouTube | https://www.youtube.com/watch?v=4CAmwaFJo6k
[2026-03-15T08:41:53] 13648 espectadores | Santuário Nacional AO VIVO - Você em constante Oração na Casa da Mãe - YouTube | https://www.youtube.com/watch?v=juUt-rN5CVo
[2026-03-15T08:42:02] 18038 espectadores | TV Aparecida - AO VIVO - YouTube | https://www.youtube.com/watch?v=4CAmwaFJo6k
[2026-03-15T08:44:56] 13687 espectadores | Santuário Nacional AO VIVO - Você em constante Oração na Casa da Mãe - YouTube | https://www.youtube.com/watch?v=juUt-rN5CVo
[2026-03-15T08:45:04] 18183 espectadores | TV Aparecida - AO VIVO - YouTube | https://www.youtube.com/watch?v=4CAmwaFJo6k
[2026-03-15T08:47:53] 13722 espectadores | Santuário Nacional AO VIVO - Você em constante Oração na Casa da Mãe - YouTube | https://www.youtube.com/watch?v=juUt-rN5CVo
[2026-03-15T08:48:02] 18330 espectadores | TV Aparecida - AO VIVO - YouTube | https://www.youtube.com/watch?v=4CAmwaFJo6k
[2026-03-15T08:50:55] 13727 espectadores | Santuário Nacional AO VIVO - Você em constante Oração na Casa da Mãe - YouTube | https://www.youtube.com/watch?v=juUt-rN5CVo
[2026-03-15T08:51:03] 18437 espectadores | TV Aparecida - AO VIVO - YouTube | https://www.youtube.com/watch?v=4CAmwaFJo6k
[2026-03-15T08:53:53] 13726 espectadores | Santuário Nacional AO VIVO - Você em constante Oração na Casa da Mãe - YouTube | https://www.youtube.com/watch?v=juUt-rN5CVo
[2026-03-15T08:54:02] 18529 espectadores | TV Aparecida - AO VIVO - YouTube | https://www.youtube.com/watch?v=4CAmwaFJo6k
[2026-03-15T08:56:54] 13801 espectadores | Santuário Nacional AO VIVO - Você em constante Oração na Casa da Mãe - YouTube | https://www.youtube.com/watch?v=juUt-rN5CVo
[2026-03-15T08:57:03] 18620 espectadores | TV Aparecida - AO VIVO - YouTube | https://www.youtube.com/watch?v=4CAmwaFJo6k
[2026-03-15T08:59:54] 13167 espectadores | Santuário Nacional AO VIVO - Você em constante Oração na Casa da Mãe - YouTube | https://www.youtube.com/watch?v=juUt-rN5CVo
[2026-03-15T09:00:03] 18014 espectadores | TV Aparecida - AO VIVO - YouTube | https://www.youtube.com/watch?v=4CAmwaFJo6k
[2026-03-15T09:02:54] 7815 espectadores | Santuário Nacional AO VIVO - Você em constante Oração na Casa da Mãe - YouTube | https://www.youtube.com/watch?v=juUt-rN5CVo
[2026-03-15T09:03:03] 12185 espectadores | TV Aparecida - AO VIVO - YouTube | https://www.youtube.com/watch?v=4CAmwaFJo6k
[2026-03-15T09:05:53] 5951 espectadores | Santuário Nacional AO VIVO - Você em constante Oração na Casa da Mãe - YouTube | https://www.youtube.com/watch?v=juUt-rN5CVo
[2026-03-15T09:06:01] 10197 espectadores | TV Aparecida - AO VIVO - YouTube | https://www.youtube.com/watch?v=4CAmwaFJo6k
[2026-03-15T09:08:55] 5146 espectadores | Santuário Nacional AO VIVO - Você em constante Oração na Casa da Mãe - YouTube | https://www.youtube.com/watch?v=juUt-rN5CVo
[2026-03-15T09:09:04] 9423 espectadores | TV Aparecida - AO VIVO - YouTube | https://www.youtube.com/watch?v=4CAmwaFJo6k
[2026-03-15T09:11:52] 4597 espectadores | Santuário Nacional AO VIVO - Você em constante Oração na Casa da Mãe - YouTube | https://www.youtube.com/watch?v=juUt-rN5CVo
[2026-03-15T09:12:01] 8987 espectadores | TV Aparecida - AO VIVO - YouTube | https://www.youtube.com/watch?v=4CAmwaFJo6k
[2026-03-15T09:14:52] 4193 espectadores | Santuário Nacional AO VIVO - Você em constante Oração na Casa da Mãe - YouTube | https://www.youtube.com/watch?v=juUt-rN5CVo
[2026-03-15T09:15:01] 8721 espectadores | TV Aparecida - AO VIVO - YouTube | https://www.youtube.com/watch?v=4CAmwaFJo6k
[2026-03-15T09:17:53] 3836 espectadores | Santuário Nacional AO VIVO - Você em constante Oração na Casa da Mãe - YouTube | https://www.youtube.com/watch?v=juUt-rN5CVo
[2026-03-15T09:18:01] 8454 espectadores | TV Aparecida - AO VIVO - YouTube | https://www.youtube.com/watch?v=4CAmwaFJo6k
[2026-03-15T09:20:55] 3550 espectadores | Santuário Nacional AO VIVO - Você em constante Oração na Casa da Mãe - YouTube | https://www.youtube.com/watch?v=juUt-rN5CVo
[2026-03-15T09:21:03] 8254 espectadores | TV Aparecida - AO VIVO - YouTube | https://www.youtube.com/watch?v=4CAmwaFJo6k
[2026-03-15T09:23:56] 3244 espectadores | Santuário Nacional AO VIVO - Você em constante Oração na Casa da Mãe - YouTube | https://www.youtube.com/watch?v=juUt-rN5CVo
[2026-03-15T09:24:04] 8101 espectadores | TV Aparecida - AO VIVO - YouTube | https://www.youtube.com/watch?v=4CAmwaFJo6k
[2026-03-15T09:26:53] 3020 espectadores | Santuário Nacional AO VIVO - Você em constante Oração na Casa da Mãe - YouTube | https://www.youtube.com/watch?v=juUt-rN5CVo
[2026-03-15T09:27:02] 7883 espectadores | TV Aparecida - AO VIVO - YouTube | https://www.youtube.com/watch?v=4CAmwaFJo6k
[2026-03-15T09:29:55] 2864 espectadores | Santuário Nacional AO VIVO - Você em constante Oração na Casa da Mãe - YouTube | https://www.youtube.com/watch?v=juUt-rN5CVo
[2026-03-15T09:30:03] 7706 espectadores | TV Aparecida - AO VIVO - YouTube | https://www.youtube.com/watch?v=4CAmwaFJo6k
[2026-03-15T09:32:55] 2718 espectadores | Santuário Nacional AO VIVO - Você em constante Oração na Casa da Mãe - YouTube | https://www.youtube.com/watch?v=juUt-rN5CVo
[2026-03-15T09:33:03] 7596 espectadores | TV Aparecida - AO VIVO - YouTube | https://www.youtube.com/watch?v=4CAmwaFJo6k
[2026-03-15T09:35:54] 2578 espectadores | Santuário Nacional AO VIVO - Você em constante Oração na Casa da Mãe - YouTube | https://www.youtube.com/watch?v=juUt-rN5CVo
[2026-03-15T09:36:02] 7439 espectadores | TV Aparecida - AO VIVO - YouTube | https://www.youtube.com/watch?v=4CAmwaFJo6k
[2026-03-15T09:38:53] 2420 espectadores | Santuário Nacional AO VIVO - Você em constante Oração na Casa da Mãe - YouTube | https://www.youtube.com/watch?v=juUt-rN5CVo
[2026-03-15T09:39:01] 7346 espectadores | TV Aparecida - AO VIVO - YouTube | https://www.youtube.com/watch?v=4CAmwaFJo6k
[2026-03-15T09:41:56] 2308 espectadores | Santuário Nacional AO VIVO - Você em constante Oração na Casa da Mãe - YouTube | https://www.youtube.com/watch?v=juUt-rN5CVo
[2026-03-15T09:42:05] 7333 espectadores | TV Aparecida - AO VIVO - YouTube | https://www.youtube.com/watch?v=4CAmwaFJo6k
[2026-03-15T09:44:52] 2220 espectadores | Santuário Nacional AO VIVO - Você em constante Oração na Casa da Mãe - YouTube | https://www.youtube.com/watch?v=juUt-rN5CVo
[2026-03-15T09:45:01] 7247 espectadores | TV Aparecida - AO VIVO - YouTube | https://www.youtube.com/watch?v=4CAmwaFJo6k
[2026-03-15T09:47:53] 2152 espectadores | Santuário Nacional AO VIVO - Você em constante Oração na Casa da Mãe - YouTube | https://www.youtube.com/watch?v=juUt-rN5CVo
[2026-03-15T09:48:02] 7202 espectadores | TV Aparecida - AO VIVO - YouTube | https://www.youtube.com/watch?v=4CAmwaFJo6k
[2026-03-15T09:50:54] 2046 espectadores | Santuário Nacional AO VIVO - Você em constante Oração na Casa da Mãe - YouTube | https://www.youtube.com/watch?v=juUt-rN5CVo
[2026-03-15T09:51:03] 7261 espectadores | TV Aparecida - AO VIVO - YouTube | https://www.youtube.com/watch?v=4CAmwaFJo6k
[2026-03-15T09:53:52] 1982 espectadores | Santuário Nacional AO VIVO - Você em constante Oração na Casa da Mãe - YouTube | https://www.youtube.com/watch?v=juUt-rN5CVo
[2026-03-15T09:54:00] 7184 espectadores | TV Aparecida - AO VIVO - YouTube | https://www.youtube.com/watch?v=4CAmwaFJo6k
[2026-03-15T09:56:55] 1901 espectadores | Santuário Nacional AO VIVO - Você em constante Oração na Casa da Mãe - YouTube | https://www.youtube.com/watch?v=juUt-rN5CVo
[2026-03-15T09:57:03] 7105 espectadores | TV Aparecida - AO VIVO - YouTube | https://www.youtube.com/watch?v=4CAmwaFJo6k
[2026-03-15T09:59:53] 1837 espectadores | Santuário Nacional AO VIVO - Você em constante Oração na Casa da Mãe - YouTube | https://www.youtube.com/watch?v=juUt-rN5CVo
[2026-03-15T10:00:02] 7057 espectadores | TV Aparecida - AO VIVO - YouTube | https://www.youtube.com/watch?v=4CAmwaFJo6k
[2026-03-15T10:02:55] 1784 espectadores | Santuário Nacional AO VIVO - Você em constante Oração na Casa da Mãe - YouTube | https://www.youtube.com/watch?v=juUt-rN5CVo
[2026-03-15T10:03:03] 7001 espectadores | TV Aparecida - AO VIVO - YouTube | https://www.youtube.com/watch?v=4CAmwaFJo6k
[2026-03-15T10:05:53] 1672 espectadores | Santuário Nacional AO VIVO - Você em constante Oração na Casa da Mãe - YouTube | https://www.youtube.com/watch?v=juUt-rN5CVo
[2026-03-15T10:06:01] 6916 espectadores | TV Aparecida - AO VIVO - YouTube | https://www.youtube.com/watch?v=4CAmwaFJo6k
[2026-03-15T10:08:53] 1617 espectadores | Santuário Nacional AO VIVO - Você em constante Oração na Casa da Mãe - YouTube | https://www.youtube.com/watch?v=juUt-rN5CVo
[2026-03-15T10:09:02] 6879 espectadores | TV Aparecida - AO VIVO - YouTube | https://www.youtube.com/watch?v=4CAmwaFJo6k
[2026-03-15T10:11:53] 1594 espectadores | Santuário Nacional AO VIVO - Você em constante Oração na Casa da Mãe - YouTube | https://www.youtube.com/watch?v=juUt-rN5CVo
[2026-03-15T10:12:01] 6788 espectadores | TV Aparecida - AO VIVO - YouTube | https://www.youtube.com/watch?v=4CAmwaFJo6k
[2026-03-15T10:14:53] 1566 espectadores | Santuário Nacional AO VIVO - Você em constante Oração na Casa da Mãe - YouTube | https://www.youtube.com/watch?v=juUt-rN5CVo
[2026-03-15T10:15:01] 6684 espectadores | TV Aparecida - AO VIVO - YouTube | https://www.youtube.com/watch?v=4CAmwaFJo6k
[2026-03-15T10:17:55] 1548 espectadores | Santuário Nacional AO VIVO - Você em constante Oração na Casa da Mãe - YouTube | https://www.youtube.com/watch?v=juUt-rN5CVo
[2026-03-15T10:18:04] 6665 espectadores | TV Aparecida - AO VIVO - YouTube | https://www.youtube.com/watch?v=4CAmwaFJo6k
[2026-03-15T10:20:53] 1534 espectadores | Santuário Nacional AO VIVO - Você em constante Oração na Casa da Mãe - YouTube | https://www.youtube.com/watch?v=juUt-rN5CVo
[2026-03-15T10:21:02] 6676 espectadores | TV Aparecida - AO VIVO - YouTube | https://www.youtube.com/watch?v=4CAmwaFJo6k
[2026-03-15T10:23:53] 1498 espectadores | Santuário Nacional AO VIVO - Você em constante Oração na Casa da Mãe - YouTube | https://www.youtube.com/watch?v=juUt-rN5CVo
[2026-03-15T10:24:02] 6680 espectadores | TV Aparecida - AO VIVO - YouTube | https://www.youtube.com/watch?v=4CAmwaFJo6k
[2026-03-15T10:26:55] 1476 espectadores | Santuário Nacional AO VIVO - Você em constante Oração na Casa da Mãe - YouTube | https://www.youtube.com/watch?v=juUt-rN5CVo
[2026-03-15T10:27:04] 6628 espectadores | TV Aparecida - AO VIVO - YouTube | https://www.youtube.com/watch?v=4CAmwaFJo6k
[2026-03-15T10:29:53] 1459 espectadores | Santuário Nacional AO VIVO - Você em constante Oração na Casa da Mãe - YouTube | https://www.youtube.com/watch?v=juUt-rN5CVo
[2026-03-15T10:30:02] 6582 espectadores | TV Aparecida - AO VIVO - YouTube | https://www.youtube.com/watch?v=4CAmwaFJo6k
[2026-03-15T10:32:55] 1420 espectadores | Santuário Nacional AO VIVO - Você em constante Oração na Casa da Mãe - YouTube | https://www.youtube.com/watch?v=juUt-rN5CVo
[2026-03-15T10:33:04] 6569 espectadores | TV Aparecida - AO VIVO - YouTube | https://www.youtube.com/watch?v=4CAmwaFJo6k
[2026-03-15T10:35:56] 1381 espectadores | Santuário Nacional AO VIVO - Você em constante Oração na Casa da Mãe - YouTube | https://www.youtube.com/watch?v=juUt-rN5CVo
[2026-03-15T10:36:05] 6522 espectadores | TV Aparecida - AO VIVO - YouTube | https://www.youtube.com/watch?v=4CAmwaFJo6k
[2026-03-15T10:38:54] 1349 espectadores | Santuário Nacional AO VIVO - Você em constante Oração na Casa da Mãe - YouTube | https://www.youtube.com/watch?v=juUt-rN5CVo
[2026-03-15T10:39:03] 6479 espectadores | TV Aparecida - AO VIVO - YouTube | https://www.youtube.com/watch?v=4CAmwaFJo6k
[2026-03-15T10:41:54] 1327 espectadores | Santuário Nacional AO VIVO - Você em constante Oração na Casa da Mãe - YouTube | https://www.youtube.com/watch?v=juUt-rN5CVo
[2026-03-15T10:42:03] 6483 espectadores | TV Aparecida - AO VIVO - YouTube | https://www.youtube.com/watch?v=4CAmwaFJo6k
[2026-03-15T10:44:58] 1295 espectadores | Santuário Nacional AO VIVO - Você em constante Oração na Casa da Mãe - YouTube | https://www.youtube.com/watch?v=juUt-rN5CVo
[2026-03-15T10:45:07] 6521 espectadores | TV Aparecida - AO VIVO - YouTube | https://www.youtube.com/watch?v=4CAmwaFJo6k
[2026-03-15T10:47:54] 1283 espectadores | Santuário Nacional AO VIVO - Você em constante Oração na Casa da Mãe - YouTube | https://www.youtube.com/watch?v=juUt-rN5CVo
[2026-03-15T10:48:03] 6566 espectadores | TV Aparecida - AO VIVO - YouTube | https://www.youtube.com/watch?v=4CAmwaFJo6k
[2026-03-15T10:50:54] 1242 espectadores | Santuário Nacional AO VIVO - Você em constante Oração na Casa da Mãe - YouTube | https://www.youtube.com/watch?v=juUt-rN5CVo
[2026-03-15T10:51:03] 6540 espectadores | TV Aparecida - AO VIVO - YouTube | https://www.youtube.com/watch?v=4CAmwaFJo6k
[2026-03-15T10:53:55] 1227 espectadores | Santuário Nacional AO VIVO - Você em constante Oração na Casa da Mãe - YouTube | https://www.youtube.com/watch?v=juUt-rN5CVo
[2026-03-15T10:54:03] 6605 espectadores | TV Aparecida - AO VIVO - YouTube | https://www.youtube.com/watch?v=4CAmwaFJo6k
[2026-03-15T10:56:53] 1209 espectadores | Santuário Nacional AO VIVO - Você em constante Oração na Casa da Mãe - YouTube | https://www.youtube.com/watch?v=juUt-rN5CVo
[2026-03-15T10:57:02] 6657 espectadores | TV Aparecida - AO VIVO - YouTube | https://www.youtube.com/watch?v=4CAmwaFJo6k
[2026-03-15T10:59:53] 1193 espectadores | Santuário Nacional AO VIVO - Você em constante Oração na Casa da Mãe - YouTube | https://www.youtube.com/watch?v=juUt-rN5CVo
[2026-03-15T11:00:02] 6618 espectadores | TV Aparecida - AO VIVO - YouTube | https://www.youtube.com/watch?v=4CAmwaFJo6k
[2026-03-15T11:02:54] 1169 espectadores | Santuário Nacional AO VIVO - Você em constante Oração na Casa da Mãe - YouTube | https://www.youtube.com/watch?v=juUt-rN5CVo
[2026-03-15T11:03:02] 6582 espectadores | TV Aparecida - AO VIVO - YouTube | https://www.youtube.com/watch?v=4CAmwaFJo6k
[2026-03-15T11:05:54] 1173 espectadores | Santuário Nacional AO VIVO - Você em constante Oração na Casa da Mãe - YouTube | https://www.youtube.com/watch?v=juUt-rN5CVo
[2026-03-15T11:06:02] 6525 espectadores | TV Aparecida - AO VIVO - YouTube | https://www.youtube.com/watch?v=4CAmwaFJo6k
[2026-03-15T11:08:53] 1166 espectadores | Santuário Nacional AO VIVO - Você em constante Oração na Casa da Mãe - YouTube | https://www.youtube.com/watch?v=juUt-rN5CVo
[2026-03-15T11:09:02] 6535 espectadores | TV Aparecida - AO VIVO - YouTube | https://www.youtube.com/watch?v=4CAmwaFJo6k
[2026-03-15T11:11:55] 1162 espectadores | Santuário Nacional AO VIVO - Você em constante Oração na Casa da Mãe - YouTube | https://www.youtube.com/watch?v=juUt-rN5CVo
[2026-03-15T11:12:04] 6539 espectadores | TV Aparecida - AO VIVO - YouTube | https://www.youtube.com/watch?v=4CAmwaFJo6k
[2026-03-15T11:14:53] 1150 espectadores | Santuário Nacional AO VIVO - Você em constante Oração na Casa da Mãe - YouTube | https://www.youtube.com/watch?v=juUt-rN5CVo
[2026-03-15T11:15:02] 6477 espectadores | TV Aparecida - AO VIVO - YouTube | https://www.youtube.com/watch?v=4CAmwaFJo6k
[2026-03-15T11:17:53] 1137 espectadores | Santuário Nacional AO VIVO - Você em constante Oração na Casa da Mãe - YouTube | https://www.youtube.com/watch?v=juUt-rN5CVo
[2026-03-15T11:18:01] 6488 espectadores | TV Aparecida - AO VIVO - YouTube | https://www.youtube.com/watch?v=4CAmwaFJo6k
[2026-03-15T11:20:55] 1120 espectadores | Santuário Nacional AO VIVO - Você em constante Oração na Casa da Mãe - YouTube | https://www.youtube.com/watch?v=juUt-rN5CVo
[2026-03-15T11:21:04] 6462 espectadores | TV Aparecida - AO VIVO - YouTube | https://www.youtube.com/watch?v=4CAmwaFJo6k
[2026-03-15T11:23:52] 1119 espectadores | Santuário Nacional AO VIVO - Você em constante Oração na Casa da Mãe - YouTube | https://www.youtube.com/watch?v=juUt-rN5CVo
[2026-03-15T11:24:02] 6429 espectadores | TV Aparecida - AO VIVO - YouTube | https://www.youtube.com/watch?v=4CAmwaFJo6k
[2026-03-15T11:26:53] 1140 espectadores | Santuário Nacional AO VIVO - Você em constante Oração na Casa da Mãe - YouTube | https://www.youtube.com/watch?v=juUt-rN5CVo
[2026-03-15T11:27:01] 6365 espectadores | TV Aparecida - AO VIVO - YouTube | https://www.youtube.com/watch?v=4CAmwaFJo6k
[2026-03-15T11:29:53] 1143 espectadores | Santuário Nacional AO VIVO - Você em constante Oração na Casa da Mãe - YouTube | https://www.youtube.com/watch?v=juUt-rN5CVo
[2026-03-15T11:30:01] 6342 espectadores | TV Aparecida - AO VIVO - YouTube | https://www.youtube.com/watch?v=4CAmwaFJo6k
[2026-03-15T11:32:56] 1156 espectadores | Santuário Nacional AO VIVO - Você em constante Oração na Casa da Mãe - YouTube | https://www.youtube.com/watch?v=juUt-rN5CVo
[2026-03-15T11:33:04] 6303 espectadores | TV Aparecida - AO VIVO - YouTube | https://www.youtube.com/watch?v=4CAmwaFJo6k
[2026-03-15T11:35:52] 1145 espectadores | Santuário Nacional AO VIVO - Você em constante Oração na Casa da Mãe - YouTube | https://www.youtube.com/watch?v=juUt-rN5CVo
[2026-03-15T11:36:01] 6295 espectadores | TV Aparecida - AO VIVO - YouTube | https://www.youtube.com/watch?v=4CAmwaFJo6k
[2026-03-15T11:38:54] 1152 espectadores | Santuário Nacional AO VIVO - Você em constante Oração na Casa da Mãe - YouTube | https://www.youtube.com/watch?v=juUt-rN5CVo
[2026-03-15T11:39:03] 6293 espectadores | TV Aparecida - AO VIVO - YouTube | https://www.youtube.com/watch?v=4CAmwaFJo6k
[2026-03-15T11:41:55] 1182 espectadores | Santuário Nacional AO VIVO - Você em constante Oração na Casa da Mãe - YouTube | https://www.youtube.com/watch?v=juUt-rN5CVo
[2026-03-15T11:42:03] 6302 espectadores | TV Aparecida - AO VIVO - YouTube | https://www.youtube.com/watch?v=4CAmwaFJo6k
[2026-03-15T11:44:53] 1172 espectadores | Santuário Nacional AO VIVO - Você em constante Oração na Casa da Mãe - YouTube | https://www.youtube.com/watch?v=juUt-rN5CVo
[2026-03-15T11:45:02] 6321 espectadores | TV Aparecida - AO VIVO - YouTube | https://www.youtube.com/watch?v=4CAmwaFJo6k
[2026-03-15T11:48:01] 1250 espectadores | Santuário Nacional AO VIVO - Você em constante Oração na Casa da Mãe - YouTube | https://www.youtube.com/watch?v=juUt-rN5CVo
[2026-03-15T11:48:10] 6344 espectadores | TV Aparecida - AO VIVO - YouTube | https://www.youtube.com/watch?v=4CAmwaFJo6k
[2026-03-15T11:50:55] 1296 espectadores | Santuário Nacional AO VIVO - Você em constante Oração na Casa da Mãe - YouTube | https://www.youtube.com/watch?v=juUt-rN5CVo
[2026-03-15T11:51:03] 6299 espectadores | TV Aparecida - AO VIVO - YouTube | https://www.youtube.com/watch?v=4CAmwaFJo6k
[2026-03-15T11:53:55] 1390 espectadores | Santuário Nacional AO VIVO - Você em constante Oração na Casa da Mãe - YouTube | https://www.youtube.com/watch?v=juUt-rN5CVo
[2026-03-15T11:54:04] 6321 espectadores | TV Aparecida - AO VIVO - YouTube | https://www.youtube.com/watch?v=4CAmwaFJo6k
[2026-03-15T11:56:53] 1509 espectadores | Santuário Nacional AO VIVO - Você em constante Oração na Casa da Mãe - YouTube | https://www.youtube.com/watch?v=juUt-rN5CVo
[2026-03-15T11:57:02] 6388 espectadores | TV Aparecida - AO VIVO - YouTube | https://www.youtube.com/watch?v=4CAmwaFJo6k
[2026-03-15T11:59:52] 1715 espectadores | Santuário Nacional AO VIVO - Você em constante Oração na Casa da Mãe - YouTube | https://www.youtube.com/watch?v=juUt-rN5CVo
[2026-03-15T12:00:01] 6138 espectadores | TV Aparecida - AO VIVO - YouTube | https://www.youtube.com/watch?v=4CAmwaFJo6k
[2026-03-15T12:02:53] 2047 espectadores | Santuário Nacional AO VIVO - Você em constante Oração na Casa da Mãe - YouTube | https://www.youtube.com/watch?v=juUt-rN5CVo
[2026-03-15T12:03:02] 6042 espectadores | TV Aparecida - AO VIVO - YouTube | https://www.youtube.com/watch?v=4CAmwaFJo6k
[2026-03-15T12:05:57] 2308 espectadores | Santuário Nacional AO VIVO - Você em constante Oração na Casa da Mãe - YouTube | https://www.youtube.com/watch?v=juUt-rN5CVo
[2026-03-15T12:06:06] 6279 espectadores | TV Aparecida - AO VIVO - YouTube | https://www.youtube.com/watch?v=4CAmwaFJo6k
[2026-03-15T12:08:54] 2533 espectadores | Santuário Nacional AO VIVO - Você em constante Oração na Casa da Mãe - YouTube | https://www.youtube.com/watch?v=juUt-rN5CVo
[2026-03-15T12:09:03] 6474 espectadores | TV Aparecida - AO VIVO - YouTube | https://www.youtube.com/watch?v=4CAmwaFJo6k
[2026-03-15T12:11:54] 2673 espectadores | Santuário Nacional AO VIVO - Você em constante Oração na Casa da Mãe - YouTube | https://www.youtube.com/watch?v=juUt-rN5CVo
[2026-03-15T12:12:03] 6568 espectadores | TV Aparecida - AO VIVO - YouTube | https://www.youtube.com/watch?v=4CAmwaFJo6k
[2026-03-15T12:14:55] 2768 espectadores | Santuário Nacional AO VIVO - Você em constante Oração na Casa da Mãe - YouTube | https://www.youtube.com/watch?v=juUt-rN5CVo
[2026-03-15T12:15:04] 6635 espectadores | TV Aparecida - AO VIVO - YouTube | https://www.youtube.com/watch?v=4CAmwaFJo6k
[2026-03-15T12:17:55] 2871 espectadores | Santuário Nacional AO VIVO - Você em constante Oração na Casa da Mãe - YouTube | https://www.youtube.com/watch?v=juUt-rN5CVo
[2026-03-15T12:18:03] 6731 espectadores | TV Aparecida - AO VIVO - YouTube | https://www.youtube.com/watch?v=4CAmwaFJo6k
[2026-03-15T12:20:54] 2934 espectadores | Santuário Nacional AO VIVO - Você em constante Oração na Casa da Mãe - YouTube | https://www.youtube.com/watch?v=juUt-rN5CVo
[2026-03-15T12:21:02] 6761 espectadores | TV Aparecida - AO VIVO - YouTube | https://www.youtube.com/watch?v=4CAmwaFJo6k
[2026-03-15T12:23:55] 2940 espectadores | Santuário Nacional AO VIVO - Você em constante Oração na Casa da Mãe - YouTube | https://www.youtube.com/watch?v=juUt-rN5CVo
[2026-03-15T12:24:03] 6779 espectadores | TV Aparecida - AO VIVO - YouTube | https://www.youtube.com/watch?v=4CAmwaFJo6k
[2026-03-15T12:26:54] 2959 espectadores | Santuário Nacional AO VIVO - Você em constante Oração na Casa da Mãe - YouTube | https://www.youtube.com/watch?v=juUt-rN5CVo
[2026-03-15T12:27:02] 6795 espectadores | TV Aparecida - AO VIVO - YouTube | https://www.youtube.com/watch?v=4CAmwaFJo6k
[2026-03-15T12:29:55] 2993 espectadores | Santuário Nacional AO VIVO - Você em constante Oração na Casa da Mãe - YouTube | https://www.youtube.com/watch?v=juUt-rN5CVo
[2026-03-15T12:30:04] 6800 espectadores | TV Aparecida - AO VIVO - YouTube | https://www.youtube.com/watch?v=4CAmwaFJo6k
[2026-03-15T12:32:53] 3032 espectadores | Santuário Nacional AO VIVO - Você em constante Oração na Casa da Mãe - YouTube | https://www.youtube.com/watch?v=juUt-rN5CVo
[2026-03-15T12:33:02] 6822 espectadores | TV Aparecida - AO VIVO - YouTube | https://www.youtube.com/watch?v=4CAmwaFJo6k
[2026-03-15T12:35:55] 3016 espectadores | Santuário Nacional AO VIVO - Você em constante Oração na Casa da Mãe - YouTube | https://www.youtube.com/watch?v=juUt-rN5CVo
[2026-03-15T12:36:03] 6753 espectadores | TV Aparecida - AO VIVO - YouTube | https://www.youtube.com/watch?v=4CAmwaFJo6k
[2026-03-15T12:38:54] 3013 espectadores | Santuário Nacional AO VIVO - Você em constante Oração na Casa da Mãe - YouTube | https://www.youtube.com/watch?v=juUt-rN5CVo
[2026-03-15T12:39:03] 6737 espectadores | TV Aparecida - AO VIVO - YouTube | https://www.youtube.com/watch?v=4CAmwaFJo6k
[2026-03-15T12:41:56] 2996 espectadores | Santuário Nacional AO VIVO - Você em constante Oração na Casa da Mãe - YouTube | https://www.youtube.com/watch?v=juUt-rN5CVo
[2026-03-15T12:42:05] 6720 espectadores | TV Aparecida - AO VIVO - YouTube | https://www.youtube.com/watch?v=4CAmwaFJo6k
[2026-03-15T12:44:55] 2978 espectadores | Santuário Nacional AO VIVO - Você em constante Oração na Casa da Mãe - YouTube | https://www.youtube.com/watch?v=juUt-rN5CVo
[2026-03-15T12:45:04] 6668 espectadores | TV Aparecida - AO VIVO - YouTube | https://www.youtube.com/watch?v=4CAmwaFJo6k
[2026-03-15T12:47:54] 2979 espectadores | Santuário Nacional AO VIVO - Você em constante Oração na Casa da Mãe - YouTube | https://www.youtube.com/watch?v=juUt-rN5CVo
[2026-03-15T12:48:02] 6653 espectadores | TV Aparecida - AO VIVO - YouTube | https://www.youtube.com/watch?v=4CAmwaFJo6k
[2026-03-15T12:50:55] 2950 espectadores | Santuário Nacional AO VIVO - Você em constante Oração na Casa da Mãe - YouTube | https://www.youtube.com/watch?v=juUt-rN5CVo
[2026-03-15T12:51:04] 6625 espectadores | TV Aparecida - AO VIVO - YouTube | https://www.youtube.com/watch?v=4CAmwaFJo6k
[2026-03-15T12:53:54] 2926 espectadores | Santuário Nacional AO VIVO - Você em constante Oração na Casa da Mãe - YouTube | https://www.youtube.com/watch?v=juUt-rN5CVo
[2026-03-15T12:54:02] 6614 espectadores | TV Aparecida - AO VIVO - YouTube | https://www.youtube.com/watch?v=4CAmwaFJo6k
[2026-03-15T12:56:54] 2921 espectadores | Santuário Nacional AO VIVO - Você em constante Oração na Casa da Mãe - YouTube | https://www.youtube.com/watch?v=juUt-rN5CVo
[2026-03-15T12:57:01] 6592 espectadores | TV Aparecida - AO VIVO - YouTube | https://www.youtube.com/watch?v=4CAmwaFJo6k
[2026-03-15T12:59:53] 2928 espectadores | Santuário Nacional AO VIVO - Você em constante Oração na Casa da Mãe - YouTube | https://www.youtube.com/watch?v=juUt-rN5CVo
[2026-03-15T13:00:01] 6555 espectadores | TV Aparecida - AO VIVO - YouTube | https://www.youtube.com/watch?v=4CAmwaFJo6k
[2026-03-15T13:02:55] 1852 espectadores | Santuário Nacional AO VIVO - Você em constante Oração na Casa da Mãe - YouTube | https://www.youtube.com/watch?v=juUt-rN5CVo
[2026-03-15T13:03:03] 4272 espectadores | TV Aparecida - AO VIVO - YouTube | https://www.youtube.com/watch?v=4CAmwaFJo6k
[2026-03-15T13:05:55] 1517 espectadores | Santuário Nacional AO VIVO - Você em constante Oração na Casa da Mãe - YouTube | https://www.youtube.com/watch?v=juUt-rN5CVo
[2026-03-15T13:06:04] 3751 espectadores | TV Aparecida - AO VIVO - YouTube | https://www.youtube.com/watch?v=4CAmwaFJo6k
[2026-03-15T13:08:55] 1321 espectadores | Santuário Nacional AO VIVO - Você em constante Oração na Casa da Mãe - YouTube | https://www.youtube.com/watch?v=juUt-rN5CVo
[2026-03-15T13:09:03] 3543 espectadores | TV Aparecida - AO VIVO - YouTube | https://www.youtube.com/watch?v=4CAmwaFJo6k
[2026-03-15T13:11:54] 1159 espectadores | Santuário Nacional AO VIVO - Você em constante Oração na Casa da Mãe - YouTube | https://www.youtube.com/watch?v=juUt-rN5CVo
[2026-03-15T13:12:02] 3346 espectadores | TV Aparecida - AO VIVO - YouTube | https://www.youtube.com/watch?v=4CAmwaFJo6k
[2026-03-15T13:14:57] 1077 espectadores | Santuário Nacional AO VIVO - Você em constante Oração na Casa da Mãe - YouTube | https://www.youtube.com/watch?v=juUt-rN5CVo
[2026-03-15T13:15:06] 3198 espectadores | TV Aparecida - AO VIVO - YouTube | https://www.youtube.com/watch?v=4CAmwaFJo6k
[2026-03-15T13:17:55] 978 espectadores | Santuário Nacional AO VIVO - Você em constante Oração na Casa da Mãe - YouTube | https://www.youtube.com/watch?v=juUt-rN5CVo
[2026-03-15T13:18:03] 3017 espectadores | TV Aparecida - AO VIVO - YouTube | https://www.youtube.com/watch?v=4CAmwaFJo6k
[2026-03-15T13:20:54] 924 espectadores | Santuário Nacional AO VIVO - Você em constante Oração na Casa da Mãe - YouTube | https://www.youtube.com/watch?v=juUt-rN5CVo
[2026-03-15T13:21:03] 2894 espectadores | TV Aparecida - AO VIVO - YouTube | https://www.youtube.com/watch?v=4CAmwaFJo6k
[2026-03-15T13:23:53] 887 espectadores | Santuário Nacional AO VIVO - Você em constante Oração na Casa da Mãe - YouTube | https://www.youtube.com/watch?v=juUt-rN5CVo
[2026-03-15T13:24:02] 2739 espectadores | TV Aparecida - AO VIVO - YouTube | https://www.youtube.com/watch?v=4CAmwaFJo6k
[2026-03-15T13:26:55] 847 espectadores | Santuário Nacional AO VIVO - Você em constante Oração na Casa da Mãe - YouTube | https://www.youtube.com/watch?v=juUt-rN5CVo
[2026-03-15T13:27:04] 2627 espectadores | TV Aparecida - AO VIVO - YouTube | https://www.youtube.com/watch?v=4CAmwaFJo6k
[2026-03-15T13:29:55] 805 espectadores | Santuário Nacional AO VIVO - Você em constante Oração na Casa da Mãe - YouTube | https://www.youtube.com/watch?v=juUt-rN5CVo
[2026-03-15T13:30:04] 2553 espectadores | TV Aparecida - AO VIVO - YouTube | https://www.youtube.com/watch?v=4CAmwaFJo6k
[2026-03-15T13:32:58] 767 espectadores | Santuário Nacional AO VIVO - Você em constante Oração na Casa da Mãe - YouTube | https://www.youtube.com/watch?v=juUt-rN5CVo
[2026-03-15T13:33:06] 2491 espectadores | TV Aparecida - AO VIVO - YouTube | https://www.youtube.com/watch?v=4CAmwaFJo6k
[2026-03-15T13:35:54] 744 espectadores | Santuário Nacional AO VIVO - Você em constante Oração na Casa da Mãe - YouTube | https://www.youtube.com/watch?v=juUt-rN5CVo
[2026-03-15T13:36:02] 2451 espectadores | TV Aparecida - AO VIVO - YouTube | https://www.youtube.com/watch?v=4CAmwaFJo6k
[2026-03-15T13:38:55] 730 espectadores | Santuário Nacional AO VIVO - Você em constante Oração na Casa da Mãe - YouTube | https://www.youtube.com/watch?v=juUt-rN5CVo
[2026-03-15T13:39:03] 2354 espectadores | TV Aparecida - AO VIVO - YouTube | https://www.youtube.com/watch?v=4CAmwaFJo6k
[2026-03-15T13:41:55] 710 espectadores | Santuário Nacional AO VIVO - Você em constante Oração na Casa da Mãe - YouTube | https://www.youtube.com/watch?v=juUt-rN5CVo
[2026-03-15T13:42:03] 2267 espectadores | TV Aparecida - AO VIVO - YouTube | https://www.youtube.com/watch?v=4CAmwaFJo6k
[2026-03-15T13:44:56] 686 espectadores | Santuário Nacional AO VIVO - Você em constante Oração na Casa da Mãe - YouTube | https://www.youtube.com/watch?v=juUt-rN5CVo
[2026-03-15T13:45:05] 2193 espectadores | TV Aparecida - AO VIVO - YouTube | https://www.youtube.com/watch?v=4CAmwaFJo6k
[2026-03-15T13:47:55] 677 espectadores | Santuário Nacional AO VIVO - Você em constante Oração na Casa da Mãe - YouTube | https://www.youtube.com/watch?v=juUt-rN5CVo
[2026-03-15T13:48:04] 2139 espectadores | TV Aparecida - AO VIVO - YouTube | https://www.youtube.com/watch?v=4CAmwaFJo6k
[2026-03-15T13:51:01] 644 espectadores | Santuário Nacional AO VIVO - Você em constante Oração na Casa da Mãe - YouTube | https://www.youtube.com/watch?v=juUt-rN5CVo
[2026-03-15T13:51:10] 2085 espectadores | TV Aparecida - AO VIVO - YouTube | https://www.youtube.com/watch?v=4CAmwaFJo6k
[2026-03-15T13:53:54] 636 espectadores | Santuário Nacional AO VIVO - Você em constante Oração na Casa da Mãe - YouTube | https://www.youtube.com/watch?v=juUt-rN5CVo
[2026-03-15T13:54:03] 2066 espectadores | TV Aparecida - AO VIVO - YouTube | https://www.youtube.com/watch?v=4CAmwaFJo6k
[2026-03-16T08:21:00] 931 espectadores | Santuário Nacional AO VIVO - Você em constante Oração na Casa da Mãe - YouTube | https://www.youtube.com/watch?v=juUt-rN5CVo
[2026-03-16T08:21:07] 3165 espectadores | TV Aparecida - AO VIVO - YouTube | https://www.youtube.com/watch?v=4CAmwaFJo6k
[2026-03-16T08:23:59] 935 espectadores | Santuário Nacional AO VIVO - Você em constante Oração na Casa da Mãe - YouTube | https://www.youtube.com/watch?v=juUt-rN5CVo
[2026-03-16T08:24:06] 3145 espectadores | TV Aparecida - AO VIVO - YouTube | https://www.youtube.com/watch?v=4CAmwaFJo6k
[2026-03-16T08:26:54] 953 espectadores | Santuário Nacional AO VIVO - Você em constante Oração na Casa da Mãe - YouTube | https://www.youtube.com/watch?v=juUt-rN5CVo
[2026-03-16T08:27:01] 3154 espectadores | TV Aparecida - AO VIVO - YouTube | https://www.youtube.com/watch?v=4CAmwaFJo6k
[2026-03-16T08:29:58] 980 espectadores | Santuário Nacional AO VIVO - Você em constante Oração na Casa da Mãe - YouTube | https://www.youtube.com/watch?v=juUt-rN5CVo
[2026-03-16T08:30:06] 3212 espectadores | TV Aparecida - AO VIVO - YouTube | https://www.youtube.com/watch?v=4CAmwaFJo6k
[2026-03-16T08:32:53] 987 espectadores | Santuário Nacional AO VIVO - Você em constante Oração na Casa da Mãe - YouTube | https://www.youtube.com/watch?v=juUt-rN5CVo
[2026-03-16T08:32:59] 3263 espectadores | TV Aparecida - AO VIVO - YouTube | https://www.youtube.com/watch?v=4CAmwaFJo6k
[2026-03-16T08:35:53] 1031 espectadores | Santuário Nacional AO VIVO - Você em constante Oração na Casa da Mãe - YouTube | https://www.youtube.com/watch?v=juUt-rN5CVo
[2026-03-16T08:35:59] 3367 espectadores | TV Aparecida - AO VIVO - YouTube | https://www.youtube.com/watch?v=4CAmwaFJo6k
[2026-03-16T08:38:56] 1055 espectadores | Santuário Nacional AO VIVO - Você em constante Oração na Casa da Mãe - YouTube | https://www.youtube.com/watch?v=juUt-rN5CVo
[2026-03-16T08:39:01] 3468 espectadores | TV Aparecida - AO VIVO - YouTube | https://www.youtube.com/watch?v=4CAmwaFJo6k
[2026-03-16T08:41:50] 1119 espectadores | Santuário Nacional AO VIVO - Você em constante Oração na Casa da Mãe - YouTube | https://www.youtube.com/watch?v=juUt-rN5CVo
[2026-03-16T08:41:56] 3541 espectadores | TV Aparecida - AO VIVO - YouTube | https://www.youtube.com/watch?v=4CAmwaFJo6k
[2026-03-16T08:44:51] 1211 espectadores | Santuário Nacional AO VIVO - Você em constante Oração na Casa da Mãe - YouTube | https://www.youtube.com/watch?v=juUt-rN5CVo
[2026-03-16T08:44:57] 3683 espectadores | TV Aparecida - AO VIVO - YouTube | https://www.youtube.com/watch?v=4CAmwaFJo6k
[2026-03-16T08:47:55] 1311 espectadores | Santuário Nacional AO VIVO - Você em constante Oração na Casa da Mãe - YouTube | https://www.youtube.com/watch?v=juUt-rN5CVo
[2026-03-16T08:48:03] 3886 espectadores | TV Aparecida - AO VIVO - YouTube | https://www.youtube.com/watch?v=4CAmwaFJo6k
[2026-03-16T08:50:51] 1435 espectadores | Santuário Nacional AO VIVO - Você em constante Oração na Casa da Mãe - YouTube | https://www.youtube.com/watch?v=juUt-rN5CVo
[2026-03-16T08:50:57] 4011 espectadores | TV Aparecida - AO VIVO - YouTube | https://www.youtube.com/watch?v=4CAmwaFJo6k
[2026-03-16T08:54:10] 1680 espectadores | Santuário Nacional AO VIVO - Você em constante Oração na Casa da Mãe - YouTube | https://www.youtube.com/watch?v=juUt-rN5CVo
[2026-03-16T08:54:16] 4334 espectadores | TV Aparecida - AO VIVO - YouTube | https://www.youtube.com/watch?v=4CAmwaFJo6k
[2026-03-16T08:56:57] 1983 espectadores | Santuário Nacional AO VIVO - Você em constante Oração na Casa da Mãe - YouTube | https://www.youtube.com/watch?v=juUt-rN5CVo
[2026-03-16T08:57:03] 4773 espectadores | TV Aparecida - AO VIVO - YouTube | https://www.youtube.com/watch?v=4CAmwaFJo6k
[2026-03-16T08:59:52] 2493 espectadores | Santuário Nacional AO VIVO - Você em constante Oração na Casa da Mãe - YouTube | https://www.youtube.com/watch?v=juUt-rN5CVo
[2026-03-16T08:59:58] 5539 espectadores | TV Aparecida - AO VIVO - YouTube | https://www.youtube.com/watch?v=4CAmwaFJo6k
[2026-03-16T09:00:02] [daily-email] Envio OK para equipe.desenvolvimento@a12.com
[2026-03-16T09:00:02] [backup] Gerado: C:\logs\__daily_snapshot_2026-03-16_dados_live.csv
[2026-03-16T09:00:02] [daily-email] CSV limpo após envio.
[2026-03-16T09:02:54] 3383 espectadores | Santuário Nacional AO VIVO - Você em constante Oração na Casa da Mãe - YouTube | https://www.youtube.com/watch?v=juUt-rN5CVo
[2026-03-16T09:03:00] 6721 espectadores | TV Aparecida - AO VIVO - YouTube | https://www.youtube.com/watch?v=4CAmwaFJo6k
[2026-03-16T09:03:05] [daily-email] Envio OK para equipe.desenvolvimento@a12.com
[2026-03-16T09:03:05] [backup] Gerado: C:\logs\__daily_snapshot_2026-03-16_dados_live.csv
[2026-03-16T09:03:05] [daily-email] CSV limpo após envio.
[2026-03-16T09:05:53] 4092 espectadores | Santuário Nacional AO VIVO - Você em constante Oração na Casa da Mãe - YouTube | https://www.youtube.com/watch?v=juUt-rN5CVo
[2026-03-16T09:05:59] 7612 espectadores | TV Aparecida - AO VIVO - YouTube | https://www.youtube.com/watch?v=4CAmwaFJo6k
[2026-03-16T09:06:03] [daily-email] Envio OK para equipe.desenvolvimento@a12.com
[2026-03-16T09:06:03] [backup] Gerado: C:\logs\__daily_snapshot_2026-03-16_dados_live.csv
[2026-03-16T09:06:03] [daily-email] CSV limpo após envio.
[2026-03-16T09:08:53] 4593 espectadores | Santuário Nacional AO VIVO - Você em constante Oração na Casa da Mãe - YouTube | https://www.youtube.com/watch?v=juUt-rN5CVo
[2026-03-16T09:08:59] 8325 espectadores | TV Aparecida - AO VIVO - YouTube | https://www.youtube.com/watch?v=4CAmwaFJo6k
[2026-03-16T09:11:59] 5008 espectadores | Santuário Nacional AO VIVO - Você em constante Oração na Casa da Mãe - YouTube | https://www.youtube.com/watch?v=juUt-rN5CVo
[2026-03-16T09:12:06] 8881 espectadores | TV Aparecida - AO VIVO - YouTube | https://www.youtube.com/watch?v=4CAmwaFJo6k
[2026-03-16T09:14:54] 5301 espectadores | Santuário Nacional AO VIVO - Você em constante Oração na Casa da Mãe - YouTube | https://www.youtube.com/watch?v=juUt-rN5CVo
[2026-03-16T09:14:59] 9302 espectadores | TV Aparecida - AO VIVO - YouTube | https://www.youtube.com/watch?v=4CAmwaFJo6k
[2026-03-16T09:17:52] 5563 espectadores | Santuário Nacional AO VIVO - Você em constante Oração na Casa da Mãe - YouTube | https://www.youtube.com/watch?v=juUt-rN5CVo
[2026-03-16T09:17:58] 9623 espectadores | TV Aparecida - AO VIVO - YouTube | https://www.youtube.com/watch?v=4CAmwaFJo6k
[2026-03-16T09:21:01] 5684 espectadores | Santuário Nacional AO VIVO - Você em constante Oração na Casa da Mãe - YouTube | https://www.youtube.com/watch?v=juUt-rN5CVo
[2026-03-16T09:21:08] 9793 espectadores | TV Aparecida - AO VIVO - YouTube | https://www.youtube.com/watch?v=4CAmwaFJo6k
[2026-03-16T09:23:52] 5808 espectadores | Santuário Nacional AO VIVO - Você em constante Oração na Casa da Mãe - YouTube | https://www.youtube.com/watch?v=juUt-rN5CVo
[2026-03-16T09:23:58] 9978 espectadores | TV Aparecida - AO VIVO - YouTube | https://www.youtube.com/watch?v=4CAmwaFJo6k
[2026-03-16T09:26:54] 5905 espectadores | Santuário Nacional AO VIVO - Você em constante Oração na Casa da Mãe - YouTube | https://www.youtube.com/watch?v=juUt-rN5CVo
[2026-03-16T09:27:01] 10140 espectadores | TV Aparecida - AO VIVO - YouTube | https://www.youtube.com/watch?v=4CAmwaFJo6k
[2026-03-16T09:29:55] 5971 espectadores | Santuário Nacional AO VIVO - Você em constante Oração na Casa da Mãe - YouTube | https://www.youtube.com/watch?v=juUt-rN5CVo
[2026-03-16T09:30:01] 10239 espectadores | TV Aparecida - AO VIVO - YouTube | https://www.youtube.com/watch?v=4CAmwaFJo6k
[2026-03-16T09:32:54] 6032 espectadores | Santuário Nacional AO VIVO - Você em constante Oração na Casa da Mãe - YouTube | https://www.youtube.com/watch?v=juUt-rN5CVo
[2026-03-16T09:33:00] 10350 espectadores | TV Aparecida - AO VIVO - YouTube | https://www.youtube.com/watch?v=4CAmwaFJo6k
[2026-03-16T09:35:54] 6056 espectadores | Santuário Nacional AO VIVO - Você em constante Oração na Casa da Mãe - YouTube | https://www.youtube.com/watch?v=juUt-rN5CVo
[2026-03-16T09:36:02] 10412 espectadores | TV Aparecida - AO VIVO - YouTube | https://www.youtube.com/watch?v=4CAmwaFJo6k
[2026-03-16T09:38:52] 6026 espectadores | Santuário Nacional AO VIVO - Você em constante Oração na Casa da Mãe - YouTube | https://www.youtube.com/watch?v=juUt-rN5CVo
[2026-03-16T09:38:58] 10423 espectadores | TV Aparecida - AO VIVO - YouTube | https://www.youtube.com/watch?v=4CAmwaFJo6k
[2026-03-16T09:41:54] 6017 espectadores | Santuário Nacional AO VIVO - Você em constante Oração na Casa da Mãe - YouTube | https://www.youtube.com/watch?v=juUt-rN5CVo
[2026-03-16T09:42:00] 10437 espectadores | TV Aparecida - AO VIVO - YouTube | https://www.youtube.com/watch?v=4CAmwaFJo6k
[2026-03-16T09:44:57] 6019 espectadores | Santuário Nacional AO VIVO - Você em constante Oração na Casa da Mãe - YouTube | https://www.youtube.com/watch?v=juUt-rN5CVo
[2026-03-16T09:45:04] 10492 espectadores | TV Aparecida - AO VIVO - YouTube | https://www.youtube.com/watch?v=4CAmwaFJo6k
[2026-03-16T09:47:52] 6074 espectadores | Santuário Nacional AO VIVO - Você em constante Oração na Casa da Mãe - YouTube | https://www.youtube.com/watch?v=juUt-rN5CVo
[2026-03-16T09:47:58] 10541 espectadores | TV Aparecida - AO VIVO - YouTube | https://www.youtube.com/watch?v=4CAmwaFJo6k
[2026-03-16T09:50:53] 6103 espectadores | Santuário Nacional AO VIVO - Você em constante Oração na Casa da Mãe - YouTube | https://www.youtube.com/watch?v=juUt-rN5CVo
[2026-03-16T09:50:59] 10587 espectadores | TV Aparecida - AO VIVO - YouTube | https://www.youtube.com/watch?v=4CAmwaFJo6k
[2026-03-16T09:53:52] 6059 espectadores | Santuário Nacional AO VIVO - Você em constante Oração na Casa da Mãe - YouTube | https://www.youtube.com/watch?v=juUt-rN5CVo
[2026-03-16T09:53:58] 10542 espectadores | TV Aparecida - AO VIVO - YouTube | https://www.youtube.com/watch?v=4CAmwaFJo6k
[2026-03-16T09:56:55] 6051 espectadores | Santuário Nacional AO VIVO - Você em constante Oração na Casa da Mãe - YouTube | https://www.youtube.com/watch?v=juUt-rN5CVo
[2026-03-16T09:57:04] 10522 espectadores | TV Aparecida - AO VIVO - YouTube | https://www.youtube.com/watch?v=4CAmwaFJo6k
