[2026-02-06T19:34:33-03:00] FALHA: Message: timeout: Timed out receiving message from renderer: 28.867
  (Session info: chrome=137.0.7151.69)
Stacktrace:
	GetHandleVerifier [0x0x7ff6fb51cda5+78885]
	GetHandleVerifier [0x0x7ff6fb51ce00+78976]
	(No symbol) [0x0x7ff6fb2d9bca]
	(No symbol) [0x0x7ff6fb2c706c]
	(No symbol) [0x0x7ff6fb2c6d5a]
	(No symbol) [0x0x7ff6fb2c492f]
	(No symbol) [0x0x7ff6fb2c538f]
	(No symbol) [0x0x7ff6fb2d402e]
	(No symbol) [0x0x7ff6fb2ea3e1]
	(No symbol) [0x0x7ff6fb2f153a]
	(No symbol) [0x0x7ff6fb2c5b2d]
	(No symbol) [0x0x7ff6fb2ea115]
	(No symbol) [0x0x7ff6fb381568]
	(No symbol) [0x0x7ff6fb358963]
	(No symbol) [0x0x7ff6fb3216b1]
	(No symbol) [0x0x7ff6fb322443]
	GetHandleVerifier [0x0x7ff6fb7f4eed+3061101]
	GetHandleVerifier [0x0x7ff6fb7ef33d+3037629]
	GetHandleVerifier [0x0x7ff6fb80e592+3165202]
	GetHandleVerifier [0x0x7ff6fb53730e+186766]
	GetHandleVerifier [0x0x7ff6fb53eb3f+217535]
	GetHandleVerifier [0x0x7ff6fb5259b4+114740]
	GetHandleVerifier [0x0x7ff6fb525b69+115177]
	GetHandleVerifier [0x0x7ff6fb50c368+10728]
	BaseThreadInitThunk [0x0x7ffffdd6e8d7+23]
	RtlUserThreadStart [0x0x7ffffeb3c34c+44]

[2026-02-06T19:34:46-03:00] 10308 espectadores | TV Aparecida - AO VIVO - YouTube | https://www.youtube.com/watch?v=4CAmwaFJo6k
[2026-02-06T19:36:03-03:00] 1669 espectadores | Santuário Nacional AO VIVO - Você em constante Oração na Casa da Mãe - YouTube | https://www.youtube.com/watch?v=juUt-rN5CVo
[2026-02-06T19:36:13-03:00] 10418 espectadores | TV Aparecida - AO VIVO - YouTube | https://www.youtube.com/watch?v=4CAmwaFJo6k
[2026-02-06T19:39:00-03:00] 1709 espectadores | Santuário Nacional AO VIVO - Você em constante Oração na Casa da Mãe - YouTube | https://www.youtube.com/watch?v=juUt-rN5CVo
[2026-02-06T19:39:10-03:00] 10584 espectadores | TV Aparecida - AO VIVO - YouTube | https://www.youtube.com/watch?v=4CAmwaFJo6k
[2026-02-06T19:42:06-03:00] 1789 espectadores | Santuário Nacional AO VIVO - Você em constante Oração na Casa da Mãe - YouTube | https://www.youtube.com/watch?v=juUt-rN5CVo
[2026-02-06T19:42:17-03:00] 10740 espectadores | TV Aparecida - AO VIVO - YouTube | https://www.youtube.com/watch?v=4CAmwaFJo6k
[2026-02-06T19:44:56-03:00] 1861 espectadores | Santuário Nacional AO VIVO - Você em constante Oração na Casa da Mãe - YouTube | https://www.youtube.com/watch?v=juUt-rN5CVo
[2026-02-06T19:45:05-03:00] 10887 espectadores | TV Aparecida - AO VIVO - YouTube | https://www.youtube.com/watch?v=4CAmwaFJo6k
[2026-02-06T19:47:53-03:00] 1846 espectadores | Santuário Nacional AO VIVO - Você em constante Oração na Casa da Mãe - YouTube | https://www.youtube.com/watch?v=juUt-rN5CVo
[2026-02-06T19:48:03-03:00] 11008 espectadores | TV Aparecida - AO VIVO - YouTube | https://www.youtube.com/watch?v=4CAmwaFJo6k
[2026-02-06T19:50:56-03:00] 1860 espectadores | Santuário Nacional AO VIVO - Você em constante Oração na Casa da Mãe - YouTube | https://www.youtube.com/watch?v=juUt-rN5CVo
[2026-02-06T19:51:06-03:00] 11000 espectadores | TV Aparecida - AO VIVO - YouTube | https://www.youtube.com/watch?v=4CAmwaFJo6k
[2026-02-06T19:53:54-03:00] 1918 espectadores | Santuário Nacional AO VIVO - Você em constante Oração na Casa da Mãe - YouTube | https://www.youtube.com/watch?v=juUt-rN5CVo
[2026-02-06T19:54:04-03:00] 11136 espectadores | TV Aparecida - AO VIVO - YouTube | https://www.youtube.com/watch?v=4CAmwaFJo6k
[2026-02-06T19:56:54-03:00] 1920 espectadores | Santuário Nacional AO VIVO - Você em constante Oração na Casa da Mãe - YouTube | https://www.youtube.com/watch?v=juUt-rN5CVo
[2026-02-06T19:57:04-03:00] 11166 espectadores | TV Aparecida - AO VIVO - YouTube | https://www.youtube.com/watch?v=4CAmwaFJo6k
[2026-02-06T19:59:53-03:00] 1935 espectadores | Santuário Nacional AO VIVO - Você em constante Oração na Casa da Mãe - YouTube | https://www.youtube.com/watch?v=juUt-rN5CVo
[2026-02-06T20:00:03-03:00] 11249 espectadores | TV Aparecida - AO VIVO - YouTube | https://www.youtube.com/watch?v=4CAmwaFJo6k
[2026-02-06T20:02:59-03:00] 1936 espectadores | Santuário Nacional AO VIVO - Você em constante Oração na Casa da Mãe - YouTube | https://www.youtube.com/watch?v=juUt-rN5CVo
[2026-02-06T20:03:08-03:00] 11267 espectadores | TV Aparecida - AO VIVO - YouTube | https://www.youtube.com/watch?v=4CAmwaFJo6k
[2026-02-06T20:05:53-03:00] 1964 espectadores | Santuário Nacional AO VIVO - Você em constante Oração na Casa da Mãe - YouTube | https://www.youtube.com/watch?v=juUt-rN5CVo
[2026-02-06T20:06:04-03:00] 3 espectadores | TV Aparecida - AO VIVO - YouTube | https://www.youtube.com/watch?v=4CAmwaFJo6k
[2026-02-06T20:08:55-03:00] 1990 espectadores | Santuário Nacional AO VIVO - Você em constante Oração na Casa da Mãe - YouTube | https://www.youtube.com/watch?v=juUt-rN5CVo
[2026-02-06T20:09:05-03:00] 11264 espectadores | TV Aparecida - AO VIVO - YouTube | https://www.youtube.com/watch?v=4CAmwaFJo6k
[2026-02-06T20:11:54-03:00] 1985 espectadores | Santuário Nacional AO VIVO - Você em constante Oração na Casa da Mãe - YouTube | https://www.youtube.com/watch?v=juUt-rN5CVo
[2026-02-06T20:12:03-03:00] 11276 espectadores | TV Aparecida - AO VIVO - YouTube | https://www.youtube.com/watch?v=4CAmwaFJo6k
[2026-02-06T20:14:53-03:00] 1981 espectadores | Santuário Nacional AO VIVO - Você em constante Oração na Casa da Mãe - YouTube | https://www.youtube.com/watch?v=juUt-rN5CVo
[2026-02-06T20:15:03-03:00] 11301 espectadores | TV Aparecida - AO VIVO - YouTube | https://www.youtube.com/watch?v=4CAmwaFJo6k
[2026-02-06T20:17:55-03:00] 1989 espectadores | Santuário Nacional AO VIVO - Você em constante Oração na Casa da Mãe - YouTube | https://www.youtube.com/watch?v=juUt-rN5CVo
[2026-02-06T20:18:06-03:00] 11252 espectadores | TV Aparecida - AO VIVO - YouTube | https://www.youtube.com/watch?v=4CAmwaFJo6k
[2026-02-06T20:20:54-03:00] 2000 espectadores | Santuário Nacional AO VIVO - Você em constante Oração na Casa da Mãe - YouTube | https://www.youtube.com/watch?v=juUt-rN5CVo
[2026-02-06T20:21:03-03:00] 11255 espectadores | TV Aparecida - AO VIVO - YouTube | https://www.youtube.com/watch?v=4CAmwaFJo6k
[2026-02-06T20:23:54-03:00] 1982 espectadores | Santuário Nacional AO VIVO - Você em constante Oração na Casa da Mãe - YouTube | https://www.youtube.com/watch?v=juUt-rN5CVo
[2026-02-06T20:24:04-03:00] 11253 espectadores | TV Aparecida - AO VIVO - YouTube | https://www.youtube.com/watch?v=4CAmwaFJo6k
[2026-02-06T20:26:54-03:00] 1985 espectadores | Santuário Nacional AO VIVO - Você em constante Oração na Casa da Mãe - YouTube | https://www.youtube.com/watch?v=juUt-rN5CVo
[2026-02-06T20:27:04-03:00] 11180 espectadores | TV Aparecida - AO VIVO - YouTube | https://www.youtube.com/watch?v=4CAmwaFJo6k
[2026-02-06T20:29:56-03:00] 1943 espectadores | Santuário Nacional AO VIVO - Você em constante Oração na Casa da Mãe - YouTube | https://www.youtube.com/watch?v=juUt-rN5CVo
[2026-02-06T20:30:06-03:00] 11040 espectadores | TV Aparecida - AO VIVO - YouTube | https://www.youtube.com/watch?v=4CAmwaFJo6k
[2026-02-06T20:32:55-03:00] 1941 espectadores | Santuário Nacional AO VIVO - Você em constante Oração na Casa da Mãe - YouTube | https://www.youtube.com/watch?v=juUt-rN5CVo
[2026-02-06T20:33:04-03:00] 11023 espectadores | TV Aparecida - AO VIVO - YouTube | https://www.youtube.com/watch?v=4CAmwaFJo6k
[2026-02-06T20:35:54-03:00] 1943 espectadores | Santuário Nacional AO VIVO - Você em constante Oração na Casa da Mãe - YouTube | https://www.youtube.com/watch?v=juUt-rN5CVo
[2026-02-06T20:36:04-03:00] 10941 espectadores | TV Aparecida - AO VIVO - YouTube | https://www.youtube.com/watch?v=4CAmwaFJo6k
[2026-02-06T20:38:56-03:00] 1927 espectadores | Santuário Nacional AO VIVO - Você em constante Oração na Casa da Mãe - YouTube | https://www.youtube.com/watch?v=juUt-rN5CVo
[2026-02-06T20:39:05-03:00] 10947 espectadores | TV Aparecida - AO VIVO - YouTube | https://www.youtube.com/watch?v=4CAmwaFJo6k
[2026-02-06T20:41:56-03:00] 1947 espectadores | Santuário Nacional AO VIVO - Você em constante Oração na Casa da Mãe - YouTube | https://www.youtube.com/watch?v=juUt-rN5CVo
[2026-02-06T20:42:05-03:00] 10919 espectadores | TV Aparecida - AO VIVO - YouTube | https://www.youtube.com/watch?v=4CAmwaFJo6k
[2026-02-06T20:44:56-03:00] 1944 espectadores | Santuário Nacional AO VIVO - Você em constante Oração na Casa da Mãe - YouTube | https://www.youtube.com/watch?v=juUt-rN5CVo
[2026-02-06T20:45:06-03:00] 10897 espectadores | TV Aparecida - AO VIVO - YouTube | https://www.youtube.com/watch?v=4CAmwaFJo6k
[2026-02-06T20:47:54-03:00] 1925 espectadores | Santuário Nacional AO VIVO - Você em constante Oração na Casa da Mãe - YouTube | https://www.youtube.com/watch?v=juUt-rN5CVo
[2026-02-06T20:48:05-03:00] 10845 espectadores | TV Aparecida - AO VIVO - YouTube | https://www.youtube.com/watch?v=4CAmwaFJo6k
[2026-02-06T20:51:02-03:00] 1938 espectadores | Santuário Nacional AO VIVO - Você em constante Oração na Casa da Mãe - YouTube | https://www.youtube.com/watch?v=juUt-rN5CVo
[2026-02-06T20:51:18-03:00] 10816 espectadores | TV Aparecida - AO VIVO - YouTube | https://www.youtube.com/watch?v=4CAmwaFJo6k
[2026-02-06T20:53:59-03:00] 1927 espectadores | Santuário Nacional AO VIVO - Você em constante Oração na Casa da Mãe - YouTube | https://www.youtube.com/watch?v=juUt-rN5CVo
[2026-02-06T20:54:08-03:00] 10812 espectadores | TV Aparecida - AO VIVO - YouTube | https://www.youtube.com/watch?v=4CAmwaFJo6k
[2026-02-06T20:57:00-03:00] 1825 espectadores | Santuário Nacional AO VIVO - Você em constante Oração na Casa da Mãe - YouTube | https://www.youtube.com/watch?v=juUt-rN5CVo
[2026-02-06T20:57:12-03:00] 10217 espectadores | TV Aparecida - AO VIVO - YouTube | https://www.youtube.com/watch?v=4CAmwaFJo6k
[2026-02-06T20:59:58-03:00] 1308 espectadores | Santuário Nacional AO VIVO - Você em constante Oração na Casa da Mãe - YouTube | https://www.youtube.com/watch?v=juUt-rN5CVo
[2026-02-06T21:00:08-03:00] 7534 espectadores | TV Aparecida - AO VIVO - YouTube | https://www.youtube.com/watch?v=4CAmwaFJo6k
[2026-02-06T21:02:57-03:00] 1117 espectadores | Santuário Nacional AO VIVO - Você em constante Oração na Casa da Mãe - YouTube | https://www.youtube.com/watch?v=juUt-rN5CVo
[2026-02-06T21:03:06-03:00] 6478 espectadores | TV Aparecida - AO VIVO - YouTube | https://www.youtube.com/watch?v=4CAmwaFJo6k
[2026-02-06T21:05:57-03:00] 1067 espectadores | Santuário Nacional AO VIVO - Você em constante Oração na Casa da Mãe - YouTube | https://www.youtube.com/watch?v=juUt-rN5CVo
[2026-02-06T21:06:07-03:00] 6209 espectadores | TV Aparecida - AO VIVO - YouTube | https://www.youtube.com/watch?v=4CAmwaFJo6k
[2026-02-06T21:09:01-03:00] 1022 espectadores | Santuário Nacional AO VIVO - Você em constante Oração na Casa da Mãe - YouTube | https://www.youtube.com/watch?v=juUt-rN5CVo
[2026-02-06T21:09:10-03:00] 5924 espectadores | TV Aparecida - AO VIVO - YouTube | https://www.youtube.com/watch?v=4CAmwaFJo6k
[2026-02-06T21:12:32-03:00] 979 espectadores | Santuário Nacional AO VIVO - Você em constante Oração na Casa da Mãe - YouTube | https://www.youtube.com/watch?v=juUt-rN5CVo
[2026-02-06T21:12:42-03:00] 5741 espectadores | TV Aparecida - AO VIVO - YouTube | https://www.youtube.com/watch?v=4CAmwaFJo6k
[2026-02-06T21:14:59-03:00] 963 espectadores | Santuário Nacional AO VIVO - Você em constante Oração na Casa da Mãe - YouTube | https://www.youtube.com/watch?v=juUt-rN5CVo
[2026-02-06T21:15:08-03:00] 5589 espectadores | TV Aparecida - AO VIVO - YouTube | https://www.youtube.com/watch?v=4CAmwaFJo6k
[2026-02-06T21:17:59-03:00] 918 espectadores | Santuário Nacional AO VIVO - Você em constante Oração na Casa da Mãe - YouTube | https://www.youtube.com/watch?v=juUt-rN5CVo
[2026-02-06T21:18:09-03:00] 5091 espectadores | TV Aparecida - AO VIVO - YouTube | https://www.youtube.com/watch?v=4CAmwaFJo6k
[2026-02-06T21:21:02-03:00] 852 espectadores | Santuário Nacional AO VIVO - Você em constante Oração na Casa da Mãe - YouTube | https://www.youtube.com/watch?v=juUt-rN5CVo
[2026-02-06T21:21:12-03:00] 4694 espectadores | TV Aparecida - AO VIVO - YouTube | https://www.youtube.com/watch?v=4CAmwaFJo6k
[2026-02-06T21:24:00-03:00] 836 espectadores | Santuário Nacional AO VIVO - Você em constante Oração na Casa da Mãe - YouTube | https://www.youtube.com/watch?v=juUt-rN5CVo
[2026-02-06T21:24:09-03:00] 4544 espectadores | TV Aparecida - AO VIVO - YouTube | https://www.youtube.com/watch?v=4CAmwaFJo6k
[2026-02-06T21:27:03-03:00] 815 espectadores | Santuário Nacional AO VIVO - Você em constante Oração na Casa da Mãe - YouTube | https://www.youtube.com/watch?v=juUt-rN5CVo
[2026-02-06T21:27:12-03:00] 4434 espectadores | TV Aparecida - AO VIVO - YouTube | https://www.youtube.com/watch?v=4CAmwaFJo6k
[2026-02-06T21:30:01-03:00] 820 espectadores | Santuário Nacional AO VIVO - Você em constante Oração na Casa da Mãe - YouTube | https://www.youtube.com/watch?v=juUt-rN5CVo
[2026-02-06T21:30:11-03:00] 4398 espectadores | TV Aparecida - AO VIVO - YouTube | https://www.youtube.com/watch?v=4CAmwaFJo6k
[2026-02-06T21:32:59-03:00] 825 espectadores | Santuário Nacional AO VIVO - Você em constante Oração na Casa da Mãe - YouTube | https://www.youtube.com/watch?v=juUt-rN5CVo
[2026-02-06T21:33:10-03:00] 4383 espectadores | TV Aparecida - AO VIVO - YouTube | https://www.youtube.com/watch?v=4CAmwaFJo6k
[2026-02-06T21:35:58-03:00] 808 espectadores | Santuário Nacional AO VIVO - Você em constante Oração na Casa da Mãe - YouTube | https://www.youtube.com/watch?v=juUt-rN5CVo
[2026-02-06T21:36:08-03:00] 4278 espectadores | TV Aparecida - AO VIVO - YouTube | https://www.youtube.com/watch?v=4CAmwaFJo6k
[2026-02-06T21:38:57-03:00] 708 espectadores | Santuário Nacional AO VIVO - Você em constante Oração na Casa da Mãe - YouTube | https://www.youtube.com/watch?v=juUt-rN5CVo
[2026-02-06T21:39:07-03:00] 3901 espectadores | TV Aparecida - AO VIVO - YouTube | https://www.youtube.com/watch?v=4CAmwaFJo6k
[2026-02-06T21:41:59-03:00] 688 espectadores | Santuário Nacional AO VIVO - Você em constante Oração na Casa da Mãe - YouTube | https://www.youtube.com/watch?v=juUt-rN5CVo
[2026-02-06T21:42:09-03:00] 3761 espectadores | TV Aparecida - AO VIVO - YouTube | https://www.youtube.com/watch?v=4CAmwaFJo6k
[2026-02-06T21:44:58-03:00] 657 espectadores | Santuário Nacional AO VIVO - Você em constante Oração na Casa da Mãe - YouTube | https://www.youtube.com/watch?v=juUt-rN5CVo
[2026-02-06T21:45:07-03:00] 3682 espectadores | TV Aparecida - AO VIVO - YouTube | https://www.youtube.com/watch?v=4CAmwaFJo6k
[2026-02-06T21:47:59-03:00] 639 espectadores | Santuário Nacional AO VIVO - Você em constante Oração na Casa da Mãe - YouTube | https://www.youtube.com/watch?v=juUt-rN5CVo
[2026-02-06T21:48:09-03:00] 3561 espectadores | TV Aparecida - AO VIVO - YouTube | https://www.youtube.com/watch?v=4CAmwaFJo6k
[2026-02-06T21:51:02-03:00] 612 espectadores | Santuário Nacional AO VIVO - Você em constante Oração na Casa da Mãe - YouTube | https://www.youtube.com/watch?v=juUt-rN5CVo
[2026-02-06T21:51:12-03:00] 3420 espectadores | TV Aparecida - AO VIVO - YouTube | https://www.youtube.com/watch?v=4CAmwaFJo6k
[2026-02-06T21:53:57-03:00] 609 espectadores | Santuário Nacional AO VIVO - Você em constante Oração na Casa da Mãe - YouTube | https://www.youtube.com/watch?v=juUt-rN5CVo
[2026-02-06T21:54:07-03:00] 3352 espectadores | TV Aparecida - AO VIVO - YouTube | https://www.youtube.com/watch?v=4CAmwaFJo6k
[2026-02-06T21:56:57-03:00] 588 espectadores | Santuário Nacional AO VIVO - Você em constante Oração na Casa da Mãe - YouTube | https://www.youtube.com/watch?v=juUt-rN5CVo
[2026-02-06T21:57:07-03:00] 3221 espectadores | TV Aparecida - AO VIVO - YouTube | https://www.youtube.com/watch?v=4CAmwaFJo6k
[2026-02-06T21:59:57-03:00] 530 espectadores | Santuário Nacional AO VIVO - Você em constante Oração na Casa da Mãe - YouTube | https://www.youtube.com/watch?v=juUt-rN5CVo
[2026-02-06T22:00:07-03:00] 2802 espectadores | TV Aparecida - AO VIVO - YouTube | https://www.youtube.com/watch?v=4CAmwaFJo6k
[2026-02-06T22:03:00-03:00] 488 espectadores | Santuário Nacional AO VIVO - Você em constante Oração na Casa da Mãe - YouTube | https://www.youtube.com/watch?v=juUt-rN5CVo
[2026-02-06T22:03:10-03:00] 2440 espectadores | TV Aparecida - AO VIVO - YouTube | https://www.youtube.com/watch?v=4CAmwaFJo6k
[2026-02-06T22:05:59-03:00] 452 espectadores | Santuário Nacional AO VIVO - Você em constante Oração na Casa da Mãe - YouTube | https://www.youtube.com/watch?v=juUt-rN5CVo
[2026-02-06T22:06:09-03:00] 2323 espectadores | TV Aparecida - AO VIVO - YouTube | https://www.youtube.com/watch?v=4CAmwaFJo6k
[2026-02-06T22:08:55-03:00] 414 espectadores | Santuário Nacional AO VIVO - Você em constante Oração na Casa da Mãe - YouTube | https://www.youtube.com/watch?v=juUt-rN5CVo
[2026-02-06T22:09:05-03:00] 2213 espectadores | TV Aparecida - AO VIVO - YouTube | https://www.youtube.com/watch?v=4CAmwaFJo6k
[2026-02-06T22:11:55-03:00] 394 espectadores | Santuário Nacional AO VIVO - Você em constante Oração na Casa da Mãe - YouTube | https://www.youtube.com/watch?v=juUt-rN5CVo
[2026-02-06T22:12:05-03:00] 2093 espectadores | TV Aparecida - AO VIVO - YouTube | https://www.youtube.com/watch?v=4CAmwaFJo6k
[2026-02-06T22:14:54-03:00] 371 espectadores | Santuário Nacional AO VIVO - Você em constante Oração na Casa da Mãe - YouTube | https://www.youtube.com/watch?v=juUt-rN5CVo
[2026-02-06T22:15:04-03:00] 1950 espectadores | TV Aparecida - AO VIVO - YouTube | https://www.youtube.com/watch?v=4CAmwaFJo6k
[2026-02-06T22:17:53-03:00] 352 espectadores | Santuário Nacional AO VIVO - Você em constante Oração na Casa da Mãe - YouTube | https://www.youtube.com/watch?v=juUt-rN5CVo
[2026-02-06T22:18:03-03:00] 1841 espectadores | TV Aparecida - AO VIVO - YouTube | https://www.youtube.com/watch?v=4CAmwaFJo6k
[2026-02-06T22:20:57-03:00] 337 espectadores | Santuário Nacional AO VIVO - Você em constante Oração na Casa da Mãe - YouTube | https://www.youtube.com/watch?v=juUt-rN5CVo
[2026-02-06T22:21:06-03:00] 1761 espectadores | TV Aparecida - AO VIVO - YouTube | https://www.youtube.com/watch?v=4CAmwaFJo6k
[2026-02-06T22:23:57-03:00] 326 espectadores | Santuário Nacional AO VIVO - Você em constante Oração na Casa da Mãe - YouTube | https://www.youtube.com/watch?v=juUt-rN5CVo
[2026-02-06T22:24:06-03:00] 1670 espectadores | TV Aparecida - AO VIVO - YouTube | https://www.youtube.com/watch?v=4CAmwaFJo6k
[2026-02-06T22:26:56-03:00] 304 espectadores | Santuário Nacional AO VIVO - Você em constante Oração na Casa da Mãe - YouTube | https://www.youtube.com/watch?v=juUt-rN5CVo
[2026-02-06T22:27:05-03:00] 1605 espectadores | TV Aparecida - AO VIVO - YouTube | https://www.youtube.com/watch?v=4CAmwaFJo6k
[2026-02-06T22:29:55-03:00] 297 espectadores | Santuário Nacional AO VIVO - Você em constante Oração na Casa da Mãe - YouTube | https://www.youtube.com/watch?v=juUt-rN5CVo
[2026-02-06T22:30:05-03:00] 1524 espectadores | TV Aparecida - AO VIVO - YouTube | https://www.youtube.com/watch?v=4CAmwaFJo6k
[2026-02-06T22:32:55-03:00] 287 espectadores | Santuário Nacional AO VIVO - Você em constante Oração na Casa da Mãe - YouTube | https://www.youtube.com/watch?v=juUt-rN5CVo
[2026-02-06T22:33:05-03:00] 1460 espectadores | TV Aparecida - AO VIVO - YouTube | https://www.youtube.com/watch?v=4CAmwaFJo6k
[2026-02-06T22:35:57-03:00] 267 espectadores | Santuário Nacional AO VIVO - Você em constante Oração na Casa da Mãe - YouTube | https://www.youtube.com/watch?v=juUt-rN5CVo
[2026-02-06T22:36:06-03:00] 1380 espectadores | TV Aparecida - AO VIVO - YouTube | https://www.youtube.com/watch?v=4CAmwaFJo6k
[2026-02-06T22:38:57-03:00] 276 espectadores | Santuário Nacional AO VIVO - Você em constante Oração na Casa da Mãe - YouTube | https://www.youtube.com/watch?v=juUt-rN5CVo
[2026-02-06T22:39:07-03:00] 1350 espectadores | TV Aparecida - AO VIVO - YouTube | https://www.youtube.com/watch?v=4CAmwaFJo6k
[2026-02-06T22:41:59-03:00] 271 espectadores | Santuário Nacional AO VIVO - Você em constante Oração na Casa da Mãe - YouTube | https://www.youtube.com/watch?v=juUt-rN5CVo
[2026-02-06T22:42:08-03:00] 1205 espectadores | TV Aparecida - AO VIVO - YouTube | https://www.youtube.com/watch?v=4CAmwaFJo6k
[2026-02-06T22:44:53-03:00] 267 espectadores | Santuário Nacional AO VIVO - Você em constante Oração na Casa da Mãe - YouTube | https://www.youtube.com/watch?v=juUt-rN5CVo
[2026-02-06T22:45:03-03:00] 1141 espectadores | TV Aparecida - AO VIVO - YouTube | https://www.youtube.com/watch?v=4CAmwaFJo6k
[2026-02-06T22:47:56-03:00] 256 espectadores | Santuário Nacional AO VIVO - Você em constante Oração na Casa da Mãe - YouTube | https://www.youtube.com/watch?v=juUt-rN5CVo
[2026-02-06T22:48:06-03:00] 1066 espectadores | TV Aparecida - AO VIVO - YouTube | https://www.youtube.com/watch?v=4CAmwaFJo6k
[2026-02-06T22:50:54-03:00] 247 espectadores | Santuário Nacional AO VIVO - Você em constante Oração na Casa da Mãe - YouTube | https://www.youtube.com/watch?v=juUt-rN5CVo
[2026-02-06T22:51:04-03:00] 1015 espectadores | TV Aparecida - AO VIVO - YouTube | https://www.youtube.com/watch?v=4CAmwaFJo6k
[2026-02-06T22:53:54-03:00] 247 espectadores | Santuário Nacional AO VIVO - Você em constante Oração na Casa da Mãe - YouTube | https://www.youtube.com/watch?v=juUt-rN5CVo
[2026-02-06T22:54:03-03:00] 987 espectadores | TV Aparecida - AO VIVO - YouTube | https://www.youtube.com/watch?v=4CAmwaFJo6k
[2026-02-06T22:56:54-03:00] 240 espectadores | Santuário Nacional AO VIVO - Você em constante Oração na Casa da Mãe - YouTube | https://www.youtube.com/watch?v=juUt-rN5CVo
[2026-02-06T22:57:03-03:00] 952 espectadores | TV Aparecida - AO VIVO - YouTube | https://www.youtube.com/watch?v=4CAmwaFJo6k
[2026-02-06T22:59:54-03:00] 235 espectadores | Santuário Nacional AO VIVO - Você em constante Oração na Casa da Mãe - YouTube | https://www.youtube.com/watch?v=juUt-rN5CVo
[2026-02-06T23:00:04-03:00] 901 espectadores | TV Aparecida - AO VIVO - YouTube | https://www.youtube.com/watch?v=4CAmwaFJo6k
[2026-02-06T23:02:54-03:00] 236 espectadores | Santuário Nacional AO VIVO - Você em constante Oração na Casa da Mãe - YouTube | https://www.youtube.com/watch?v=juUt-rN5CVo
[2026-02-06T23:03:04-03:00] 890 espectadores | TV Aparecida - AO VIVO - YouTube | https://www.youtube.com/watch?v=4CAmwaFJo6k
[2026-02-06T23:05:55-03:00] 228 espectadores | Santuário Nacional AO VIVO - Você em constante Oração na Casa da Mãe - YouTube | https://www.youtube.com/watch?v=juUt-rN5CVo
[2026-02-06T23:06:05-03:00] 858 espectadores | TV Aparecida - AO VIVO - YouTube | https://www.youtube.com/watch?v=4CAmwaFJo6k
[2026-02-06T23:08:56-03:00] 220 espectadores | Santuário Nacional AO VIVO - Você em constante Oração na Casa da Mãe - YouTube | https://www.youtube.com/watch?v=juUt-rN5CVo
[2026-02-06T23:09:06-03:00] 824 espectadores | TV Aparecida - AO VIVO - YouTube | https://www.youtube.com/watch?v=4CAmwaFJo6k
[2026-02-06T23:12:00-03:00] 214 espectadores | Santuário Nacional AO VIVO - Você em constante Oração na Casa da Mãe - YouTube | https://www.youtube.com/watch?v=juUt-rN5CVo
[2026-02-06T23:12:10-03:00] 801 espectadores | TV Aparecida - AO VIVO - YouTube | https://www.youtube.com/watch?v=4CAmwaFJo6k
[2026-02-06T23:14:55-03:00] 211 espectadores | Santuário Nacional AO VIVO - Você em constante Oração na Casa da Mãe - YouTube | https://www.youtube.com/watch?v=juUt-rN5CVo
[2026-02-06T23:15:05-03:00] 765 espectadores | TV Aparecida - AO VIVO - YouTube | https://www.youtube.com/watch?v=4CAmwaFJo6k
[2026-02-06T23:17:59-03:00] 217 espectadores | Santuário Nacional AO VIVO - Você em constante Oração na Casa da Mãe - YouTube | https://www.youtube.com/watch?v=juUt-rN5CVo
[2026-02-06T23:18:09-03:00] 741 espectadores | TV Aparecida - AO VIVO - YouTube | https://www.youtube.com/watch?v=4CAmwaFJo6k
[2026-02-06T23:20:53-03:00] 221 espectadores | Santuário Nacional AO VIVO - Você em constante Oração na Casa da Mãe - YouTube | https://www.youtube.com/watch?v=juUt-rN5CVo
[2026-02-06T23:21:03-03:00] 712 espectadores | TV Aparecida - AO VIVO - YouTube | https://www.youtube.com/watch?v=4CAmwaFJo6k
[2026-02-06T23:23:54-03:00] 222 espectadores | Santuário Nacional AO VIVO - Você em constante Oração na Casa da Mãe - YouTube | https://www.youtube.com/watch?v=juUt-rN5CVo
[2026-02-06T23:24:04-03:00] 699 espectadores | TV Aparecida - AO VIVO - YouTube | https://www.youtube.com/watch?v=4CAmwaFJo6k
[2026-02-06T23:26:54-03:00] 223 espectadores | Santuário Nacional AO VIVO - Você em constante Oração na Casa da Mãe - YouTube | https://www.youtube.com/watch?v=juUt-rN5CVo
[2026-02-06T23:27:03-03:00] 675 espectadores | TV Aparecida - AO VIVO - YouTube | https://www.youtube.com/watch?v=4CAmwaFJo6k
[2026-02-06T23:29:55-03:00] 215 espectadores | Santuário Nacional AO VIVO - Você em constante Oração na Casa da Mãe - YouTube | https://www.youtube.com/watch?v=juUt-rN5CVo
[2026-02-06T23:30:05-03:00] 651 espectadores | TV Aparecida - AO VIVO - YouTube | https://www.youtube.com/watch?v=4CAmwaFJo6k
[2026-02-06T23:33:00-03:00] 204 espectadores | Santuário Nacional AO VIVO - Você em constante Oração na Casa da Mãe - YouTube | https://www.youtube.com/watch?v=juUt-rN5CVo
[2026-02-06T23:33:09-03:00] 628 espectadores | TV Aparecida - AO VIVO - YouTube | https://www.youtube.com/watch?v=4CAmwaFJo6k
[2026-02-06T23:35:59-03:00] 208 espectadores | Santuário Nacional AO VIVO - Você em constante Oração na Casa da Mãe - YouTube | https://www.youtube.com/watch?v=juUt-rN5CVo
[2026-02-06T23:36:09-03:00] 626 espectadores | TV Aparecida - AO VIVO - YouTube | https://www.youtube.com/watch?v=4CAmwaFJo6k
[2026-02-06T23:39:00-03:00] 213 espectadores | Santuário Nacional AO VIVO - Você em constante Oração na Casa da Mãe - YouTube | https://www.youtube.com/watch?v=juUt-rN5CVo
[2026-02-06T23:39:10-03:00] 598 espectadores | TV Aparecida - AO VIVO - YouTube | https://www.youtube.com/watch?v=4CAmwaFJo6k
[2026-02-06T23:42:02-03:00] 215 espectadores | Santuário Nacional AO VIVO - Você em constante Oração na Casa da Mãe - YouTube | https://www.youtube.com/watch?v=juUt-rN5CVo
[2026-02-06T23:42:11-03:00] 578 espectadores | TV Aparecida - AO VIVO - YouTube | https://www.youtube.com/watch?v=4CAmwaFJo6k
[2026-02-06T23:45:00-03:00] 213 espectadores | Santuário Nacional AO VIVO - Você em constante Oração na Casa da Mãe - YouTube | https://www.youtube.com/watch?v=juUt-rN5CVo
[2026-02-06T23:45:10-03:00] 545 espectadores | TV Aparecida - AO VIVO - YouTube | https://www.youtube.com/watch?v=4CAmwaFJo6k
[2026-02-06T23:48:02-03:00] 216 espectadores | Santuário Nacional AO VIVO - Você em constante Oração na Casa da Mãe - YouTube | https://www.youtube.com/watch?v=juUt-rN5CVo
[2026-02-06T23:48:11-03:00] 541 espectadores | TV Aparecida - AO VIVO - YouTube | https://www.youtube.com/watch?v=4CAmwaFJo6k
[2026-02-06T23:50:54-03:00] 207 espectadores | Santuário Nacional AO VIVO - Você em constante Oração na Casa da Mãe - YouTube | https://www.youtube.com/watch?v=juUt-rN5CVo
[2026-02-06T23:51:03-03:00] 524 espectadores | TV Aparecida - AO VIVO - YouTube | https://www.youtube.com/watch?v=4CAmwaFJo6k
[2026-02-06T23:53:54-03:00] 209 espectadores | Santuário Nacional AO VIVO - Você em constante Oração na Casa da Mãe - YouTube | https://www.youtube.com/watch?v=juUt-rN5CVo
[2026-02-06T23:54:05-03:00] 517 espectadores | TV Aparecida - AO VIVO - YouTube | https://www.youtube.com/watch?v=4CAmwaFJo6k
[2026-02-06T23:56:53-03:00] 204 espectadores | Santuário Nacional AO VIVO - Você em constante Oração na Casa da Mãe - YouTube | https://www.youtube.com/watch?v=juUt-rN5CVo
[2026-02-06T23:57:03-03:00] 508 espectadores | TV Aparecida - AO VIVO - YouTube | https://www.youtube.com/watch?v=4CAmwaFJo6k
[2026-02-06T23:59:54-03:00] 193 espectadores | Santuário Nacional AO VIVO - Você em constante Oração na Casa da Mãe - YouTube | https://www.youtube.com/watch?v=juUt-rN5CVo
[2026-02-07T00:00:04-03:00] 497 espectadores | TV Aparecida - AO VIVO - YouTube | https://www.youtube.com/watch?v=4CAmwaFJo6k
[2026-02-07T00:02:54-03:00] 189 espectadores | Santuário Nacional AO VIVO - Você em constante Oração na Casa da Mãe - YouTube | https://www.youtube.com/watch?v=juUt-rN5CVo
[2026-02-07T00:03:03-03:00] 488 espectadores | TV Aparecida - AO VIVO - YouTube | https://www.youtube.com/watch?v=4CAmwaFJo6k
[2026-02-07T00:05:56-03:00] 195 espectadores | Santuário Nacional AO VIVO - Você em constante Oração na Casa da Mãe - YouTube | https://www.youtube.com/watch?v=juUt-rN5CVo
[2026-02-07T00:06:06-03:00] 491 espectadores | TV Aparecida - AO VIVO - YouTube | https://www.youtube.com/watch?v=4CAmwaFJo6k
[2026-02-07T00:08:55-03:00] 186 espectadores | Santuário Nacional AO VIVO - Você em constante Oração na Casa da Mãe - YouTube | https://www.youtube.com/watch?v=juUt-rN5CVo
[2026-02-07T00:09:04-03:00] 467 espectadores | TV Aparecida - AO VIVO - YouTube | https://www.youtube.com/watch?v=4CAmwaFJo6k
[2026-02-07T00:11:55-03:00] 179 espectadores | Santuário Nacional AO VIVO - Você em constante Oração na Casa da Mãe - YouTube | https://www.youtube.com/watch?v=juUt-rN5CVo
[2026-02-07T00:12:06-03:00] 467 espectadores | TV Aparecida - AO VIVO - YouTube | https://www.youtube.com/watch?v=4CAmwaFJo6k
[2026-02-07T00:14:56-03:00] 183 espectadores | Santuário Nacional AO VIVO - Você em constante Oração na Casa da Mãe - YouTube | https://www.youtube.com/watch?v=juUt-rN5CVo
[2026-02-07T00:15:06-03:00] 457 espectadores | TV Aparecida - AO VIVO - YouTube | https://www.youtube.com/watch?v=4CAmwaFJo6k
[2026-02-07T00:17:54-03:00] 183 espectadores | Santuário Nacional AO VIVO - Você em constante Oração na Casa da Mãe - YouTube | https://www.youtube.com/watch?v=juUt-rN5CVo
[2026-02-07T00:18:04-03:00] 449 espectadores | TV Aparecida - AO VIVO - YouTube | https://www.youtube.com/watch?v=4CAmwaFJo6k
[2026-02-07T00:20:59-03:00] 185 espectadores | Santuário Nacional AO VIVO - Você em constante Oração na Casa da Mãe - YouTube | https://www.youtube.com/watch?v=juUt-rN5CVo
[2026-02-07T00:21:09-03:00] 439 espectadores | TV Aparecida - AO VIVO - YouTube | https://www.youtube.com/watch?v=4CAmwaFJo6k
[2026-02-07T00:23:54-03:00] 180 espectadores | Santuário Nacional AO VIVO - Você em constante Oração na Casa da Mãe - YouTube | https://www.youtube.com/watch?v=juUt-rN5CVo
[2026-02-07T00:24:03-03:00] 440 espectadores | TV Aparecida - AO VIVO - YouTube | https://www.youtube.com/watch?v=4CAmwaFJo6k
[2026-02-07T00:26:54-03:00] 176 espectadores | Santuário Nacional AO VIVO - Você em constante Oração na Casa da Mãe - YouTube | https://www.youtube.com/watch?v=juUt-rN5CVo
[2026-02-07T00:27:03-03:00] 434 espectadores | TV Aparecida - AO VIVO - YouTube | https://www.youtube.com/watch?v=4CAmwaFJo6k
[2026-02-07T00:29:54-03:00] 171 espectadores | Santuário Nacional AO VIVO - Você em constante Oração na Casa da Mãe - YouTube | https://www.youtube.com/watch?v=juUt-rN5CVo
[2026-02-07T00:30:03-03:00] 427 espectadores | TV Aparecida - AO VIVO - YouTube | https://www.youtube.com/watch?v=4CAmwaFJo6k
[2026-02-07T00:32:54-03:00] 168 espectadores | Santuário Nacional AO VIVO - Você em constante Oração na Casa da Mãe - YouTube | https://www.youtube.com/watch?v=juUt-rN5CVo
[2026-02-07T00:33:04-03:00] 424 espectadores | TV Aparecida - AO VIVO - YouTube | https://www.youtube.com/watch?v=4CAmwaFJo6k
[2026-02-07T00:35:54-03:00] 171 espectadores | Santuário Nacional AO VIVO - Você em constante Oração na Casa da Mãe - YouTube | https://www.youtube.com/watch?v=juUt-rN5CVo
[2026-02-07T00:36:04-03:00] 422 espectadores | TV Aparecida - AO VIVO - YouTube | https://www.youtube.com/watch?v=4CAmwaFJo6k
[2026-02-07T00:38:53-03:00] 174 espectadores | Santuário Nacional AO VIVO - Você em constante Oração na Casa da Mãe - YouTube | https://www.youtube.com/watch?v=juUt-rN5CVo
[2026-02-07T00:39:03-03:00] 374 espectadores | TV Aparecida - AO VIVO - YouTube | https://www.youtube.com/watch?v=4CAmwaFJo6k
[2026-02-07T00:41:53-03:00] 169 espectadores | Santuário Nacional AO VIVO - Você em constante Oração na Casa da Mãe - YouTube | https://www.youtube.com/watch?v=juUt-rN5CVo
[2026-02-07T00:42:03-03:00] 367 espectadores | TV Aparecida - AO VIVO - YouTube | https://www.youtube.com/watch?v=4CAmwaFJo6k
[2026-02-07T00:44:54-03:00] 172 espectadores | Santuário Nacional AO VIVO - Você em constante Oração na Casa da Mãe - YouTube | https://www.youtube.com/watch?v=juUt-rN5CVo
[2026-02-07T00:45:04-03:00] 357 espectadores | TV Aparecida - AO VIVO - YouTube | https://www.youtube.com/watch?v=4CAmwaFJo6k
[2026-02-07T00:47:54-03:00] 172 espectadores | Santuário Nacional AO VIVO - Você em constante Oração na Casa da Mãe - YouTube | https://www.youtube.com/watch?v=juUt-rN5CVo
[2026-02-07T00:48:04-03:00] 352 espectadores | TV Aparecida - AO VIVO - YouTube | https://www.youtube.com/watch?v=4CAmwaFJo6k
[2026-02-07T00:50:53-03:00] 167 espectadores | Santuário Nacional AO VIVO - Você em constante Oração na Casa da Mãe - YouTube | https://www.youtube.com/watch?v=juUt-rN5CVo
[2026-02-07T00:51:02-03:00] 337 espectadores | TV Aparecida - AO VIVO - YouTube | https://www.youtube.com/watch?v=4CAmwaFJo6k
[2026-02-07T00:53:53-03:00] 163 espectadores | Santuário Nacional AO VIVO - Você em constante Oração na Casa da Mãe - YouTube | https://www.youtube.com/watch?v=juUt-rN5CVo
[2026-02-07T00:54:02-03:00] 331 espectadores | TV Aparecida - AO VIVO - YouTube | https://www.youtube.com/watch?v=4CAmwaFJo6k
[2026-02-07T00:56:54-03:00] 162 espectadores | Santuário Nacional AO VIVO - Você em constante Oração na Casa da Mãe - YouTube | https://www.youtube.com/watch?v=juUt-rN5CVo
[2026-02-07T00:57:03-03:00] 328 espectadores | TV Aparecida - AO VIVO - YouTube | https://www.youtube.com/watch?v=4CAmwaFJo6k
[2026-02-07T00:59:54-03:00] 159 espectadores | Santuário Nacional AO VIVO - Você em constante Oração na Casa da Mãe - YouTube | https://www.youtube.com/watch?v=juUt-rN5CVo
[2026-02-07T01:00:03-03:00] 324 espectadores | TV Aparecida - AO VIVO - YouTube | https://www.youtube.com/watch?v=4CAmwaFJo6k
[2026-02-07T01:02:54-03:00] 161 espectadores | Santuário Nacional AO VIVO - Você em constante Oração na Casa da Mãe - YouTube | https://www.youtube.com/watch?v=juUt-rN5CVo
[2026-02-07T01:03:03-03:00] 318 espectadores | TV Aparecida - AO VIVO - YouTube | https://www.youtube.com/watch?v=4CAmwaFJo6k
[2026-02-07T01:05:56-03:00] 152 espectadores | Santuário Nacional AO VIVO - Você em constante Oração na Casa da Mãe - YouTube | https://www.youtube.com/watch?v=juUt-rN5CVo
[2026-02-07T01:06:06-03:00] 313 espectadores | TV Aparecida - AO VIVO - YouTube | https://www.youtube.com/watch?v=4CAmwaFJo6k
[2026-02-07T01:08:54-03:00] 154 espectadores | Santuário Nacional AO VIVO - Você em constante Oração na Casa da Mãe - YouTube | https://www.youtube.com/watch?v=juUt-rN5CVo
[2026-02-07T01:09:04-03:00] 302 espectadores | TV Aparecida - AO VIVO - YouTube | https://www.youtube.com/watch?v=4CAmwaFJo6k
[2026-02-07T01:11:54-03:00] 150 espectadores | Santuário Nacional AO VIVO - Você em constante Oração na Casa da Mãe - YouTube | https://www.youtube.com/watch?v=juUt-rN5CVo
[2026-02-07T01:12:04-03:00] 301 espectadores | TV Aparecida - AO VIVO - YouTube | https://www.youtube.com/watch?v=4CAmwaFJo6k
[2026-02-07T01:14:53-03:00] 152 espectadores | Santuário Nacional AO VIVO - Você em constante Oração na Casa da Mãe - YouTube | https://www.youtube.com/watch?v=juUt-rN5CVo
[2026-02-07T01:15:03-03:00] 297 espectadores | TV Aparecida - AO VIVO - YouTube | https://www.youtube.com/watch?v=4CAmwaFJo6k
[2026-02-07T01:17:54-03:00] 148 espectadores | Santuário Nacional AO VIVO - Você em constante Oração na Casa da Mãe - YouTube | https://www.youtube.com/watch?v=juUt-rN5CVo
[2026-02-07T01:18:04-03:00] 297 espectadores | TV Aparecida - AO VIVO - YouTube | https://www.youtube.com/watch?v=4CAmwaFJo6k
[2026-02-07T01:20:54-03:00] 149 espectadores | Santuário Nacional AO VIVO - Você em constante Oração na Casa da Mãe - YouTube | https://www.youtube.com/watch?v=juUt-rN5CVo
[2026-02-07T01:21:04-03:00] 292 espectadores | TV Aparecida - AO VIVO - YouTube | https://www.youtube.com/watch?v=4CAmwaFJo6k
[2026-02-07T01:23:54-03:00] 151 espectadores | Santuário Nacional AO VIVO - Você em constante Oração na Casa da Mãe - YouTube | https://www.youtube.com/watch?v=juUt-rN5CVo
[2026-02-07T01:24:03-03:00] 288 espectadores | TV Aparecida - AO VIVO - YouTube | https://www.youtube.com/watch?v=4CAmwaFJo6k
[2026-02-07T01:26:54-03:00] 152 espectadores | Santuário Nacional AO VIVO - Você em constante Oração na Casa da Mãe - YouTube | https://www.youtube.com/watch?v=juUt-rN5CVo
[2026-02-07T01:27:04-03:00] 284 espectadores | TV Aparecida - AO VIVO - YouTube | https://www.youtube.com/watch?v=4CAmwaFJo6k
[2026-02-07T01:29:53-03:00] 149 espectadores | Santuário Nacional AO VIVO - Você em constante Oração na Casa da Mãe - YouTube | https://www.youtube.com/watch?v=juUt-rN5CVo
[2026-02-07T01:30:02-03:00] 288 espectadores | TV Aparecida - AO VIVO - YouTube | https://www.youtube.com/watch?v=4CAmwaFJo6k
[2026-02-07T01:32:53-03:00] 146 espectadores | Santuário Nacional AO VIVO - Você em constante Oração na Casa da Mãe - YouTube | https://www.youtube.com/watch?v=juUt-rN5CVo
[2026-02-07T01:33:02-03:00] 285 espectadores | TV Aparecida - AO VIVO - YouTube | https://www.youtube.com/watch?v=4CAmwaFJo6k
[2026-02-07T01:35:57-03:00] 151 espectadores | Santuário Nacional AO VIVO - Você em constante Oração na Casa da Mãe - YouTube | https://www.youtube.com/watch?v=juUt-rN5CVo
[2026-02-07T01:36:06-03:00] 282 espectadores | TV Aparecida - AO VIVO - YouTube | https://www.youtube.com/watch?v=4CAmwaFJo6k
[2026-02-07T01:38:53-03:00] 147 espectadores | Santuário Nacional AO VIVO - Você em constante Oração na Casa da Mãe - YouTube | https://www.youtube.com/watch?v=juUt-rN5CVo
[2026-02-07T01:39:03-03:00] 265 espectadores | TV Aparecida - AO VIVO - YouTube | https://www.youtube.com/watch?v=4CAmwaFJo6k
[2026-02-07T01:41:54-03:00] 145 espectadores | Santuário Nacional AO VIVO - Você em constante Oração na Casa da Mãe - YouTube | https://www.youtube.com/watch?v=juUt-rN5CVo
[2026-02-07T01:42:04-03:00] 263 espectadores | TV Aparecida - AO VIVO - YouTube | https://www.youtube.com/watch?v=4CAmwaFJo6k
[2026-02-07T01:44:54-03:00] 144 espectadores | Santuário Nacional AO VIVO - Você em constante Oração na Casa da Mãe - YouTube | https://www.youtube.com/watch?v=juUt-rN5CVo
[2026-02-07T01:45:04-03:00] 254 espectadores | TV Aparecida - AO VIVO - YouTube | https://www.youtube.com/watch?v=4CAmwaFJo6k
[2026-02-07T01:47:53-03:00] 148 espectadores | Santuário Nacional AO VIVO - Você em constante Oração na Casa da Mãe - YouTube | https://www.youtube.com/watch?v=juUt-rN5CVo
[2026-02-07T01:48:03-03:00] 242 espectadores | TV Aparecida - AO VIVO - YouTube | https://www.youtube.com/watch?v=4CAmwaFJo6k
[2026-02-07T01:50:53-03:00] 149 espectadores | Santuário Nacional AO VIVO - Você em constante Oração na Casa da Mãe - YouTube | https://www.youtube.com/watch?v=juUt-rN5CVo
[2026-02-07T01:51:02-03:00] 241 espectadores | TV Aparecida - AO VIVO - YouTube | https://www.youtube.com/watch?v=4CAmwaFJo6k
[2026-02-07T01:53:54-03:00] 139 espectadores | Santuário Nacional AO VIVO - Você em constante Oração na Casa da Mãe - YouTube | https://www.youtube.com/watch?v=juUt-rN5CVo
[2026-02-07T01:54:04-03:00] 237 espectadores | TV Aparecida - AO VIVO - YouTube | https://www.youtube.com/watch?v=4CAmwaFJo6k
[2026-02-07T01:56:53-03:00] 143 espectadores | Santuário Nacional AO VIVO - Você em constante Oração na Casa da Mãe - YouTube | https://www.youtube.com/watch?v=juUt-rN5CVo
[2026-02-07T01:57:03-03:00] 233 espectadores | TV Aparecida - AO VIVO - YouTube | https://www.youtube.com/watch?v=4CAmwaFJo6k
[2026-02-07T01:59:54-03:00] 141 espectadores | Santuário Nacional AO VIVO - Você em constante Oração na Casa da Mãe - YouTube | https://www.youtube.com/watch?v=juUt-rN5CVo
[2026-02-07T02:00:03-03:00] 233 espectadores | TV Aparecida - AO VIVO - YouTube | https://www.youtube.com/watch?v=4CAmwaFJo6k
[2026-02-07T02:02:53-03:00] 136 espectadores | Santuário Nacional AO VIVO - Você em constante Oração na Casa da Mãe - YouTube | https://www.youtube.com/watch?v=juUt-rN5CVo
[2026-02-07T02:03:03-03:00] 228 espectadores | TV Aparecida - AO VIVO - YouTube | https://www.youtube.com/watch?v=4CAmwaFJo6k
[2026-02-07T02:05:56-03:00] 137 espectadores | Santuário Nacional AO VIVO - Você em constante Oração na Casa da Mãe - YouTube | https://www.youtube.com/watch?v=juUt-rN5CVo
[2026-02-07T02:06:06-03:00] 231 espectadores | TV Aparecida - AO VIVO - YouTube | https://www.youtube.com/watch?v=4CAmwaFJo6k
[2026-02-07T02:08:54-03:00] 141 espectadores | Santuário Nacional AO VIVO - Você em constante Oração na Casa da Mãe - YouTube | https://www.youtube.com/watch?v=juUt-rN5CVo
[2026-02-07T02:09:03-03:00] 235 espectadores | TV Aparecida - AO VIVO - YouTube | https://www.youtube.com/watch?v=4CAmwaFJo6k
[2026-02-07T02:11:15-03:00] FALHA: Message: unknown error: net::ERR_NAME_NOT_RESOLVED
  (Session info: chrome=137.0.7151.69)
Stacktrace:
	GetHandleVerifier [0x0x7ff794aecda5+78885]
	GetHandleVerifier [0x0x7ff794aece00+78976]
	(No symbol) [0x0x7ff7948a9bca]
	(No symbol) [0x0x7ff7948a65e2]
	(No symbol) [0x0x7ff794897319]
	(No symbol) [0x0x7ff7948990c1]
	(No symbol) [0x0x7ff794897636]
	(No symbol) [0x0x7ff794897096]
	(No symbol) [0x0x7ff794896d5a]
	(No symbol) [0x0x7ff79489492f]
	(No symbol) [0x0x7ff7948951ac]
	(No symbol) [0x0x7ff7948adb7a]
	(No symbol) [0x0x7ff79495201e]
	(No symbol) [0x0x7ff794928b8a]
	(No symbol) [0x0x7ff79495122f]
	(No symbol) [0x0x7ff794928963]
	(No symbol) [0x0x7ff7948f16b1]
	(No symbol) [0x0x7ff7948f2443]
	GetHandleVerifier [0x0x7ff794dc4eed+3061101]
	GetHandleVerifier [0x0x7ff794dbf33d+3037629]
	GetHandleVerifier [0x0x7ff794dde592+3165202]
	GetHandleVerifier [0x0x7ff794b0730e+186766]
	GetHandleVerifier [0x0x7ff794b0eb3f+217535]
	GetHandleVerifier [0x0x7ff794af59b4+114740]
	GetHandleVerifier [0x0x7ff794af5b69+115177]
	GetHandleVerifier [0x0x7ff794adc368+10728]
	BaseThreadInitThunk [0x0x7ffffdd6e8d7+23]
	RtlUserThreadStart [0x0x7ffffeb3c34c+44]

[2026-02-07T02:11:21-03:00] [daily-email] Envio OK para equipe.desenvolvimento@a12.com
[2026-02-07T02:11:21-03:00] [daily-email] CSV limpo após envio.
[2026-02-07T02:11:21-03:00] [backup] Gerado: C:\logs\__daily_snapshot_2026-02-07_dados_live.csv
[2026-02-07T02:11:55-03:00] 139 espectadores | Santuário Nacional AO VIVO - Você em constante Oração na Casa da Mãe - YouTube | https://www.youtube.com/watch?v=juUt-rN5CVo
[2026-02-07T02:12:04-03:00] 234 espectadores | TV Aparecida - AO VIVO - YouTube | https://www.youtube.com/watch?v=4CAmwaFJo6k
[2026-02-07T02:14:52-03:00] FALHA: Message: unknown error: net::ERR_NAME_NOT_RESOLVED
  (Session info: chrome=137.0.7151.69)
Stacktrace:
	GetHandleVerifier [0x0x7ff794aecda5+78885]
	GetHandleVerifier [0x0x7ff794aece00+78976]
	(No symbol) [0x0x7ff7948a9bca]
	(No symbol) [0x0x7ff7948a65e2]
	(No symbol) [0x0x7ff794897319]
	(No symbol) [0x0x7ff7948990c1]
	(No symbol) [0x0x7ff794897636]
	(No symbol) [0x0x7ff794897096]
	(No symbol) [0x0x7ff794896d5a]
	(No symbol) [0x0x7ff79489492f]
	(No symbol) [0x0x7ff7948951ac]
	(No symbol) [0x0x7ff7948adb7a]
	(No symbol) [0x0x7ff79495201e]
	(No symbol) [0x0x7ff794928b8a]
	(No symbol) [0x0x7ff79495122f]
	(No symbol) [0x0x7ff794928963]
	(No symbol) [0x0x7ff7948f16b1]
	(No symbol) [0x0x7ff7948f2443]
	GetHandleVerifier [0x0x7ff794dc4eed+3061101]
	GetHandleVerifier [0x0x7ff794dbf33d+3037629]
	GetHandleVerifier [0x0x7ff794dde592+3165202]
	GetHandleVerifier [0x0x7ff794b0730e+186766]
	GetHandleVerifier [0x0x7ff794b0eb3f+217535]
	GetHandleVerifier [0x0x7ff794af59b4+114740]
	GetHandleVerifier [0x0x7ff794af5b69+115177]
	GetHandleVerifier [0x0x7ff794adc368+10728]
	BaseThreadInitThunk [0x0x7ffffdd6e8d7+23]
	RtlUserThreadStart [0x0x7ffffeb3c34c+44]

[2026-02-07T02:14:57-03:00] 142 espectadores | Santuário Nacional AO VIVO - Você em constante Oração na Casa da Mãe - YouTube | https://www.youtube.com/watch?v=juUt-rN5CVo
[2026-02-07T02:14:57-03:00] [daily-email] Envio OK para anderson.vieira@a12.com
[2026-02-07T02:14:57-03:00] [daily-email] CSV limpo após envio.
[2026-02-07T02:14:57-03:00] [backup] Gerado: C:\logs\__daily_snapshot_2026-02-07_dados_live.csv
[2026-02-07T02:15:06-03:00] 234 espectadores | TV Aparecida - AO VIVO - YouTube | https://www.youtube.com/watch?v=4CAmwaFJo6k
[2026-02-07T02:17:55-03:00] 140 espectadores | Santuário Nacional AO VIVO - Você em constante Oração na Casa da Mãe - YouTube | https://www.youtube.com/watch?v=juUt-rN5CVo
[2026-02-07T02:18:04-03:00] 229 espectadores | TV Aparecida - AO VIVO - YouTube | https://www.youtube.com/watch?v=4CAmwaFJo6k
[2026-02-07T02:20:54-03:00] 136 espectadores | Santuário Nacional AO VIVO - Você em constante Oração na Casa da Mãe - YouTube | https://www.youtube.com/watch?v=juUt-rN5CVo
[2026-02-07T02:21:04-03:00] 234 espectadores | TV Aparecida - AO VIVO - YouTube | https://www.youtube.com/watch?v=4CAmwaFJo6k
[2026-02-07T02:24:04-03:00] 141 espectadores | Santuário Nacional AO VIVO - Você em constante Oração na Casa da Mãe - YouTube | https://www.youtube.com/watch?v=juUt-rN5CVo
[2026-02-07T02:24:15-03:00] 238 espectadores | TV Aparecida - AO VIVO - YouTube | https://www.youtube.com/watch?v=4CAmwaFJo6k
[2026-02-07T02:27:10-03:00] 135 espectadores | Santuário Nacional AO VIVO - Você em constante Oração na Casa da Mãe - YouTube | https://www.youtube.com/watch?v=juUt-rN5CVo
[2026-02-07T02:27:19-03:00] 235 espectadores | TV Aparecida - AO VIVO - YouTube | https://www.youtube.com/watch?v=4CAmwaFJo6k
[2026-02-07T02:29:48-03:00] FALHA: Message: unknown error: net::ERR_NAME_NOT_RESOLVED
  (Session info: chrome=137.0.7151.69)
Stacktrace:
	GetHandleVerifier [0x0x7ff794aecda5+78885]
	GetHandleVerifier [0x0x7ff794aece00+78976]
	(No symbol) [0x0x7ff7948a9bca]
	(No symbol) [0x0x7ff7948a65e2]
	(No symbol) [0x0x7ff794897319]
	(No symbol) [0x0x7ff7948990c1]
	(No symbol) [0x0x7ff794897636]
	(No symbol) [0x0x7ff794897096]
	(No symbol) [0x0x7ff794896d5a]
	(No symbol) [0x0x7ff79489492f]
	(No symbol) [0x0x7ff7948951ac]
	(No symbol) [0x0x7ff7948adb7a]
	(No symbol) [0x0x7ff79495201e]
	(No symbol) [0x0x7ff794928b8a]
	(No symbol) [0x0x7ff79495122f]
	(No symbol) [0x0x7ff794928963]
	(No symbol) [0x0x7ff7948f16b1]
	(No symbol) [0x0x7ff7948f2443]
	GetHandleVerifier [0x0x7ff794dc4eed+3061101]
	GetHandleVerifier [0x0x7ff794dbf33d+3037629]
	GetHandleVerifier [0x0x7ff794dde592+3165202]
	GetHandleVerifier [0x0x7ff794b0730e+186766]
	GetHandleVerifier [0x0x7ff794b0eb3f+217535]
	GetHandleVerifier [0x0x7ff794af59b4+114740]
	GetHandleVerifier [0x0x7ff794af5b69+115177]
	GetHandleVerifier [0x0x7ff794adc368+10728]
	BaseThreadInitThunk [0x0x7ffffdd6e8d7+23]
	RtlUserThreadStart [0x0x7ffffeb3c34c+44]

[2026-02-07T02:29:54-03:00] [daily-email] Envio OK para anderson.vieira@a12.com
[2026-02-07T02:29:54-03:00] [daily-email] CSV limpo após envio.
[2026-02-07T02:29:54-03:00] [backup] Gerado: C:\logs\__daily_snapshot_2026-02-07_dados_live.csv
[2026-02-07T02:29:54-03:00] 133 espectadores | Santuário Nacional AO VIVO - Você em constante Oração na Casa da Mãe - YouTube | https://www.youtube.com/watch?v=juUt-rN5CVo
[2026-02-07T02:30:04-03:00] 237 espectadores | TV Aparecida - AO VIVO - YouTube | https://www.youtube.com/watch?v=4CAmwaFJo6k
[2026-02-07T02:32:55-03:00] 132 espectadores | Santuário Nacional AO VIVO - Você em constante Oração na Casa da Mãe - YouTube | https://www.youtube.com/watch?v=juUt-rN5CVo
[2026-02-07T02:33:04-03:00] 230 espectadores | TV Aparecida - AO VIVO - YouTube | https://www.youtube.com/watch?v=4CAmwaFJo6k
[2026-02-07T02:35:55-03:00] 135 espectadores | Santuário Nacional AO VIVO - Você em constante Oração na Casa da Mãe - YouTube | https://www.youtube.com/watch?v=juUt-rN5CVo
[2026-02-07T02:36:04-03:00] 223 espectadores | TV Aparecida - AO VIVO - YouTube | https://www.youtube.com/watch?v=4CAmwaFJo6k
[2026-02-07T02:38:54-03:00] 134 espectadores | Santuário Nacional AO VIVO - Você em constante Oração na Casa da Mãe - YouTube | https://www.youtube.com/watch?v=juUt-rN5CVo
[2026-02-07T02:39:03-03:00] 220 espectadores | TV Aparecida - AO VIVO - YouTube | https://www.youtube.com/watch?v=4CAmwaFJo6k
[2026-02-07T02:41:58-03:00] 132 espectadores | Santuário Nacional AO VIVO - Você em constante Oração na Casa da Mãe - YouTube | https://www.youtube.com/watch?v=juUt-rN5CVo
[2026-02-07T02:42:07-03:00] 219 espectadores | TV Aparecida - AO VIVO - YouTube | https://www.youtube.com/watch?v=4CAmwaFJo6k
[2026-02-07T02:44:53-03:00] 134 espectadores | Santuário Nacional AO VIVO - Você em constante Oração na Casa da Mãe - YouTube | https://www.youtube.com/watch?v=juUt-rN5CVo
[2026-02-07T02:45:03-03:00] 215 espectadores | TV Aparecida - AO VIVO - YouTube | https://www.youtube.com/watch?v=4CAmwaFJo6k
[2026-02-07T02:47:54-03:00] 133 espectadores | Santuário Nacional AO VIVO - Você em constante Oração na Casa da Mãe - YouTube | https://www.youtube.com/watch?v=juUt-rN5CVo
[2026-02-07T02:48:03-03:00] 217 espectadores | TV Aparecida - AO VIVO - YouTube | https://www.youtube.com/watch?v=4CAmwaFJo6k
[2026-02-07T02:50:58-03:00] 136 espectadores | Santuário Nacional AO VIVO - Você em constante Oração na Casa da Mãe - YouTube | https://www.youtube.com/watch?v=juUt-rN5CVo
[2026-02-07T02:51:08-03:00] 214 espectadores | TV Aparecida - AO VIVO - YouTube | https://www.youtube.com/watch?v=4CAmwaFJo6k
[2026-02-07T02:53:54-03:00] 133 espectadores | Santuário Nacional AO VIVO - Você em constante Oração na Casa da Mãe - YouTube | https://www.youtube.com/watch?v=juUt-rN5CVo
[2026-02-07T02:54:03-03:00] 219 espectadores | TV Aparecida - AO VIVO - YouTube | https://www.youtube.com/watch?v=4CAmwaFJo6k
[2026-02-07T03:11:55-03:00] 132 espectadores | Santuário Nacional AO VIVO - Você em constante Oração na Casa da Mãe - YouTube | https://www.youtube.com/watch?v=juUt-rN5CVo
[2026-02-07T03:12:05-03:00] 228 espectadores | TV Aparecida - AO VIVO - YouTube | https://www.youtube.com/watch?v=4CAmwaFJo6k
[2026-02-07T03:15:00-03:00] 139 espectadores | Santuário Nacional AO VIVO - Você em constante Oração na Casa da Mãe - YouTube | https://www.youtube.com/watch?v=juUt-rN5CVo
[2026-02-07T03:15:10-03:00] 231 espectadores | TV Aparecida - AO VIVO - YouTube | https://www.youtube.com/watch?v=4CAmwaFJo6k
[2026-02-07T03:17:55-03:00] 133 espectadores | Santuário Nacional AO VIVO - Você em constante Oração na Casa da Mãe - YouTube | https://www.youtube.com/watch?v=juUt-rN5CVo
[2026-02-07T03:18:04-03:00] 228 espectadores | TV Aparecida - AO VIVO - YouTube | https://www.youtube.com/watch?v=4CAmwaFJo6k
[2026-02-07T03:20:55-03:00] 131 espectadores | Santuário Nacional AO VIVO - Você em constante Oração na Casa da Mãe - YouTube | https://www.youtube.com/watch?v=juUt-rN5CVo
[2026-02-07T03:21:04-03:00] 230 espectadores | TV Aparecida - AO VIVO - YouTube | https://www.youtube.com/watch?v=4CAmwaFJo6k
[2026-02-07T03:26:54-03:00] 131 espectadores | Santuário Nacional AO VIVO - Você em constante Oração na Casa da Mãe - YouTube | https://www.youtube.com/watch?v=juUt-rN5CVo
[2026-02-07T03:27:03-03:00] 229 espectadores | TV Aparecida - AO VIVO - YouTube | https://www.youtube.com/watch?v=4CAmwaFJo6k
[2026-02-07T03:29:54-03:00] 128 espectadores | Santuário Nacional AO VIVO - Você em constante Oração na Casa da Mãe - YouTube | https://www.youtube.com/watch?v=juUt-rN5CVo
[2026-02-07T03:30:04-03:00] 221 espectadores | TV Aparecida - AO VIVO - YouTube | https://www.youtube.com/watch?v=4CAmwaFJo6k
[2026-02-07T03:32:54-03:00] 126 espectadores | Santuário Nacional AO VIVO - Você em constante Oração na Casa da Mãe - YouTube | https://www.youtube.com/watch?v=juUt-rN5CVo
[2026-02-07T03:33:03-03:00] 207 espectadores | TV Aparecida - AO VIVO - YouTube | https://www.youtube.com/watch?v=4CAmwaFJo6k
[2026-02-07T03:35:54-03:00] 131 espectadores | Santuário Nacional AO VIVO - Você em constante Oração na Casa da Mãe - YouTube | https://www.youtube.com/watch?v=juUt-rN5CVo
[2026-02-07T03:36:03-03:00] 196 espectadores | TV Aparecida - AO VIVO - YouTube | https://www.youtube.com/watch?v=4CAmwaFJo6k
[2026-02-07T03:38:54-03:00] 135 espectadores | Santuário Nacional AO VIVO - Você em constante Oração na Casa da Mãe - YouTube | https://www.youtube.com/watch?v=juUt-rN5CVo
[2026-02-07T03:39:04-03:00] 192 espectadores | TV Aparecida - AO VIVO - YouTube | https://www.youtube.com/watch?v=4CAmwaFJo6k
[2026-02-07T03:41:54-03:00] 140 espectadores | Santuário Nacional AO VIVO - Você em constante Oração na Casa da Mãe - YouTube | https://www.youtube.com/watch?v=juUt-rN5CVo
[2026-02-07T03:42:03-03:00] 189 espectadores | TV Aparecida - AO VIVO - YouTube | https://www.youtube.com/watch?v=4CAmwaFJo6k
[2026-02-07T03:44:54-03:00] 136 espectadores | Santuário Nacional AO VIVO - Você em constante Oração na Casa da Mãe - YouTube | https://www.youtube.com/watch?v=juUt-rN5CVo
[2026-02-07T03:45:03-03:00] 192 espectadores | TV Aparecida - AO VIVO - YouTube | https://www.youtube.com/watch?v=4CAmwaFJo6k
[2026-02-07T03:47:54-03:00] 135 espectadores | Santuário Nacional AO VIVO - Você em constante Oração na Casa da Mãe - YouTube | https://www.youtube.com/watch?v=juUt-rN5CVo
[2026-02-07T03:48:04-03:00] 188 espectadores | TV Aparecida - AO VIVO - YouTube | https://www.youtube.com/watch?v=4CAmwaFJo6k
[2026-02-07T03:50:54-03:00] 130 espectadores | Santuário Nacional AO VIVO - Você em constante Oração na Casa da Mãe - YouTube | https://www.youtube.com/watch?v=juUt-rN5CVo
[2026-02-07T03:51:03-03:00] 188 espectadores | TV Aparecida - AO VIVO - YouTube | https://www.youtube.com/watch?v=4CAmwaFJo6k
[2026-02-07T03:53:54-03:00] 137 espectadores | Santuário Nacional AO VIVO - Você em constante Oração na Casa da Mãe - YouTube | https://www.youtube.com/watch?v=juUt-rN5CVo
[2026-02-07T03:54:04-03:00] 184 espectadores | TV Aparecida - AO VIVO - YouTube | https://www.youtube.com/watch?v=4CAmwaFJo6k
[2026-02-07T03:56:53-03:00] 137 espectadores | Santuário Nacional AO VIVO - Você em constante Oração na Casa da Mãe - YouTube | https://www.youtube.com/watch?v=juUt-rN5CVo
[2026-02-07T03:57:03-03:00] 181 espectadores | TV Aparecida - AO VIVO - YouTube | https://www.youtube.com/watch?v=4CAmwaFJo6k
[2026-02-07T04:00:04-03:00] 136 espectadores | Santuário Nacional AO VIVO - Você em constante Oração na Casa da Mãe - YouTube | https://www.youtube.com/watch?v=juUt-rN5CVo
[2026-02-07T04:00:14-03:00] 175 espectadores | TV Aparecida - AO VIVO - YouTube | https://www.youtube.com/watch?v=4CAmwaFJo6k
[2026-02-07T04:02:57-03:00] 146 espectadores | Santuário Nacional AO VIVO - Você em constante Oração na Casa da Mãe - YouTube | https://www.youtube.com/watch?v=juUt-rN5CVo
[2026-02-07T04:03:07-03:00] 175 espectadores | TV Aparecida - AO VIVO - YouTube | https://www.youtube.com/watch?v=4CAmwaFJo6k
[2026-02-07T04:05:55-03:00] 141 espectadores | Santuário Nacional AO VIVO - Você em constante Oração na Casa da Mãe - YouTube | https://www.youtube.com/watch?v=juUt-rN5CVo
[2026-02-07T04:06:05-03:00] 170 espectadores | TV Aparecida - AO VIVO - YouTube | https://www.youtube.com/watch?v=4CAmwaFJo6k
[2026-02-07T04:08:53-03:00] 138 espectadores | Santuário Nacional AO VIVO - Você em constante Oração na Casa da Mãe - YouTube | https://www.youtube.com/watch?v=juUt-rN5CVo
[2026-02-07T04:09:03-03:00] 168 espectadores | TV Aparecida - AO VIVO - YouTube | https://www.youtube.com/watch?v=4CAmwaFJo6k
[2026-02-07T04:11:54-03:00] 138 espectadores | Santuário Nacional AO VIVO - Você em constante Oração na Casa da Mãe - YouTube | https://www.youtube.com/watch?v=juUt-rN5CVo
[2026-02-07T04:12:03-03:00] 170 espectadores | TV Aparecida - AO VIVO - YouTube | https://www.youtube.com/watch?v=4CAmwaFJo6k
[2026-02-07T04:14:54-03:00] 136 espectadores | Santuário Nacional AO VIVO - Você em constante Oração na Casa da Mãe - YouTube | https://www.youtube.com/watch?v=juUt-rN5CVo
[2026-02-07T04:15:03-03:00] 172 espectadores | TV Aparecida - AO VIVO - YouTube | https://www.youtube.com/watch?v=4CAmwaFJo6k
[2026-02-07T04:17:55-03:00] 136 espectadores | Santuário Nacional AO VIVO - Você em constante Oração na Casa da Mãe - YouTube | https://www.youtube.com/watch?v=juUt-rN5CVo
[2026-02-07T04:18:04-03:00] 174 espectadores | TV Aparecida - AO VIVO - YouTube | https://www.youtube.com/watch?v=4CAmwaFJo6k
[2026-02-07T04:20:54-03:00] 139 espectadores | Santuário Nacional AO VIVO - Você em constante Oração na Casa da Mãe - YouTube | https://www.youtube.com/watch?v=juUt-rN5CVo
[2026-02-07T04:21:03-03:00] 175 espectadores | TV Aparecida - AO VIVO - YouTube | https://www.youtube.com/watch?v=4CAmwaFJo6k
[2026-02-07T04:23:54-03:00] 144 espectadores | Santuário Nacional AO VIVO - Você em constante Oração na Casa da Mãe - YouTube | https://www.youtube.com/watch?v=juUt-rN5CVo
[2026-02-07T04:24:04-03:00] 174 espectadores | TV Aparecida - AO VIVO - YouTube | https://www.youtube.com/watch?v=4CAmwaFJo6k
[2026-02-07T04:26:54-03:00] 142 espectadores | Santuário Nacional AO VIVO - Você em constante Oração na Casa da Mãe - YouTube | https://www.youtube.com/watch?v=juUt-rN5CVo
[2026-02-07T04:27:03-03:00] 172 espectadores | TV Aparecida - AO VIVO - YouTube | https://www.youtube.com/watch?v=4CAmwaFJo6k
[2026-02-07T04:29:54-03:00] 146 espectadores | Santuário Nacional AO VIVO - Você em constante Oração na Casa da Mãe - YouTube | https://www.youtube.com/watch?v=juUt-rN5CVo
[2026-02-07T04:30:03-03:00] 170 espectadores | TV Aparecida - AO VIVO - YouTube | https://www.youtube.com/watch?v=4CAmwaFJo6k
[2026-02-07T04:32:54-03:00] 144 espectadores | Santuário Nacional AO VIVO - Você em constante Oração na Casa da Mãe - YouTube | https://www.youtube.com/watch?v=juUt-rN5CVo
[2026-02-07T04:33:04-03:00] 170 espectadores | TV Aparecida - AO VIVO - YouTube | https://www.youtube.com/watch?v=4CAmwaFJo6k
[2026-02-07T04:35:54-03:00] 152 espectadores | Santuário Nacional AO VIVO - Você em constante Oração na Casa da Mãe - YouTube | https://www.youtube.com/watch?v=juUt-rN5CVo
[2026-02-07T04:36:03-03:00] 164 espectadores | TV Aparecida - AO VIVO - YouTube | https://www.youtube.com/watch?v=4CAmwaFJo6k
[2026-02-07T04:38:55-03:00] 148 espectadores | Santuário Nacional AO VIVO - Você em constante Oração na Casa da Mãe - YouTube | https://www.youtube.com/watch?v=juUt-rN5CVo
[2026-02-07T04:39:04-03:00] 170 espectadores | TV Aparecida - AO VIVO - YouTube | https://www.youtube.com/watch?v=4CAmwaFJo6k
[2026-02-07T04:41:54-03:00] 148 espectadores | Santuário Nacional AO VIVO - Você em constante Oração na Casa da Mãe - YouTube | https://www.youtube.com/watch?v=juUt-rN5CVo
[2026-02-07T04:42:03-03:00] 166 espectadores | TV Aparecida - AO VIVO - YouTube | https://www.youtube.com/watch?v=4CAmwaFJo6k
[2026-02-07T04:44:53-03:00] 149 espectadores | Santuário Nacional AO VIVO - Você em constante Oração na Casa da Mãe - YouTube | https://www.youtube.com/watch?v=juUt-rN5CVo
[2026-02-07T04:45:03-03:00] 173 espectadores | TV Aparecida - AO VIVO - YouTube | https://www.youtube.com/watch?v=4CAmwaFJo6k
[2026-02-07T04:47:54-03:00] 154 espectadores | Santuário Nacional AO VIVO - Você em constante Oração na Casa da Mãe - YouTube | https://www.youtube.com/watch?v=juUt-rN5CVo
[2026-02-07T04:48:03-03:00] 174 espectadores | TV Aparecida - AO VIVO - YouTube | https://www.youtube.com/watch?v=4CAmwaFJo6k
[2026-02-07T04:50:53-03:00] 157 espectadores | Santuário Nacional AO VIVO - Você em constante Oração na Casa da Mãe - YouTube | https://www.youtube.com/watch?v=juUt-rN5CVo
[2026-02-07T04:51:03-03:00] 180 espectadores | TV Aparecida - AO VIVO - YouTube | https://www.youtube.com/watch?v=4CAmwaFJo6k
[2026-02-07T04:53:54-03:00] 160 espectadores | Santuário Nacional AO VIVO - Você em constante Oração na Casa da Mãe - YouTube | https://www.youtube.com/watch?v=juUt-rN5CVo
[2026-02-07T04:54:03-03:00] 172 espectadores | TV Aparecida - AO VIVO - YouTube | https://www.youtube.com/watch?v=4CAmwaFJo6k
[2026-02-07T04:56:53-03:00] 158 espectadores | Santuário Nacional AO VIVO - Você em constante Oração na Casa da Mãe - YouTube | https://www.youtube.com/watch?v=juUt-rN5CVo
[2026-02-07T04:57:03-03:00] 179 espectadores | TV Aparecida - AO VIVO - YouTube | https://www.youtube.com/watch?v=4CAmwaFJo6k
[2026-02-07T04:59:55-03:00] 165 espectadores | Santuário Nacional AO VIVO - Você em constante Oração na Casa da Mãe - YouTube | https://www.youtube.com/watch?v=juUt-rN5CVo
[2026-02-07T05:00:04-03:00] 175 espectadores | TV Aparecida - AO VIVO - YouTube | https://www.youtube.com/watch?v=4CAmwaFJo6k
[2026-02-07T05:02:54-03:00] 166 espectadores | Santuário Nacional AO VIVO - Você em constante Oração na Casa da Mãe - YouTube | https://www.youtube.com/watch?v=juUt-rN5CVo
[2026-02-07T05:03:03-03:00] 185 espectadores | TV Aparecida - AO VIVO - YouTube | https://www.youtube.com/watch?v=4CAmwaFJo6k
[2026-02-07T05:05:53-03:00] 170 espectadores | Santuário Nacional AO VIVO - Você em constante Oração na Casa da Mãe - YouTube | https://www.youtube.com/watch?v=juUt-rN5CVo
[2026-02-07T05:06:03-03:00] 181 espectadores | TV Aparecida - AO VIVO - YouTube | https://www.youtube.com/watch?v=4CAmwaFJo6k
[2026-02-07T05:08:57-03:00] 172 espectadores | Santuário Nacional AO VIVO - Você em constante Oração na Casa da Mãe - YouTube | https://www.youtube.com/watch?v=juUt-rN5CVo
[2026-02-07T05:09:07-03:00] 186 espectadores | TV Aparecida - AO VIVO - YouTube | https://www.youtube.com/watch?v=4CAmwaFJo6k
[2026-02-07T05:11:57-03:00] 179 espectadores | Santuário Nacional AO VIVO - Você em constante Oração na Casa da Mãe - YouTube | https://www.youtube.com/watch?v=juUt-rN5CVo
[2026-02-07T05:12:07-03:00] 198 espectadores | TV Aparecida - AO VIVO - YouTube | https://www.youtube.com/watch?v=4CAmwaFJo6k
[2026-02-07T05:14:53-03:00] 186 espectadores | Santuário Nacional AO VIVO - Você em constante Oração na Casa da Mãe - YouTube | https://www.youtube.com/watch?v=juUt-rN5CVo
[2026-02-07T05:15:02-03:00] 206 espectadores | TV Aparecida - AO VIVO - YouTube | https://www.youtube.com/watch?v=4CAmwaFJo6k
[2026-02-07T05:17:55-03:00] 186 espectadores | Santuário Nacional AO VIVO - Você em constante Oração na Casa da Mãe - YouTube | https://www.youtube.com/watch?v=juUt-rN5CVo
[2026-02-07T05:18:04-03:00] 219 espectadores | TV Aparecida - AO VIVO - YouTube | https://www.youtube.com/watch?v=4CAmwaFJo6k
[2026-02-07T05:20:53-03:00] 195 espectadores | Santuário Nacional AO VIVO - Você em constante Oração na Casa da Mãe - YouTube | https://www.youtube.com/watch?v=juUt-rN5CVo
[2026-02-07T05:21:03-03:00] 221 espectadores | TV Aparecida - AO VIVO - YouTube | https://www.youtube.com/watch?v=4CAmwaFJo6k
[2026-02-07T05:23:54-03:00] 204 espectadores | Santuário Nacional AO VIVO - Você em constante Oração na Casa da Mãe - YouTube | https://www.youtube.com/watch?v=juUt-rN5CVo
[2026-02-07T05:24:04-03:00] 221 espectadores | TV Aparecida - AO VIVO - YouTube | https://www.youtube.com/watch?v=4CAmwaFJo6k
[2026-02-07T05:26:53-03:00] 212 espectadores | Santuário Nacional AO VIVO - Você em constante Oração na Casa da Mãe - YouTube | https://www.youtube.com/watch?v=juUt-rN5CVo
[2026-02-07T05:27:02-03:00] 230 espectadores | TV Aparecida - AO VIVO - YouTube | https://www.youtube.com/watch?v=4CAmwaFJo6k
[2026-02-07T05:29:54-03:00] 231 espectadores | Santuário Nacional AO VIVO - Você em constante Oração na Casa da Mãe - YouTube | https://www.youtube.com/watch?v=juUt-rN5CVo
[2026-02-07T05:30:04-03:00] 237 espectadores | TV Aparecida - AO VIVO - YouTube | https://www.youtube.com/watch?v=4CAmwaFJo6k
[2026-02-07T05:32:54-03:00] 243 espectadores | Santuário Nacional AO VIVO - Você em constante Oração na Casa da Mãe - YouTube | https://www.youtube.com/watch?v=juUt-rN5CVo
[2026-02-07T05:33:04-03:00] 245 espectadores | TV Aparecida - AO VIVO - YouTube | https://www.youtube.com/watch?v=4CAmwaFJo6k
[2026-02-07T05:35:54-03:00] 249 espectadores | Santuário Nacional AO VIVO - Você em constante Oração na Casa da Mãe - YouTube | https://www.youtube.com/watch?v=juUt-rN5CVo
[2026-02-07T05:36:03-03:00] 251 espectadores | TV Aparecida - AO VIVO - YouTube | https://www.youtube.com/watch?v=4CAmwaFJo6k
[2026-02-07T05:38:57-03:00] 250 espectadores | Santuário Nacional AO VIVO - Você em constante Oração na Casa da Mãe - YouTube | https://www.youtube.com/watch?v=juUt-rN5CVo
[2026-02-07T05:39:06-03:00] 275 espectadores | TV Aparecida - AO VIVO - YouTube | https://www.youtube.com/watch?v=4CAmwaFJo6k
[2026-02-07T05:41:56-03:00] 264 espectadores | Santuário Nacional AO VIVO - Você em constante Oração na Casa da Mãe - YouTube | https://www.youtube.com/watch?v=juUt-rN5CVo
[2026-02-07T05:42:05-03:00] 286 espectadores | TV Aparecida - AO VIVO - YouTube | https://www.youtube.com/watch?v=4CAmwaFJo6k
[2026-02-07T05:44:54-03:00] 293 espectadores | Santuário Nacional AO VIVO - Você em constante Oração na Casa da Mãe - YouTube | https://www.youtube.com/watch?v=juUt-rN5CVo
[2026-02-07T05:45:03-03:00] 315 espectadores | TV Aparecida - AO VIVO - YouTube | https://www.youtube.com/watch?v=4CAmwaFJo6k
[2026-02-07T05:47:56-03:00] 295 espectadores | Santuário Nacional AO VIVO - Você em constante Oração na Casa da Mãe - YouTube | https://www.youtube.com/watch?v=juUt-rN5CVo
[2026-02-07T05:48:05-03:00] 358 espectadores | TV Aparecida - AO VIVO - YouTube | https://www.youtube.com/watch?v=4CAmwaFJo6k
[2026-02-07T05:50:54-03:00] 290 espectadores | Santuário Nacional AO VIVO - Você em constante Oração na Casa da Mãe - YouTube | https://www.youtube.com/watch?v=juUt-rN5CVo
[2026-02-07T05:51:03-03:00] 407 espectadores | TV Aparecida - AO VIVO - YouTube | https://www.youtube.com/watch?v=4CAmwaFJo6k
[2026-02-07T05:54:05-03:00] 321 espectadores | Santuário Nacional AO VIVO - Você em constante Oração na Casa da Mãe - YouTube | https://www.youtube.com/watch?v=juUt-rN5CVo
[2026-02-07T05:54:15-03:00] 468 espectadores | TV Aparecida - AO VIVO - YouTube | https://www.youtube.com/watch?v=4CAmwaFJo6k
[2026-02-07T05:56:54-03:00] 341 espectadores | Santuário Nacional AO VIVO - Você em constante Oração na Casa da Mãe - YouTube | https://www.youtube.com/watch?v=juUt-rN5CVo
[2026-02-07T05:57:03-03:00] 546 espectadores | TV Aparecida - AO VIVO - YouTube | https://www.youtube.com/watch?v=4CAmwaFJo6k
[2026-02-07T05:59:57-03:00] 390 espectadores | Santuário Nacional AO VIVO - Você em constante Oração na Casa da Mãe - YouTube | https://www.youtube.com/watch?v=juUt-rN5CVo
[2026-02-07T06:00:07-03:00] 562 espectadores | TV Aparecida - AO VIVO - YouTube | https://www.youtube.com/watch?v=4CAmwaFJo6k
[2026-02-07T06:02:54-03:00] 420 espectadores | Santuário Nacional AO VIVO - Você em constante Oração na Casa da Mãe - YouTube | https://www.youtube.com/watch?v=juUt-rN5CVo
[2026-02-07T06:03:03-03:00] 698 espectadores | TV Aparecida - AO VIVO - YouTube | https://www.youtube.com/watch?v=4CAmwaFJo6k
[2026-02-07T06:05:54-03:00] 452 espectadores | Santuário Nacional AO VIVO - Você em constante Oração na Casa da Mãe - YouTube | https://www.youtube.com/watch?v=juUt-rN5CVo
[2026-02-07T06:06:04-03:00] 806 espectadores | TV Aparecida - AO VIVO - YouTube | https://www.youtube.com/watch?v=4CAmwaFJo6k
[2026-02-07T06:08:57-03:00] 436 espectadores | Santuário Nacional AO VIVO - Você em constante Oração na Casa da Mãe - YouTube | https://www.youtube.com/watch?v=juUt-rN5CVo
[2026-02-07T06:09:06-03:00] 970 espectadores | TV Aparecida - AO VIVO - YouTube | https://www.youtube.com/watch?v=4CAmwaFJo6k
[2026-02-07T06:11:54-03:00] 452 espectadores | Santuário Nacional AO VIVO - Você em constante Oração na Casa da Mãe - YouTube | https://www.youtube.com/watch?v=juUt-rN5CVo
[2026-02-07T06:12:03-03:00] 1162 espectadores | TV Aparecida - AO VIVO - YouTube | https://www.youtube.com/watch?v=4CAmwaFJo6k
[2026-02-07T06:14:54-03:00] 486 espectadores | Santuário Nacional AO VIVO - Você em constante Oração na Casa da Mãe - YouTube | https://www.youtube.com/watch?v=juUt-rN5CVo
[2026-02-07T06:15:03-03:00] 1416 espectadores | TV Aparecida - AO VIVO - YouTube | https://www.youtube.com/watch?v=4CAmwaFJo6k
[2026-02-07T06:17:54-03:00] 503 espectadores | Santuário Nacional AO VIVO - Você em constante Oração na Casa da Mãe - YouTube | https://www.youtube.com/watch?v=juUt-rN5CVo
[2026-02-07T06:18:03-03:00] 1672 espectadores | TV Aparecida - AO VIVO - YouTube | https://www.youtube.com/watch?v=4CAmwaFJo6k
[2026-02-07T06:20:54-03:00] 494 espectadores | Santuário Nacional AO VIVO - Você em constante Oração na Casa da Mãe - YouTube | https://www.youtube.com/watch?v=juUt-rN5CVo
[2026-02-07T06:21:03-03:00] 1905 espectadores | TV Aparecida - AO VIVO - YouTube | https://www.youtube.com/watch?v=4CAmwaFJo6k
[2026-02-07T06:23:54-03:00] 503 espectadores | Santuário Nacional AO VIVO - Você em constante Oração na Casa da Mãe - YouTube | https://www.youtube.com/watch?v=juUt-rN5CVo
[2026-02-07T06:24:03-03:00] 2093 espectadores | TV Aparecida - AO VIVO - YouTube | https://www.youtube.com/watch?v=4CAmwaFJo6k
[2026-02-07T06:26:53-03:00] 553 espectadores | Santuário Nacional AO VIVO - Você em constante Oração na Casa da Mãe - YouTube | https://www.youtube.com/watch?v=juUt-rN5CVo
[2026-02-07T06:27:03-03:00] 2452 espectadores | TV Aparecida - AO VIVO - YouTube | https://www.youtube.com/watch?v=4CAmwaFJo6k
[2026-02-07T06:29:56-03:00] 597 espectadores | Santuário Nacional AO VIVO - Você em constante Oração na Casa da Mãe - YouTube | https://www.youtube.com/watch?v=juUt-rN5CVo
[2026-02-07T06:30:05-03:00] 2675 espectadores | TV Aparecida - AO VIVO - YouTube | https://www.youtube.com/watch?v=4CAmwaFJo6k
[2026-02-07T06:32:54-03:00] 618 espectadores | Santuário Nacional AO VIVO - Você em constante Oração na Casa da Mãe - YouTube | https://www.youtube.com/watch?v=juUt-rN5CVo
[2026-02-07T06:33:03-03:00] 2875 espectadores | TV Aparecida - AO VIVO - YouTube | https://www.youtube.com/watch?v=4CAmwaFJo6k
[2026-02-07T06:35:58-03:00] 657 espectadores | Santuário Nacional AO VIVO - Você em constante Oração na Casa da Mãe - YouTube | https://www.youtube.com/watch?v=juUt-rN5CVo
[2026-02-07T06:36:08-03:00] 3088 espectadores | TV Aparecida - AO VIVO - YouTube | https://www.youtube.com/watch?v=4CAmwaFJo6k
[2026-02-07T06:38:57-03:00] 670 espectadores | Santuário Nacional AO VIVO - Você em constante Oração na Casa da Mãe - YouTube | https://www.youtube.com/watch?v=juUt-rN5CVo
[2026-02-07T06:39:07-03:00] 3278 espectadores | TV Aparecida - AO VIVO - YouTube | https://www.youtube.com/watch?v=4CAmwaFJo6k
[2026-02-07T06:41:54-03:00] 719 espectadores | Santuário Nacional AO VIVO - Você em constante Oração na Casa da Mãe - YouTube | https://www.youtube.com/watch?v=juUt-rN5CVo
[2026-02-07T06:42:04-03:00] 3449 espectadores | TV Aparecida - AO VIVO - YouTube | https://www.youtube.com/watch?v=4CAmwaFJo6k
[2026-02-07T06:44:56-03:00] 773 espectadores | Santuário Nacional AO VIVO - Você em constante Oração na Casa da Mãe - YouTube | https://www.youtube.com/watch?v=juUt-rN5CVo
[2026-02-07T06:45:05-03:00] 2922 espectadores | TV Aparecida - AO VIVO - YouTube | https://www.youtube.com/watch?v=4CAmwaFJo6k
[2026-02-07T06:47:55-03:00] 851 espectadores | Santuário Nacional AO VIVO - Você em constante Oração na Casa da Mãe - YouTube | https://www.youtube.com/watch?v=juUt-rN5CVo
[2026-02-07T06:48:05-03:00] 2676 espectadores | TV Aparecida - AO VIVO - YouTube | https://www.youtube.com/watch?v=4CAmwaFJo6k
[2026-02-07T06:50:54-03:00] 940 espectadores | Santuário Nacional AO VIVO - Você em constante Oração na Casa da Mãe - YouTube | https://www.youtube.com/watch?v=juUt-rN5CVo
[2026-02-07T06:51:04-03:00] 2673 espectadores | TV Aparecida - AO VIVO - YouTube | https://www.youtube.com/watch?v=4CAmwaFJo6k
[2026-02-07T06:53:54-03:00] 1002 espectadores | Santuário Nacional AO VIVO - Você em constante Oração na Casa da Mãe - YouTube | https://www.youtube.com/watch?v=juUt-rN5CVo
[2026-02-07T06:54:03-03:00] 2667 espectadores | TV Aparecida - AO VIVO - YouTube | https://www.youtube.com/watch?v=4CAmwaFJo6k
[2026-02-07T06:56:53-03:00] 1043 espectadores | Santuário Nacional AO VIVO - Você em constante Oração na Casa da Mãe - YouTube | https://www.youtube.com/watch?v=juUt-rN5CVo
[2026-02-07T06:57:02-03:00] 2665 espectadores | TV Aparecida - AO VIVO - YouTube | https://www.youtube.com/watch?v=4CAmwaFJo6k
[2026-02-07T06:59:59-03:00] 1138 espectadores | Santuário Nacional AO VIVO - Você em constante Oração na Casa da Mãe - YouTube | https://www.youtube.com/watch?v=juUt-rN5CVo
[2026-02-07T07:00:09-03:00] 2730 espectadores | TV Aparecida - AO VIVO - YouTube | https://www.youtube.com/watch?v=4CAmwaFJo6k
[2026-02-07T07:02:53-03:00] 1207 espectadores | Santuário Nacional AO VIVO - Você em constante Oração na Casa da Mãe - YouTube | https://www.youtube.com/watch?v=juUt-rN5CVo
[2026-02-07T07:03:02-03:00] 2804 espectadores | TV Aparecida - AO VIVO - YouTube | https://www.youtube.com/watch?v=4CAmwaFJo6k
[2026-02-07T07:05:56-03:00] 1253 espectadores | Santuário Nacional AO VIVO - Você em constante Oração na Casa da Mãe - YouTube | https://www.youtube.com/watch?v=juUt-rN5CVo
[2026-02-07T07:06:06-03:00] 2866 espectadores | TV Aparecida - AO VIVO - YouTube | https://www.youtube.com/watch?v=4CAmwaFJo6k
[2026-02-07T07:08:54-03:00] 1295 espectadores | Santuário Nacional AO VIVO - Você em constante Oração na Casa da Mãe - YouTube | https://www.youtube.com/watch?v=juUt-rN5CVo
[2026-02-07T07:09:03-03:00] 2952 espectadores | TV Aparecida - AO VIVO - YouTube | https://www.youtube.com/watch?v=4CAmwaFJo6k
[2026-02-07T07:11:56-03:00] 1320 espectadores | Santuário Nacional AO VIVO - Você em constante Oração na Casa da Mãe - YouTube | https://www.youtube.com/watch?v=juUt-rN5CVo
[2026-02-07T07:12:06-03:00] 3010 espectadores | TV Aparecida - AO VIVO - YouTube | https://www.youtube.com/watch?v=4CAmwaFJo6k
[2026-02-07T07:14:54-03:00] 1201 espectadores | Santuário Nacional AO VIVO - Você em constante Oração na Casa da Mãe - YouTube | https://www.youtube.com/watch?v=juUt-rN5CVo
[2026-02-07T07:15:04-03:00] 2950 espectadores | TV Aparecida - AO VIVO - YouTube | https://www.youtube.com/watch?v=4CAmwaFJo6k
[2026-02-07T07:17:57-03:00] 1128 espectadores | Santuário Nacional AO VIVO - Você em constante Oração na Casa da Mãe - YouTube | https://www.youtube.com/watch?v=juUt-rN5CVo
[2026-02-07T07:18:06-03:00] 2910 espectadores | TV Aparecida - AO VIVO - YouTube | https://www.youtube.com/watch?v=4CAmwaFJo6k
[2026-02-07T07:21:01-03:00] 1105 espectadores | Santuário Nacional AO VIVO - Você em constante Oração na Casa da Mãe - YouTube | https://www.youtube.com/watch?v=juUt-rN5CVo
[2026-02-07T07:21:10-03:00] 2982 espectadores | TV Aparecida - AO VIVO - YouTube | https://www.youtube.com/watch?v=4CAmwaFJo6k
[2026-02-07T07:23:54-03:00] 1164 espectadores | Santuário Nacional AO VIVO - Você em constante Oração na Casa da Mãe - YouTube | https://www.youtube.com/watch?v=juUt-rN5CVo
[2026-02-07T07:24:04-03:00] 3084 espectadores | TV Aparecida - AO VIVO - YouTube | https://www.youtube.com/watch?v=4CAmwaFJo6k
[2026-02-07T07:26:53-03:00] 1228 espectadores | Santuário Nacional AO VIVO - Você em constante Oração na Casa da Mãe - YouTube | https://www.youtube.com/watch?v=juUt-rN5CVo
[2026-02-07T07:27:03-03:00] 3204 espectadores | TV Aparecida - AO VIVO - YouTube | https://www.youtube.com/watch?v=4CAmwaFJo6k
[2026-02-07T07:29:56-03:00] 1232 espectadores | Santuário Nacional AO VIVO - Você em constante Oração na Casa da Mãe - YouTube | https://www.youtube.com/watch?v=juUt-rN5CVo
[2026-02-07T07:30:06-03:00] 3243 espectadores | TV Aparecida - AO VIVO - YouTube | https://www.youtube.com/watch?v=4CAmwaFJo6k
[2026-02-07T07:32:54-03:00] 1322 espectadores | Santuário Nacional AO VIVO - Você em constante Oração na Casa da Mãe - YouTube | https://www.youtube.com/watch?v=juUt-rN5CVo
[2026-02-07T07:33:03-03:00] 3449 espectadores | TV Aparecida - AO VIVO - YouTube | https://www.youtube.com/watch?v=4CAmwaFJo6k
[2026-02-07T07:35:54-03:00] 1402 espectadores | Santuário Nacional AO VIVO - Você em constante Oração na Casa da Mãe - YouTube | https://www.youtube.com/watch?v=juUt-rN5CVo
[2026-02-07T07:36:03-03:00] 3631 espectadores | TV Aparecida - AO VIVO - YouTube | https://www.youtube.com/watch?v=4CAmwaFJo6k
[2026-02-07T07:38:54-03:00] 1522 espectadores | Santuário Nacional AO VIVO - Você em constante Oração na Casa da Mãe - YouTube | https://www.youtube.com/watch?v=juUt-rN5CVo
[2026-02-07T07:39:04-03:00] 3832 espectadores | TV Aparecida - AO VIVO - YouTube | https://www.youtube.com/watch?v=4CAmwaFJo6k
[2026-02-07T07:41:56-03:00] 5 espectadores | Santuário Nacional AO VIVO - Você em constante Oração na Casa da Mãe - YouTube | https://www.youtube.com/watch?v=juUt-rN5CVo
[2026-02-07T07:42:06-03:00] 3954 espectadores | TV Aparecida - AO VIVO - YouTube | https://www.youtube.com/watch?v=4CAmwaFJo6k
[2026-02-07T07:44:56-03:00] 1700 espectadores | Santuário Nacional AO VIVO - Você em constante Oração na Casa da Mãe - YouTube | https://www.youtube.com/watch?v=juUt-rN5CVo
[2026-02-07T07:45:06-03:00] 4131 espectadores | TV Aparecida - AO VIVO - YouTube | https://www.youtube.com/watch?v=4CAmwaFJo6k
[2026-02-07T07:47:57-03:00] 1828 espectadores | Santuário Nacional AO VIVO - Você em constante Oração na Casa da Mãe - YouTube | https://www.youtube.com/watch?v=juUt-rN5CVo
[2026-02-07T07:48:07-03:00] 4328 espectadores | TV Aparecida - AO VIVO - YouTube | https://www.youtube.com/watch?v=4CAmwaFJo6k
[2026-02-07T07:50:57-03:00] 1918 espectadores | Santuário Nacional AO VIVO - Você em constante Oração na Casa da Mãe - YouTube | https://www.youtube.com/watch?v=juUt-rN5CVo
[2026-02-07T07:51:07-03:00] 4512 espectadores | TV Aparecida - AO VIVO - YouTube | https://www.youtube.com/watch?v=4CAmwaFJo6k
[2026-02-07T07:53:55-03:00] 2015 espectadores | Santuário Nacional AO VIVO - Você em constante Oração na Casa da Mãe - YouTube | https://www.youtube.com/watch?v=juUt-rN5CVo
[2026-02-07T07:54:05-03:00] 4767 espectadores | TV Aparecida - AO VIVO - YouTube | https://www.youtube.com/watch?v=4CAmwaFJo6k
[2026-02-07T07:57:00-03:00] 2073 espectadores | Santuário Nacional AO VIVO - Você em constante Oração na Casa da Mãe - YouTube | https://www.youtube.com/watch?v=juUt-rN5CVo
[2026-02-07T07:57:09-03:00] 4975 espectadores | TV Aparecida - AO VIVO - YouTube | https://www.youtube.com/watch?v=4CAmwaFJo6k
[2026-02-07T08:00:00-03:00] 2121 espectadores | Santuário Nacional AO VIVO - Você em constante Oração na Casa da Mãe - YouTube | https://www.youtube.com/watch?v=juUt-rN5CVo
[2026-02-07T08:00:09-03:00] 5142 espectadores | TV Aparecida - AO VIVO - YouTube | https://www.youtube.com/watch?v=4CAmwaFJo6k
[2026-02-07T08:03:14-03:00] 2222 espectadores | Santuário Nacional AO VIVO - Você em constante Oração na Casa da Mãe - YouTube | https://www.youtube.com/watch?v=juUt-rN5CVo
[2026-02-07T08:03:24-03:00] 5360 espectadores | TV Aparecida - AO VIVO - YouTube | https://www.youtube.com/watch?v=4CAmwaFJo6k
[2026-02-07T08:06:18-03:00] FALHA: Message: timeout: Timed out receiving message from renderer: 27.148
  (Session info: chrome=137.0.7151.69)
Stacktrace:
	GetHandleVerifier [0x0x7ff7c00dcda5+78885]
	GetHandleVerifier [0x0x7ff7c00dce00+78976]
	(No symbol) [0x0x7ff7bfe99bca]
	(No symbol) [0x0x7ff7bfe8706c]
	(No symbol) [0x0x7ff7bfe86d5a]
	(No symbol) [0x0x7ff7bfe8492f]
	(No symbol) [0x0x7ff7bfe8538f]
	(No symbol) [0x0x7ff7bfe9402e]
	(No symbol) [0x0x7ff7bfeaa3e1]
	(No symbol) [0x0x7ff7bfeb153a]
	(No symbol) [0x0x7ff7bfe85b2d]
	(No symbol) [0x0x7ff7bfeaa115]
	(No symbol) [0x0x7ff7bff41568]
	(No symbol) [0x0x7ff7bff18963]
	(No symbol) [0x0x7ff7bfee16b1]
	(No symbol) [0x0x7ff7bfee2443]
	GetHandleVerifier [0x0x7ff7c03b4eed+3061101]
	GetHandleVerifier [0x0x7ff7c03af33d+3037629]
	GetHandleVerifier [0x0x7ff7c03ce592+3165202]
	GetHandleVerifier [0x0x7ff7c00f730e+186766]
	GetHandleVerifier [0x0x7ff7c00feb3f+217535]
	GetHandleVerifier [0x0x7ff7c00e59b4+114740]
	GetHandleVerifier [0x0x7ff7c00e5b69+115177]
	GetHandleVerifier [0x0x7ff7c00cc368+10728]
	BaseThreadInitThunk [0x0x7ffffdd6e8d7+23]
	RtlUserThreadStart [0x0x7ffffeb3c34c+44]

[2026-02-07T08:06:48-03:00] 10 espectadores |  | https://www.youtube.com/watch?v=4CAmwaFJo6k
[2026-02-07T08:09:18-03:00] FALHA: Message: timeout: Timed out receiving message from renderer: 27.657
  (Session info: chrome=137.0.7151.69)
Stacktrace:
	GetHandleVerifier [0x0x7ff7c00dcda5+78885]
	GetHandleVerifier [0x0x7ff7c00dce00+78976]
	(No symbol) [0x0x7ff7bfe99bca]
	(No symbol) [0x0x7ff7bfe8706c]
	(No symbol) [0x0x7ff7bfe86d5a]
	(No symbol) [0x0x7ff7bfe8492f]
	(No symbol) [0x0x7ff7bfe8538f]
	(No symbol) [0x0x7ff7bfe9402e]
	(No symbol) [0x0x7ff7bfeaa3e1]
	(No symbol) [0x0x7ff7bfeb153a]
	(No symbol) [0x0x7ff7bfe85b2d]
	(No symbol) [0x0x7ff7bfeaa115]
	(No symbol) [0x0x7ff7bff41568]
	(No symbol) [0x0x7ff7bff18963]
	(No symbol) [0x0x7ff7bfee16b1]
	(No symbol) [0x0x7ff7bfee2443]
	GetHandleVerifier [0x0x7ff7c03b4eed+3061101]
	GetHandleVerifier [0x0x7ff7c03af33d+3037629]
	GetHandleVerifier [0x0x7ff7c03ce592+3165202]
	GetHandleVerifier [0x0x7ff7c00f730e+186766]
	GetHandleVerifier [0x0x7ff7c00feb3f+217535]
	GetHandleVerifier [0x0x7ff7c00e59b4+114740]
	GetHandleVerifier [0x0x7ff7c00e5b69+115177]
	GetHandleVerifier [0x0x7ff7c00cc368+10728]
	BaseThreadInitThunk [0x0x7ffffdd6e8d7+23]
	RtlUserThreadStart [0x0x7ffffeb3c34c+44]

[2026-02-07T08:09:27-03:00] 5615 espectadores | TV Aparecida - AO VIVO - YouTube | https://www.youtube.com/watch?v=4CAmwaFJo6k
[2026-02-07T08:11:59-03:00] 9 espectadores | Santuário Nacional AO VIVO - Você em constante Oração na Casa da Mãe - YouTube | https://www.youtube.com/watch?v=juUt-rN5CVo
[2026-02-07T08:12:09-03:00] 5740 espectadores | TV Aparecida - AO VIVO - YouTube | https://www.youtube.com/watch?v=4CAmwaFJo6k
[2026-02-07T08:14:54-03:00] 2559 espectadores | Santuário Nacional AO VIVO - Você em constante Oração na Casa da Mãe - YouTube | https://www.youtube.com/watch?v=juUt-rN5CVo
[2026-02-07T08:15:04-03:00] 5898 espectadores | TV Aparecida - AO VIVO - YouTube | https://www.youtube.com/watch?v=4CAmwaFJo6k
[2026-02-07T08:18:19-03:00] 2630 espectadores | Santuário Nacional AO VIVO - Você em constante Oração na Casa da Mãe - YouTube | https://www.youtube.com/watch?v=juUt-rN5CVo
[2026-02-07T08:18:29-03:00] 6044 espectadores | TV Aparecida - AO VIVO - YouTube | https://www.youtube.com/watch?v=4CAmwaFJo6k
[2026-02-07T08:20:56-03:00] 2719 espectadores | Santuário Nacional AO VIVO - Você em constante Oração na Casa da Mãe - YouTube | https://www.youtube.com/watch?v=juUt-rN5CVo
[2026-02-07T08:21:05-03:00] 6175 espectadores | TV Aparecida - AO VIVO - YouTube | https://www.youtube.com/watch?v=4CAmwaFJo6k
[2026-02-07T08:23:56-03:00] 2776 espectadores | Santuário Nacional AO VIVO - Você em constante Oração na Casa da Mãe - YouTube | https://www.youtube.com/watch?v=juUt-rN5CVo
[2026-02-07T08:24:07-03:00] 6315 espectadores | TV Aparecida - AO VIVO - YouTube | https://www.youtube.com/watch?v=4CAmwaFJo6k
[2026-02-07T08:26:57-03:00] 2861 espectadores | Santuário Nacional AO VIVO - Você em constante Oração na Casa da Mãe - YouTube | https://www.youtube.com/watch?v=juUt-rN5CVo
[2026-02-07T08:27:07-03:00] 6456 espectadores | TV Aparecida - AO VIVO - YouTube | https://www.youtube.com/watch?v=4CAmwaFJo6k
[2026-02-07T08:30:18-03:00] FALHA: Message: timeout: Timed out receiving message from renderer: 29.790
  (Session info: chrome=137.0.7151.69)
Stacktrace:
	GetHandleVerifier [0x0x7ff7c00dcda5+78885]
	GetHandleVerifier [0x0x7ff7c00dce00+78976]
	(No symbol) [0x0x7ff7bfe99bca]
	(No symbol) [0x0x7ff7bfe8706c]
	(No symbol) [0x0x7ff7bfe86d5a]
	(No symbol) [0x0x7ff7bfe8492f]
	(No symbol) [0x0x7ff7bfe8538f]
	(No symbol) [0x0x7ff7bfe9402e]
	(No symbol) [0x0x7ff7bfeaa3e1]
	(No symbol) [0x0x7ff7bfeb153a]
	(No symbol) [0x0x7ff7bfe85b2d]
	(No symbol) [0x0x7ff7bfeaa115]
	(No symbol) [0x0x7ff7bff41568]
	(No symbol) [0x0x7ff7bff18963]
	(No symbol) [0x0x7ff7bfee16b1]
	(No symbol) [0x0x7ff7bfee2443]
	GetHandleVerifier [0x0x7ff7c03b4eed+3061101]
	GetHandleVerifier [0x0x7ff7c03af33d+3037629]
	GetHandleVerifier [0x0x7ff7c03ce592+3165202]
	GetHandleVerifier [0x0x7ff7c00f730e+186766]
	GetHandleVerifier [0x0x7ff7c00feb3f+217535]
	GetHandleVerifier [0x0x7ff7c00e59b4+114740]
	GetHandleVerifier [0x0x7ff7c00e5b69+115177]
	GetHandleVerifier [0x0x7ff7c00cc368+10728]
	BaseThreadInitThunk [0x0x7ffffdd6e8d7+23]
	RtlUserThreadStart [0x0x7ffffeb3c34c+44]

[2026-02-07T08:30:28-03:00] 6584 espectadores | TV Aparecida - AO VIVO - YouTube | https://www.youtube.com/watch?v=4CAmwaFJo6k
[2026-02-07T08:33:18-03:00] FALHA: Message: timeout: Timed out receiving message from renderer: 29.004
  (Session info: chrome=137.0.7151.69)
Stacktrace:
	GetHandleVerifier [0x0x7ff7c00dcda5+78885]
	GetHandleVerifier [0x0x7ff7c00dce00+78976]
	(No symbol) [0x0x7ff7bfe99bca]
	(No symbol) [0x0x7ff7bfe8706c]
	(No symbol) [0x0x7ff7bfe86d5a]
	(No symbol) [0x0x7ff7bfe8492f]
	(No symbol) [0x0x7ff7bfe8538f]
	(No symbol) [0x0x7ff7bfe9402e]
	(No symbol) [0x0x7ff7bfeaa3e1]
	(No symbol) [0x0x7ff7bfeb153a]
	(No symbol) [0x0x7ff7bfe85b2d]
	(No symbol) [0x0x7ff7bfeaa115]
	(No symbol) [0x0x7ff7bff41568]
	(No symbol) [0x0x7ff7bff18963]
	(No symbol) [0x0x7ff7bfee16b1]
	(No symbol) [0x0x7ff7bfee2443]
	GetHandleVerifier [0x0x7ff7c03b4eed+3061101]
	GetHandleVerifier [0x0x7ff7c03af33d+3037629]
	GetHandleVerifier [0x0x7ff7c03ce592+3165202]
	GetHandleVerifier [0x0x7ff7c00f730e+186766]
	GetHandleVerifier [0x0x7ff7c00feb3f+217535]
	GetHandleVerifier [0x0x7ff7c00e59b4+114740]
	GetHandleVerifier [0x0x7ff7c00e5b69+115177]
	GetHandleVerifier [0x0x7ff7c00cc368+10728]
	BaseThreadInitThunk [0x0x7ffffdd6e8d7+23]
	RtlUserThreadStart [0x0x7ffffeb3c34c+44]

[2026-02-07T08:33:30-03:00] 6681 espectadores | TV Aparecida - AO VIVO - YouTube | https://www.youtube.com/watch?v=4CAmwaFJo6k
[2026-02-07T08:35:58-03:00] 3067 espectadores | Santuário Nacional AO VIVO - Você em constante Oração na Casa da Mãe - YouTube | https://www.youtube.com/watch?v=juUt-rN5CVo
[2026-02-07T08:36:13-03:00] 6794 espectadores | TV Aparecida - AO VIVO - YouTube | https://www.youtube.com/watch?v=4CAmwaFJo6k
[2026-02-07T08:38:56-03:00] 3161 espectadores | Santuário Nacional AO VIVO - Você em constante Oração na Casa da Mãe - YouTube | https://www.youtube.com/watch?v=juUt-rN5CVo
[2026-02-07T08:39:05-03:00] 6902 espectadores | TV Aparecida - AO VIVO - YouTube | https://www.youtube.com/watch?v=4CAmwaFJo6k
[2026-02-07T08:41:55-03:00] 3264 espectadores | Santuário Nacional AO VIVO - Você em constante Oração na Casa da Mãe - YouTube | https://www.youtube.com/watch?v=juUt-rN5CVo
[2026-02-07T08:42:05-03:00] 7053 espectadores | TV Aparecida - AO VIVO - YouTube | https://www.youtube.com/watch?v=4CAmwaFJo6k
[2026-02-07T08:45:15-03:00] 3398 espectadores | Santuário Nacional AO VIVO - Você em constante Oração na Casa da Mãe - YouTube | https://www.youtube.com/watch?v=juUt-rN5CVo
[2026-02-07T08:45:25-03:00] 7217 espectadores | TV Aparecida - AO VIVO - YouTube | https://www.youtube.com/watch?v=4CAmwaFJo6k
[2026-02-07T08:47:55-03:00] 3506 espectadores | Santuário Nacional AO VIVO - Você em constante Oração na Casa da Mãe - YouTube | https://www.youtube.com/watch?v=juUt-rN5CVo
[2026-02-07T08:48:04-03:00] 7352 espectadores | TV Aparecida - AO VIVO - YouTube | https://www.youtube.com/watch?v=4CAmwaFJo6k
[2026-02-07T08:51:47-03:00] FALHA: Message: timeout: Timed out receiving message from renderer: 29.646
  (Session info: chrome=137.0.7151.69)
Stacktrace:
	GetHandleVerifier [0x0x7ff7c00dcda5+78885]
	GetHandleVerifier [0x0x7ff7c00dce00+78976]
	(No symbol) [0x0x7ff7bfe99bca]
	(No symbol) [0x0x7ff7bfe8706c]
	(No symbol) [0x0x7ff7bfe86d5a]
	(No symbol) [0x0x7ff7bfe8492f]
	(No symbol) [0x0x7ff7bfe8538f]
	(No symbol) [0x0x7ff7bfe9402e]
	(No symbol) [0x0x7ff7bfeaa3e1]
	(No symbol) [0x0x7ff7bfeb153a]
	(No symbol) [0x0x7ff7bfe85b2d]
	(No symbol) [0x0x7ff7bfeaa115]
	(No symbol) [0x0x7ff7bff41568]
	(No symbol) [0x0x7ff7bff18963]
	(No symbol) [0x0x7ff7bfee16b1]
	(No symbol) [0x0x7ff7bfee2443]
	GetHandleVerifier [0x0x7ff7c03b4eed+3061101]
	GetHandleVerifier [0x0x7ff7c03af33d+3037629]
	GetHandleVerifier [0x0x7ff7c03ce592+3165202]
	GetHandleVerifier [0x0x7ff7c00f730e+186766]
	GetHandleVerifier [0x0x7ff7c00feb3f+217535]
	GetHandleVerifier [0x0x7ff7c00e59b4+114740]
	GetHandleVerifier [0x0x7ff7c00e5b69+115177]
	GetHandleVerifier [0x0x7ff7c00cc368+10728]
	BaseThreadInitThunk [0x0x7ffffdd6e8d7+23]
	RtlUserThreadStart [0x0x7ffffeb3c34c+44]

[2026-02-07T08:51:57-03:00] 7106 espectadores | TV Aparecida - AO VIVO - YouTube | https://www.youtube.com/watch?v=4CAmwaFJo6k
[2026-02-07T08:54:01-03:00] 2885 espectadores | Santuário Nacional AO VIVO - Você em constante Oração na Casa da Mãe - YouTube | https://www.youtube.com/watch?v=juUt-rN5CVo
[2026-02-07T08:54:13-03:00] 5940 espectadores | TV Aparecida - AO VIVO - YouTube | https://www.youtube.com/watch?v=4CAmwaFJo6k
[2026-02-07T08:56:54-03:00] 2644 espectadores | Santuário Nacional AO VIVO - Você em constante Oração na Casa da Mãe - YouTube | https://www.youtube.com/watch?v=juUt-rN5CVo
[2026-02-07T08:57:04-03:00] 5857 espectadores | TV Aparecida - AO VIVO - YouTube | https://www.youtube.com/watch?v=4CAmwaFJo6k
[2026-02-07T09:00:03-03:00] 2607 espectadores | Santuário Nacional AO VIVO - Você em constante Oração na Casa da Mãe - YouTube | https://www.youtube.com/watch?v=juUt-rN5CVo
[2026-02-07T09:00:12-03:00] 6229 espectadores | TV Aparecida - AO VIVO - YouTube | https://www.youtube.com/watch?v=4CAmwaFJo6k
[2026-02-07T09:03:06-03:00] 2637 espectadores | Santuário Nacional AO VIVO - Você em constante Oração na Casa da Mãe - YouTube | https://www.youtube.com/watch?v=juUt-rN5CVo
[2026-02-07T09:03:16-03:00] 6583 espectadores | TV Aparecida - AO VIVO - YouTube | https://www.youtube.com/watch?v=4CAmwaFJo6k
[2026-02-07T09:06:18-03:00] FALHA: Message: timeout: Timed out receiving message from renderer: 28.468
  (Session info: chrome=137.0.7151.69)
Stacktrace:
	GetHandleVerifier [0x0x7ff7c00dcda5+78885]
	GetHandleVerifier [0x0x7ff7c00dce00+78976]
	(No symbol) [0x0x7ff7bfe99bca]
	(No symbol) [0x0x7ff7bfe8706c]
	(No symbol) [0x0x7ff7bfe86d5a]
	(No symbol) [0x0x7ff7bfe8492f]
	(No symbol) [0x0x7ff7bfe8538f]
	(No symbol) [0x0x7ff7bfe9402e]
	(No symbol) [0x0x7ff7bfeaa3e1]
	(No symbol) [0x0x7ff7bfeb153a]
	(No symbol) [0x0x7ff7bfe85b2d]
	(No symbol) [0x0x7ff7bfeaa115]
	(No symbol) [0x0x7ff7bff41568]
	(No symbol) [0x0x7ff7bff18963]
	(No symbol) [0x0x7ff7bfee16b1]
	(No symbol) [0x0x7ff7bfee2443]
	GetHandleVerifier [0x0x7ff7c03b4eed+3061101]
	GetHandleVerifier [0x0x7ff7c03af33d+3037629]
	GetHandleVerifier [0x0x7ff7c03ce592+3165202]
	GetHandleVerifier [0x0x7ff7c00f730e+186766]
	GetHandleVerifier [0x0x7ff7c00feb3f+217535]
	GetHandleVerifier [0x0x7ff7c00e59b4+114740]
	GetHandleVerifier [0x0x7ff7c00e5b69+115177]
	GetHandleVerifier [0x0x7ff7c00cc368+10728]
	BaseThreadInitThunk [0x0x7ffffdd6e8d7+23]
	RtlUserThreadStart [0x0x7ffffeb3c34c+44]

[2026-02-07T09:06:28-03:00] 6232 espectadores | TV Aparecida - AO VIVO - YouTube | https://www.youtube.com/watch?v=4CAmwaFJo6k
[2026-02-07T09:08:56-03:00] 2322 espectadores | Santuário Nacional AO VIVO - Você em constante Oração na Casa da Mãe - YouTube | https://www.youtube.com/watch?v=juUt-rN5CVo
[2026-02-07T09:09:06-03:00] 6165 espectadores | TV Aparecida - AO VIVO - YouTube | https://www.youtube.com/watch?v=4CAmwaFJo6k
[2026-02-07T09:12:18-03:00] FALHA: Message: timeout: Timed out receiving message from renderer: 28.401
  (Session info: chrome=137.0.7151.69)
Stacktrace:
	GetHandleVerifier [0x0x7ff7c00dcda5+78885]
	GetHandleVerifier [0x0x7ff7c00dce00+78976]
	(No symbol) [0x0x7ff7bfe99bca]
	(No symbol) [0x0x7ff7bfe8706c]
	(No symbol) [0x0x7ff7bfe86d5a]
	(No symbol) [0x0x7ff7bfe8492f]
	(No symbol) [0x0x7ff7bfe8538f]
	(No symbol) [0x0x7ff7bfe9402e]
	(No symbol) [0x0x7ff7bfeaa3e1]
	(No symbol) [0x0x7ff7bfeb153a]
	(No symbol) [0x0x7ff7bfe85b2d]
	(No symbol) [0x0x7ff7bfeaa115]
	(No symbol) [0x0x7ff7bff41568]
	(No symbol) [0x0x7ff7bff18963]
	(No symbol) [0x0x7ff7bfee16b1]
	(No symbol) [0x0x7ff7bfee2443]
	GetHandleVerifier [0x0x7ff7c03b4eed+3061101]
	GetHandleVerifier [0x0x7ff7c03af33d+3037629]
	GetHandleVerifier [0x0x7ff7c03ce592+3165202]
	GetHandleVerifier [0x0x7ff7c00f730e+186766]
	GetHandleVerifier [0x0x7ff7c00feb3f+217535]
	GetHandleVerifier [0x0x7ff7c00e59b4+114740]
	GetHandleVerifier [0x0x7ff7c00e5b69+115177]
	GetHandleVerifier [0x0x7ff7c00cc368+10728]
	BaseThreadInitThunk [0x0x7ffffdd6e8d7+23]
	RtlUserThreadStart [0x0x7ffffeb3c34c+44]

[2026-02-07T09:12:28-03:00] 5912 espectadores | TV Aparecida - AO VIVO - YouTube | https://www.youtube.com/watch?v=4CAmwaFJo6k
[2026-02-07T09:14:54-03:00] 2189 espectadores | Santuário Nacional AO VIVO - Você em constante Oração na Casa da Mãe - YouTube | https://www.youtube.com/watch?v=juUt-rN5CVo
[2026-02-07T09:15:04-03:00] 5797 espectadores | TV Aparecida - AO VIVO - YouTube | https://www.youtube.com/watch?v=4CAmwaFJo6k
[2026-02-07T09:18:19-03:00] FALHA: Message: timeout: Timed out receiving message from renderer: 28.337
  (Session info: chrome=137.0.7151.69)
Stacktrace:
	GetHandleVerifier [0x0x7ff7c00dcda5+78885]
	GetHandleVerifier [0x0x7ff7c00dce00+78976]
	(No symbol) [0x0x7ff7bfe99bca]
	(No symbol) [0x0x7ff7bfe8706c]
	(No symbol) [0x0x7ff7bfe86d5a]
	(No symbol) [0x0x7ff7bfe8492f]
	(No symbol) [0x0x7ff7bfe8538f]
	(No symbol) [0x0x7ff7bfe9402e]
	(No symbol) [0x0x7ff7bfeaa3e1]
	(No symbol) [0x0x7ff7bfeb153a]
	(No symbol) [0x0x7ff7bfe85b2d]
	(No symbol) [0x0x7ff7bfeaa115]
	(No symbol) [0x0x7ff7bff41568]
	(No symbol) [0x0x7ff7bff18963]
	(No symbol) [0x0x7ff7bfee16b1]
	(No symbol) [0x0x7ff7bfee2443]
	GetHandleVerifier [0x0x7ff7c03b4eed+3061101]
	GetHandleVerifier [0x0x7ff7c03af33d+3037629]
	GetHandleVerifier [0x0x7ff7c03ce592+3165202]
	GetHandleVerifier [0x0x7ff7c00f730e+186766]
	GetHandleVerifier [0x0x7ff7c00feb3f+217535]
	GetHandleVerifier [0x0x7ff7c00e59b4+114740]
	GetHandleVerifier [0x0x7ff7c00e5b69+115177]
	GetHandleVerifier [0x0x7ff7c00cc368+10728]
	BaseThreadInitThunk [0x0x7ffffdd6e8d7+23]
	RtlUserThreadStart [0x0x7ffffeb3c34c+44]

[2026-02-07T09:18:28-03:00] 5629 espectadores | TV Aparecida - AO VIVO - YouTube | https://www.youtube.com/watch?v=4CAmwaFJo6k
[2026-02-07T09:20:57-03:00] 2044 espectadores | Santuário Nacional AO VIVO - Você em constante Oração na Casa da Mãe - YouTube | https://www.youtube.com/watch?v=juUt-rN5CVo
[2026-02-07T09:21:07-03:00] 5513 espectadores | TV Aparecida - AO VIVO - YouTube | https://www.youtube.com/watch?v=4CAmwaFJo6k
[2026-02-07T09:23:57-03:00] 1921 espectadores | Santuário Nacional AO VIVO - Você em constante Oração na Casa da Mãe - YouTube | https://www.youtube.com/watch?v=juUt-rN5CVo
[2026-02-07T09:24:07-03:00] 5342 espectadores | TV Aparecida - AO VIVO - YouTube | https://www.youtube.com/watch?v=4CAmwaFJo6k
[2026-02-07T09:26:53-03:00] 1876 espectadores | Santuário Nacional AO VIVO - Você em constante Oração na Casa da Mãe - YouTube | https://www.youtube.com/watch?v=juUt-rN5CVo
[2026-02-07T09:27:03-03:00] 5079 espectadores | TV Aparecida - AO VIVO - YouTube | https://www.youtube.com/watch?v=4CAmwaFJo6k
[2026-02-07T09:29:55-03:00] 1762 espectadores | Santuário Nacional AO VIVO - Você em constante Oração na Casa da Mãe - YouTube | https://www.youtube.com/watch?v=juUt-rN5CVo
[2026-02-07T09:30:04-03:00] 5028 espectadores | TV Aparecida - AO VIVO - YouTube | https://www.youtube.com/watch?v=4CAmwaFJo6k
[2026-02-07T09:32:54-03:00] 1695 espectadores | Santuário Nacional AO VIVO - Você em constante Oração na Casa da Mãe - YouTube | https://www.youtube.com/watch?v=juUt-rN5CVo
[2026-02-07T09:33:04-03:00] 4954 espectadores | TV Aparecida - AO VIVO - YouTube | https://www.youtube.com/watch?v=4CAmwaFJo6k
[2026-02-07T09:35:54-03:00] 1615 espectadores | Santuário Nacional AO VIVO - Você em constante Oração na Casa da Mãe - YouTube | https://www.youtube.com/watch?v=juUt-rN5CVo
[2026-02-07T09:36:04-03:00] 4925 espectadores | TV Aparecida - AO VIVO - YouTube | https://www.youtube.com/watch?v=4CAmwaFJo6k
[2026-02-07T09:38:54-03:00] 1563 espectadores | Santuário Nacional AO VIVO - Você em constante Oração na Casa da Mãe - YouTube | https://www.youtube.com/watch?v=juUt-rN5CVo
[2026-02-07T09:39:03-03:00] 4948 espectadores | TV Aparecida - AO VIVO - YouTube | https://www.youtube.com/watch?v=4CAmwaFJo6k
[2026-02-07T09:41:54-03:00] 1508 espectadores | Santuário Nacional AO VIVO - Você em constante Oração na Casa da Mãe - YouTube | https://www.youtube.com/watch?v=juUt-rN5CVo
[2026-02-07T09:42:04-03:00] 4929 espectadores | TV Aparecida - AO VIVO - YouTube | https://www.youtube.com/watch?v=4CAmwaFJo6k
[2026-02-07T09:44:56-03:00] 1453 espectadores | Santuário Nacional AO VIVO - Você em constante Oração na Casa da Mãe - YouTube | https://www.youtube.com/watch?v=juUt-rN5CVo
[2026-02-07T09:45:06-03:00] 4854 espectadores | TV Aparecida - AO VIVO - YouTube | https://www.youtube.com/watch?v=4CAmwaFJo6k
[2026-02-07T09:47:54-03:00] 1430 espectadores | Santuário Nacional AO VIVO - Você em constante Oração na Casa da Mãe - YouTube | https://www.youtube.com/watch?v=juUt-rN5CVo
[2026-02-07T09:48:04-03:00] 4761 espectadores | TV Aparecida - AO VIVO - YouTube | https://www.youtube.com/watch?v=4CAmwaFJo6k
[2026-02-07T09:51:00-03:00] 1375 espectadores | Santuário Nacional AO VIVO - Você em constante Oração na Casa da Mãe - YouTube | https://www.youtube.com/watch?v=juUt-rN5CVo
[2026-02-07T09:51:10-03:00] 4654 espectadores | TV Aparecida - AO VIVO - YouTube | https://www.youtube.com/watch?v=4CAmwaFJo6k
[2026-02-07T09:54:08-03:00] 1342 espectadores | Santuário Nacional AO VIVO - Você em constante Oração na Casa da Mãe - YouTube | https://www.youtube.com/watch?v=juUt-rN5CVo
[2026-02-07T09:54:18-03:00] 4578 espectadores | TV Aparecida - AO VIVO - YouTube | https://www.youtube.com/watch?v=4CAmwaFJo6k
[2026-02-07T09:57:18-03:00] FALHA: Message: timeout: Timed out receiving message from renderer: 29.753
  (Session info: chrome=137.0.7151.69)
Stacktrace:
	GetHandleVerifier [0x0x7ff7c00dcda5+78885]
	GetHandleVerifier [0x0x7ff7c00dce00+78976]
	(No symbol) [0x0x7ff7bfe99bca]
	(No symbol) [0x0x7ff7bfe8706c]
	(No symbol) [0x0x7ff7bfe86d5a]
	(No symbol) [0x0x7ff7bfe8492f]
	(No symbol) [0x0x7ff7bfe8538f]
	(No symbol) [0x0x7ff7bfe9402e]
	(No symbol) [0x0x7ff7bfeaa3e1]
	(No symbol) [0x0x7ff7bfeb153a]
	(No symbol) [0x0x7ff7bfe85b2d]
	(No symbol) [0x0x7ff7bfeaa115]
	(No symbol) [0x0x7ff7bff41568]
	(No symbol) [0x0x7ff7bff18963]
	(No symbol) [0x0x7ff7bfee16b1]
	(No symbol) [0x0x7ff7bfee2443]
	GetHandleVerifier [0x0x7ff7c03b4eed+3061101]
	GetHandleVerifier [0x0x7ff7c03af33d+3037629]
	GetHandleVerifier [0x0x7ff7c03ce592+3165202]
	GetHandleVerifier [0x0x7ff7c00f730e+186766]
	GetHandleVerifier [0x0x7ff7c00feb3f+217535]
	GetHandleVerifier [0x0x7ff7c00e59b4+114740]
	GetHandleVerifier [0x0x7ff7c00e5b69+115177]
	GetHandleVerifier [0x0x7ff7c00cc368+10728]
	BaseThreadInitThunk [0x0x7ffffdd6e8d7+23]
	RtlUserThreadStart [0x0x7ffffeb3c34c+44]

[2026-02-07T09:57:26-03:00] 4475 espectadores | TV Aparecida - AO VIVO - YouTube | https://www.youtube.com/watch?v=4CAmwaFJo6k
[2026-02-07T09:59:55-03:00] 1293 espectadores | Santuário Nacional AO VIVO - Você em constante Oração na Casa da Mãe - YouTube | https://www.youtube.com/watch?v=juUt-rN5CVo
[2026-02-07T10:00:04-03:00] 4371 espectadores | TV Aparecida - AO VIVO - YouTube | https://www.youtube.com/watch?v=4CAmwaFJo6k
[2026-02-07T10:02:54-03:00] 1238 espectadores | Santuário Nacional AO VIVO - Você em constante Oração na Casa da Mãe - YouTube | https://www.youtube.com/watch?v=juUt-rN5CVo
[2026-02-07T10:03:04-03:00] 4317 espectadores | TV Aparecida - AO VIVO - YouTube | https://www.youtube.com/watch?v=4CAmwaFJo6k
[2026-02-07T10:05:56-03:00] 1187 espectadores | Santuário Nacional AO VIVO - Você em constante Oração na Casa da Mãe - YouTube | https://www.youtube.com/watch?v=juUt-rN5CVo
[2026-02-07T10:06:06-03:00] 4262 espectadores | TV Aparecida - AO VIVO - YouTube | https://www.youtube.com/watch?v=4CAmwaFJo6k
[2026-02-07T10:08:54-03:00] 1163 espectadores | Santuário Nacional AO VIVO - Você em constante Oração na Casa da Mãe - YouTube | https://www.youtube.com/watch?v=juUt-rN5CVo
[2026-02-07T10:09:04-03:00] 4191 espectadores | TV Aparecida - AO VIVO - YouTube | https://www.youtube.com/watch?v=4CAmwaFJo6k
[2026-02-07T10:11:54-03:00] 1131 espectadores | Santuário Nacional AO VIVO - Você em constante Oração na Casa da Mãe - YouTube | https://www.youtube.com/watch?v=juUt-rN5CVo
[2026-02-07T10:12:04-03:00] 4100 espectadores | TV Aparecida - AO VIVO - YouTube | https://www.youtube.com/watch?v=4CAmwaFJo6k
[2026-02-07T10:14:53-03:00] 1080 espectadores | Santuário Nacional AO VIVO - Você em constante Oração na Casa da Mãe - YouTube | https://www.youtube.com/watch?v=juUt-rN5CVo
[2026-02-07T10:15:03-03:00] 4085 espectadores | TV Aparecida - AO VIVO - YouTube | https://www.youtube.com/watch?v=4CAmwaFJo6k
[2026-02-07T10:17:54-03:00] 1068 espectadores | Santuário Nacional AO VIVO - Você em constante Oração na Casa da Mãe - YouTube | https://www.youtube.com/watch?v=juUt-rN5CVo
[2026-02-07T10:18:04-03:00] 4060 espectadores | TV Aparecida - AO VIVO - YouTube | https://www.youtube.com/watch?v=4CAmwaFJo6k
[2026-02-07T10:20:55-03:00] 1051 espectadores | Santuário Nacional AO VIVO - Você em constante Oração na Casa da Mãe - YouTube | https://www.youtube.com/watch?v=juUt-rN5CVo
[2026-02-07T10:21:05-03:00] 4015 espectadores | TV Aparecida - AO VIVO - YouTube | https://www.youtube.com/watch?v=4CAmwaFJo6k
[2026-02-07T10:24:01-03:00] 1041 espectadores | Santuário Nacional AO VIVO - Você em constante Oração na Casa da Mãe - YouTube | https://www.youtube.com/watch?v=juUt-rN5CVo
[2026-02-07T10:24:10-03:00] 3985 espectadores | TV Aparecida - AO VIVO - YouTube | https://www.youtube.com/watch?v=4CAmwaFJo6k
[2026-02-07T10:26:54-03:00] 999 espectadores | Santuário Nacional AO VIVO - Você em constante Oração na Casa da Mãe - YouTube | https://www.youtube.com/watch?v=juUt-rN5CVo
[2026-02-07T10:27:03-03:00] 3954 espectadores | TV Aparecida - AO VIVO - YouTube | https://www.youtube.com/watch?v=4CAmwaFJo6k
[2026-02-07T10:29:57-03:00] 1001 espectadores | Santuário Nacional AO VIVO - Você em constante Oração na Casa da Mãe - YouTube | https://www.youtube.com/watch?v=juUt-rN5CVo
[2026-02-07T10:30:07-03:00] 3971 espectadores | TV Aparecida - AO VIVO - YouTube | https://www.youtube.com/watch?v=4CAmwaFJo6k
[2026-02-07T10:32:55-03:00] 1003 espectadores | Santuário Nacional AO VIVO - Você em constante Oração na Casa da Mãe - YouTube | https://www.youtube.com/watch?v=juUt-rN5CVo
[2026-02-07T10:33:04-03:00] 3913 espectadores | TV Aparecida - AO VIVO - YouTube | https://www.youtube.com/watch?v=4CAmwaFJo6k
[2026-02-07T10:35:55-03:00] 964 espectadores | Santuário Nacional AO VIVO - Você em constante Oração na Casa da Mãe - YouTube | https://www.youtube.com/watch?v=juUt-rN5CVo
[2026-02-07T10:36:05-03:00] 3860 espectadores | TV Aparecida - AO VIVO - YouTube | https://www.youtube.com/watch?v=4CAmwaFJo6k
[2026-02-07T10:38:58-03:00] 965 espectadores | Santuário Nacional AO VIVO - Você em constante Oração na Casa da Mãe - YouTube | https://www.youtube.com/watch?v=juUt-rN5CVo
[2026-02-07T10:39:07-03:00] 3832 espectadores | TV Aparecida - AO VIVO - YouTube | https://www.youtube.com/watch?v=4CAmwaFJo6k
[2026-02-07T10:41:58-03:00] 952 espectadores | Santuário Nacional AO VIVO - Você em constante Oração na Casa da Mãe - YouTube | https://www.youtube.com/watch?v=juUt-rN5CVo
[2026-02-07T10:42:07-03:00] 3824 espectadores | TV Aparecida - AO VIVO - YouTube | https://www.youtube.com/watch?v=4CAmwaFJo6k
[2026-02-07T10:44:55-03:00] 926 espectadores | Santuário Nacional AO VIVO - Você em constante Oração na Casa da Mãe - YouTube | https://www.youtube.com/watch?v=juUt-rN5CVo
[2026-02-07T10:45:05-03:00] 3841 espectadores | TV Aparecida - AO VIVO - YouTube | https://www.youtube.com/watch?v=4CAmwaFJo6k
[2026-02-07T10:47:56-03:00] 911 espectadores | Santuário Nacional AO VIVO - Você em constante Oração na Casa da Mãe - YouTube | https://www.youtube.com/watch?v=juUt-rN5CVo
[2026-02-07T10:48:05-03:00] 3778 espectadores | TV Aparecida - AO VIVO - YouTube | https://www.youtube.com/watch?v=4CAmwaFJo6k
[2026-02-07T10:50:57-03:00] 901 espectadores | Santuário Nacional AO VIVO - Você em constante Oração na Casa da Mãe - YouTube | https://www.youtube.com/watch?v=juUt-rN5CVo
[2026-02-07T10:51:06-03:00] 3776 espectadores | TV Aparecida - AO VIVO - YouTube | https://www.youtube.com/watch?v=4CAmwaFJo6k
[2026-02-07T10:53:58-03:00] 900 espectadores | Santuário Nacional AO VIVO - Você em constante Oração na Casa da Mãe - YouTube | https://www.youtube.com/watch?v=juUt-rN5CVo
[2026-02-07T10:54:07-03:00] 3746 espectadores | TV Aparecida - AO VIVO - YouTube | https://www.youtube.com/watch?v=4CAmwaFJo6k
[2026-02-07T10:56:55-03:00] 893 espectadores | Santuário Nacional AO VIVO - Você em constante Oração na Casa da Mãe - YouTube | https://www.youtube.com/watch?v=juUt-rN5CVo
[2026-02-07T10:57:05-03:00] 3710 espectadores | TV Aparecida - AO VIVO - YouTube | https://www.youtube.com/watch?v=4CAmwaFJo6k
[2026-02-07T10:59:57-03:00] 891 espectadores | Santuário Nacional AO VIVO - Você em constante Oração na Casa da Mãe - YouTube | https://www.youtube.com/watch?v=juUt-rN5CVo
[2026-02-07T11:00:07-03:00] 3729 espectadores | TV Aparecida - AO VIVO - YouTube | https://www.youtube.com/watch?v=4CAmwaFJo6k
[2026-02-07T11:02:55-03:00] 899 espectadores | Santuário Nacional AO VIVO - Você em constante Oração na Casa da Mãe - YouTube | https://www.youtube.com/watch?v=juUt-rN5CVo
[2026-02-07T11:03:04-03:00] 3678 espectadores | TV Aparecida - AO VIVO - YouTube | https://www.youtube.com/watch?v=4CAmwaFJo6k
[2026-02-07T11:05:55-03:00] 886 espectadores | Santuário Nacional AO VIVO - Você em constante Oração na Casa da Mãe - YouTube | https://www.youtube.com/watch?v=juUt-rN5CVo
[2026-02-07T11:06:05-03:00] 3596 espectadores | TV Aparecida - AO VIVO - YouTube | https://www.youtube.com/watch?v=4CAmwaFJo6k
[2026-02-07T11:08:54-03:00] 872 espectadores | Santuário Nacional AO VIVO - Você em constante Oração na Casa da Mãe - YouTube | https://www.youtube.com/watch?v=juUt-rN5CVo
[2026-02-07T11:09:03-03:00] 3569 espectadores | TV Aparecida - AO VIVO - YouTube | https://www.youtube.com/watch?v=4CAmwaFJo6k
[2026-02-07T11:11:55-03:00] 859 espectadores | Santuário Nacional AO VIVO - Você em constante Oração na Casa da Mãe - YouTube | https://www.youtube.com/watch?v=juUt-rN5CVo
[2026-02-07T11:12:05-03:00] 3593 espectadores | TV Aparecida - AO VIVO - YouTube | https://www.youtube.com/watch?v=4CAmwaFJo6k
[2026-02-07T11:14:56-03:00] 9 espectadores | Santuário Nacional AO VIVO - Você em constante Oração na Casa da Mãe - YouTube | https://www.youtube.com/watch?v=juUt-rN5CVo
[2026-02-07T11:15:05-03:00] 3594 espectadores | TV Aparecida - AO VIVO - YouTube | https://www.youtube.com/watch?v=4CAmwaFJo6k
[2026-02-07T11:17:58-03:00] 846 espectadores | Santuário Nacional AO VIVO - Você em constante Oração na Casa da Mãe - YouTube | https://www.youtube.com/watch?v=juUt-rN5CVo
[2026-02-07T11:18:07-03:00] 3585 espectadores | TV Aparecida - AO VIVO - YouTube | https://www.youtube.com/watch?v=4CAmwaFJo6k
[2026-02-07T11:21:05-03:00] 827 espectadores | Santuário Nacional AO VIVO - Você em constante Oração na Casa da Mãe - YouTube | https://www.youtube.com/watch?v=juUt-rN5CVo
[2026-02-07T11:21:15-03:00] 3604 espectadores | TV Aparecida - AO VIVO - YouTube | https://www.youtube.com/watch?v=4CAmwaFJo6k
[2026-02-07T11:24:02-03:00] 844 espectadores | Santuário Nacional AO VIVO - Você em constante Oração na Casa da Mãe - YouTube | https://www.youtube.com/watch?v=juUt-rN5CVo
[2026-02-07T11:24:11-03:00] 3614 espectadores | TV Aparecida - AO VIVO - YouTube | https://www.youtube.com/watch?v=4CAmwaFJo6k
[2026-02-07T11:27:00-03:00] 840 espectadores | Santuário Nacional AO VIVO - Você em constante Oração na Casa da Mãe - YouTube | https://www.youtube.com/watch?v=juUt-rN5CVo
[2026-02-07T11:27:11-03:00] 3624 espectadores | TV Aparecida - AO VIVO - YouTube | https://www.youtube.com/watch?v=4CAmwaFJo6k
[2026-02-07T11:30:00-03:00] 840 espectadores | Santuário Nacional AO VIVO - Você em constante Oração na Casa da Mãe - YouTube | https://www.youtube.com/watch?v=juUt-rN5CVo
[2026-02-07T11:30:10-03:00] 3631 espectadores | TV Aparecida - AO VIVO - YouTube | https://www.youtube.com/watch?v=4CAmwaFJo6k
[2026-02-07T11:32:57-03:00] 832 espectadores | Santuário Nacional AO VIVO - Você em constante Oração na Casa da Mãe - YouTube | https://www.youtube.com/watch?v=juUt-rN5CVo
[2026-02-07T11:33:08-03:00] 3614 espectadores | TV Aparecida - AO VIVO - YouTube | https://www.youtube.com/watch?v=4CAmwaFJo6k
[2026-02-07T11:36:01-03:00] 840 espectadores | Santuário Nacional AO VIVO - Você em constante Oração na Casa da Mãe - YouTube | https://www.youtube.com/watch?v=juUt-rN5CVo
[2026-02-07T11:36:11-03:00] 3531 espectadores | TV Aparecida - AO VIVO - YouTube | https://www.youtube.com/watch?v=4CAmwaFJo6k
[2026-02-07T11:38:57-03:00] 855 espectadores | Santuário Nacional AO VIVO - Você em constante Oração na Casa da Mãe - YouTube | https://www.youtube.com/watch?v=juUt-rN5CVo
[2026-02-07T11:39:07-03:00] 3574 espectadores | TV Aparecida - AO VIVO - YouTube | https://www.youtube.com/watch?v=4CAmwaFJo6k
[2026-02-07T11:42:03-03:00] 870 espectadores | Santuário Nacional AO VIVO - Você em constante Oração na Casa da Mãe - YouTube | https://www.youtube.com/watch?v=juUt-rN5CVo
[2026-02-07T11:42:13-03:00] 3635 espectadores | TV Aparecida - AO VIVO - YouTube | https://www.youtube.com/watch?v=4CAmwaFJo6k
[2026-02-07T11:45:22-03:00] 908 espectadores | Santuário Nacional AO VIVO - Você em constante Oração na Casa da Mãe - YouTube | https://www.youtube.com/watch?v=juUt-rN5CVo
[2026-02-07T11:45:32-03:00] 3694 espectadores | TV Aparecida - AO VIVO - YouTube | https://www.youtube.com/watch?v=4CAmwaFJo6k
[2026-02-07T11:48:02-03:00] 920 espectadores | Santuário Nacional AO VIVO - Você em constante Oração na Casa da Mãe - YouTube | https://www.youtube.com/watch?v=juUt-rN5CVo
[2026-02-07T11:48:12-03:00] 3723 espectadores | TV Aparecida - AO VIVO - YouTube | https://www.youtube.com/watch?v=4CAmwaFJo6k
[2026-02-07T11:50:57-03:00] 963 espectadores | Santuário Nacional AO VIVO - Você em constante Oração na Casa da Mãe - YouTube | https://www.youtube.com/watch?v=juUt-rN5CVo
[2026-02-07T11:51:07-03:00] 3773 espectadores | TV Aparecida - AO VIVO - YouTube | https://www.youtube.com/watch?v=4CAmwaFJo6k
[2026-02-07T11:53:58-03:00] 1028 espectadores | Santuário Nacional AO VIVO - Você em constante Oração na Casa da Mãe - YouTube | https://www.youtube.com/watch?v=juUt-rN5CVo
[2026-02-07T11:54:07-03:00] 3854 espectadores | TV Aparecida - AO VIVO - YouTube | https://www.youtube.com/watch?v=4CAmwaFJo6k
[2026-02-07T11:56:57-03:00] 1135 espectadores | Santuário Nacional AO VIVO - Você em constante Oração na Casa da Mãe - YouTube | https://www.youtube.com/watch?v=juUt-rN5CVo
[2026-02-07T11:57:08-03:00] 3990 espectadores | TV Aparecida - AO VIVO - YouTube | https://www.youtube.com/watch?v=4CAmwaFJo6k
[2026-02-07T12:00:00-03:00] 1307 espectadores | Santuário Nacional AO VIVO - Você em constante Oração na Casa da Mãe - YouTube | https://www.youtube.com/watch?v=juUt-rN5CVo
[2026-02-07T12:00:11-03:00] 4098 espectadores | TV Aparecida - AO VIVO - YouTube | https://www.youtube.com/watch?v=4CAmwaFJo6k
[2026-02-07T12:02:56-03:00] 1576 espectadores | Santuário Nacional AO VIVO - Você em constante Oração na Casa da Mãe - YouTube | https://www.youtube.com/watch?v=juUt-rN5CVo
[2026-02-07T12:03:06-03:00] 4458 espectadores | TV Aparecida - AO VIVO - YouTube | https://www.youtube.com/watch?v=4CAmwaFJo6k
[2026-02-07T12:05:59-03:00] 1724 espectadores | Santuário Nacional AO VIVO - Você em constante Oração na Casa da Mãe - YouTube | https://www.youtube.com/watch?v=juUt-rN5CVo
[2026-02-07T12:06:09-03:00] 4719 espectadores | TV Aparecida - AO VIVO - YouTube | https://www.youtube.com/watch?v=4CAmwaFJo6k
[2026-02-07T12:08:58-03:00] 1850 espectadores | Santuário Nacional AO VIVO - Você em constante Oração na Casa da Mãe - YouTube | https://www.youtube.com/watch?v=juUt-rN5CVo
[2026-02-07T12:09:08-03:00] 4899 espectadores | TV Aparecida - AO VIVO - YouTube | https://www.youtube.com/watch?v=4CAmwaFJo6k
[2026-02-07T12:11:58-03:00] 1981 espectadores | Santuário Nacional AO VIVO - Você em constante Oração na Casa da Mãe - YouTube | https://www.youtube.com/watch?v=juUt-rN5CVo
[2026-02-07T12:12:07-03:00] 5061 espectadores | TV Aparecida - AO VIVO - YouTube | https://www.youtube.com/watch?v=4CAmwaFJo6k
[2026-02-07T12:14:57-03:00] 2035 espectadores | Santuário Nacional AO VIVO - Você em constante Oração na Casa da Mãe - YouTube | https://www.youtube.com/watch?v=juUt-rN5CVo
[2026-02-07T12:15:07-03:00] 5208 espectadores | TV Aparecida - AO VIVO - YouTube | https://www.youtube.com/watch?v=4CAmwaFJo6k
[2026-02-07T12:17:57-03:00] 2115 espectadores | Santuário Nacional AO VIVO - Você em constante Oração na Casa da Mãe - YouTube | https://www.youtube.com/watch?v=juUt-rN5CVo
[2026-02-07T12:18:06-03:00] 5309 espectadores | TV Aparecida - AO VIVO - YouTube | https://www.youtube.com/watch?v=4CAmwaFJo6k
[2026-02-07T12:20:57-03:00] 2170 espectadores | Santuário Nacional AO VIVO - Você em constante Oração na Casa da Mãe - YouTube | https://www.youtube.com/watch?v=juUt-rN5CVo
[2026-02-07T12:21:07-03:00] 5439 espectadores | TV Aparecida - AO VIVO - YouTube | https://www.youtube.com/watch?v=4CAmwaFJo6k
[2026-02-07T12:23:57-03:00] 2218 espectadores | Santuário Nacional AO VIVO - Você em constante Oração na Casa da Mãe - YouTube | https://www.youtube.com/watch?v=juUt-rN5CVo
[2026-02-07T12:24:07-03:00] 5491 espectadores | TV Aparecida - AO VIVO - YouTube | https://www.youtube.com/watch?v=4CAmwaFJo6k
[2026-02-07T12:26:59-03:00] 2229 espectadores | Santuário Nacional AO VIVO - Você em constante Oração na Casa da Mãe - YouTube | https://www.youtube.com/watch?v=juUt-rN5CVo
[2026-02-07T12:27:09-03:00] 5528 espectadores | TV Aparecida - AO VIVO - YouTube | https://www.youtube.com/watch?v=4CAmwaFJo6k
[2026-02-07T12:30:18-03:00] FALHA: Message: timeout: Timed out receiving message from renderer: 26.524
  (Session info: chrome=137.0.7151.69)
Stacktrace:
	GetHandleVerifier [0x0x7ff7c00dcda5+78885]
	GetHandleVerifier [0x0x7ff7c00dce00+78976]
	(No symbol) [0x0x7ff7bfe99bca]
	(No symbol) [0x0x7ff7bfe8706c]
	(No symbol) [0x0x7ff7bfe86d5a]
	(No symbol) [0x0x7ff7bfe8492f]
	(No symbol) [0x0x7ff7bfe8538f]
	(No symbol) [0x0x7ff7bfe9402e]
	(No symbol) [0x0x7ff7bfeaa3e1]
	(No symbol) [0x0x7ff7bfeb153a]
	(No symbol) [0x0x7ff7bfe85b2d]
	(No symbol) [0x0x7ff7bfeaa115]
	(No symbol) [0x0x7ff7bff41568]
	(No symbol) [0x0x7ff7bff18963]
	(No symbol) [0x0x7ff7bfee16b1]
	(No symbol) [0x0x7ff7bfee2443]
	GetHandleVerifier [0x0x7ff7c03b4eed+3061101]
	GetHandleVerifier [0x0x7ff7c03af33d+3037629]
	GetHandleVerifier [0x0x7ff7c03ce592+3165202]
	GetHandleVerifier [0x0x7ff7c00f730e+186766]
	GetHandleVerifier [0x0x7ff7c00feb3f+217535]
	GetHandleVerifier [0x0x7ff7c00e59b4+114740]
	GetHandleVerifier [0x0x7ff7c00e5b69+115177]
	GetHandleVerifier [0x0x7ff7c00cc368+10728]
	BaseThreadInitThunk [0x0x7ffffdd6e8d7+23]
	RtlUserThreadStart [0x0x7ffffeb3c34c+44]

[2026-02-07T12:30:56-03:00] 2 espectadores | TV Aparecida - AO VIVO - YouTube | https://www.youtube.com/watch?v=4CAmwaFJo6k
[2026-02-07T12:32:56-03:00] 2303 espectadores | Santuário Nacional AO VIVO - Você em constante Oração na Casa da Mãe - YouTube | https://www.youtube.com/watch?v=juUt-rN5CVo
[2026-02-07T12:33:06-03:00] 5619 espectadores | TV Aparecida - AO VIVO - YouTube | https://www.youtube.com/watch?v=4CAmwaFJo6k
[2026-02-07T12:36:19-03:00] FALHA: Message: timeout: Timed out receiving message from renderer: 25.814
  (Session info: chrome=137.0.7151.69)
Stacktrace:
	GetHandleVerifier [0x0x7ff7c00dcda5+78885]
	GetHandleVerifier [0x0x7ff7c00dce00+78976]
	(No symbol) [0x0x7ff7bfe99bca]
	(No symbol) [0x0x7ff7bfe8706c]
	(No symbol) [0x0x7ff7bfe86d5a]
	(No symbol) [0x0x7ff7bfe8492f]
	(No symbol) [0x0x7ff7bfe8538f]
	(No symbol) [0x0x7ff7bfe9402e]
	(No symbol) [0x0x7ff7bfeaa3e1]
	(No symbol) [0x0x7ff7bfeb153a]
	(No symbol) [0x0x7ff7bfe85b2d]
	(No symbol) [0x0x7ff7bfeaa115]
	(No symbol) [0x0x7ff7bff41568]
	(No symbol) [0x0x7ff7bff18963]
	(No symbol) [0x0x7ff7bfee16b1]
	(No symbol) [0x0x7ff7bfee2443]
	GetHandleVerifier [0x0x7ff7c03b4eed+3061101]
	GetHandleVerifier [0x0x7ff7c03af33d+3037629]
	GetHandleVerifier [0x0x7ff7c03ce592+3165202]
	GetHandleVerifier [0x0x7ff7c00f730e+186766]
	GetHandleVerifier [0x0x7ff7c00feb3f+217535]
	GetHandleVerifier [0x0x7ff7c00e59b4+114740]
	GetHandleVerifier [0x0x7ff7c00e5b69+115177]
	GetHandleVerifier [0x0x7ff7c00cc368+10728]
	BaseThreadInitThunk [0x0x7ffffdd6e8d7+23]
	RtlUserThreadStart [0x0x7ffffeb3c34c+44]

[2026-02-07T12:36:31-03:00] 5611 espectadores | TV Aparecida - AO VIVO - YouTube | https://www.youtube.com/watch?v=4CAmwaFJo6k
[2026-02-07T12:38:55-03:00] 2294 espectadores | Santuário Nacional AO VIVO - Você em constante Oração na Casa da Mãe - YouTube | https://www.youtube.com/watch?v=juUt-rN5CVo
[2026-02-07T12:39:05-03:00] 5634 espectadores | TV Aparecida - AO VIVO - YouTube | https://www.youtube.com/watch?v=4CAmwaFJo6k
[2026-02-07T12:42:00-03:00] 2295 espectadores | Santuário Nacional AO VIVO - Você em constante Oração na Casa da Mãe - YouTube | https://www.youtube.com/watch?v=juUt-rN5CVo
[2026-02-07T12:42:10-03:00] 5586 espectadores | TV Aparecida - AO VIVO - YouTube | https://www.youtube.com/watch?v=4CAmwaFJo6k
[2026-02-07T12:45:01-03:00] 2329 espectadores | Santuário Nacional AO VIVO - Você em constante Oração na Casa da Mãe - YouTube | https://www.youtube.com/watch?v=juUt-rN5CVo
[2026-02-07T12:45:12-03:00] 5584 espectadores | TV Aparecida - AO VIVO - YouTube | https://www.youtube.com/watch?v=4CAmwaFJo6k
[2026-02-07T12:48:01-03:00] 2336 espectadores | Santuário Nacional AO VIVO - Você em constante Oração na Casa da Mãe - YouTube | https://www.youtube.com/watch?v=juUt-rN5CVo
[2026-02-07T12:48:12-03:00] 5601 espectadores | TV Aparecida - AO VIVO - YouTube | https://www.youtube.com/watch?v=4CAmwaFJo6k
[2026-02-07T12:50:59-03:00] 2336 espectadores | Santuário Nacional AO VIVO - Você em constante Oração na Casa da Mãe - YouTube | https://www.youtube.com/watch?v=juUt-rN5CVo
[2026-02-07T12:51:09-03:00] 5613 espectadores | TV Aparecida - AO VIVO - YouTube | https://www.youtube.com/watch?v=4CAmwaFJo6k
[2026-02-07T12:53:59-03:00] 2327 espectadores | Santuário Nacional AO VIVO - Você em constante Oração na Casa da Mãe - YouTube | https://www.youtube.com/watch?v=juUt-rN5CVo
[2026-02-07T12:54:09-03:00] 5612 espectadores | TV Aparecida - AO VIVO - YouTube | https://www.youtube.com/watch?v=4CAmwaFJo6k
[2026-02-07T12:56:58-03:00] 2315 espectadores | Santuário Nacional AO VIVO - Você em constante Oração na Casa da Mãe - YouTube | https://www.youtube.com/watch?v=juUt-rN5CVo
[2026-02-07T12:57:07-03:00] 5604 espectadores | TV Aparecida - AO VIVO - YouTube | https://www.youtube.com/watch?v=4CAmwaFJo6k
[2026-02-07T13:00:01-03:00] 2300 espectadores | Santuário Nacional AO VIVO - Você em constante Oração na Casa da Mãe - YouTube | https://www.youtube.com/watch?v=juUt-rN5CVo
[2026-02-07T13:00:12-03:00] 5627 espectadores | TV Aparecida - AO VIVO - YouTube | https://www.youtube.com/watch?v=4CAmwaFJo6k
[2026-02-07T13:03:00-03:00] 2149 espectadores | Santuário Nacional AO VIVO - Você em constante Oração na Casa da Mãe - YouTube | https://www.youtube.com/watch?v=juUt-rN5CVo
[2026-02-07T13:03:10-03:00] 5258 espectadores | TV Aparecida - AO VIVO - YouTube | https://www.youtube.com/watch?v=4CAmwaFJo6k
[2026-02-07T13:06:01-03:00] 1431 espectadores | Santuário Nacional AO VIVO - Você em constante Oração na Casa da Mãe - YouTube | https://www.youtube.com/watch?v=juUt-rN5CVo
[2026-02-07T13:06:11-03:00] 3883 espectadores | TV Aparecida - AO VIVO - YouTube | https://www.youtube.com/watch?v=4CAmwaFJo6k
[2026-02-07T13:08:55-03:00] 1257 espectadores | Santuário Nacional AO VIVO - Você em constante Oração na Casa da Mãe - YouTube | https://www.youtube.com/watch?v=juUt-rN5CVo
[2026-02-07T13:09:05-03:00] 3618 espectadores | TV Aparecida - AO VIVO - YouTube | https://www.youtube.com/watch?v=4CAmwaFJo6k
[2026-02-07T13:11:59-03:00] 1149 espectadores | Santuário Nacional AO VIVO - Você em constante Oração na Casa da Mãe - YouTube | https://www.youtube.com/watch?v=juUt-rN5CVo
[2026-02-07T13:12:09-03:00] 3445 espectadores | TV Aparecida - AO VIVO - YouTube | https://www.youtube.com/watch?v=4CAmwaFJo6k
[2026-02-07T13:14:55-03:00] 1061 espectadores | Santuário Nacional AO VIVO - Você em constante Oração na Casa da Mãe - YouTube | https://www.youtube.com/watch?v=juUt-rN5CVo
[2026-02-07T13:15:05-03:00] 3322 espectadores | TV Aparecida - AO VIVO - YouTube | https://www.youtube.com/watch?v=4CAmwaFJo6k
[2026-02-07T13:17:57-03:00] 996 espectadores | Santuário Nacional AO VIVO - Você em constante Oração na Casa da Mãe - YouTube | https://www.youtube.com/watch?v=juUt-rN5CVo
[2026-02-07T13:18:07-03:00] 3158 espectadores | TV Aparecida - AO VIVO - YouTube | https://www.youtube.com/watch?v=4CAmwaFJo6k
[2026-02-07T13:21:00-03:00] 946 espectadores | Santuário Nacional AO VIVO - Você em constante Oração na Casa da Mãe - YouTube | https://www.youtube.com/watch?v=juUt-rN5CVo
[2026-02-07T13:21:33-03:00] 10 espectadores | TV Aparecida - AO VIVO - YouTube | https://www.youtube.com/watch?v=4CAmwaFJo6k
[2026-02-07T13:24:00-03:00] 898 espectadores | Santuário Nacional AO VIVO - Você em constante Oração na Casa da Mãe - YouTube | https://www.youtube.com/watch?v=juUt-rN5CVo
[2026-02-07T13:24:09-03:00] 3033 espectadores | TV Aparecida - AO VIVO - YouTube | https://www.youtube.com/watch?v=4CAmwaFJo6k
[2026-02-07T13:27:06-03:00] 872 espectadores | Santuário Nacional AO VIVO - Você em constante Oração na Casa da Mãe - YouTube | https://www.youtube.com/watch?v=juUt-rN5CVo
[2026-02-07T13:27:16-03:00] 2941 espectadores | TV Aparecida - AO VIVO - YouTube | https://www.youtube.com/watch?v=4CAmwaFJo6k
[2026-02-07T13:30:04-03:00] 853 espectadores | Santuário Nacional AO VIVO - Você em constante Oração na Casa da Mãe - YouTube | https://www.youtube.com/watch?v=juUt-rN5CVo
[2026-02-07T13:30:14-03:00] 2904 espectadores | TV Aparecida - AO VIVO - YouTube | https://www.youtube.com/watch?v=4CAmwaFJo6k
[2026-02-07T13:32:56-03:00] 841 espectadores | Santuário Nacional AO VIVO - Você em constante Oração na Casa da Mãe - YouTube | https://www.youtube.com/watch?v=juUt-rN5CVo
[2026-02-07T13:33:05-03:00] 2845 espectadores | TV Aparecida - AO VIVO - YouTube | https://www.youtube.com/watch?v=4CAmwaFJo6k
[2026-02-07T13:35:57-03:00] 823 espectadores | Santuário Nacional AO VIVO - Você em constante Oração na Casa da Mãe - YouTube | https://www.youtube.com/watch?v=juUt-rN5CVo
[2026-02-07T13:36:06-03:00] 2649 espectadores | TV Aparecida - AO VIVO - YouTube | https://www.youtube.com/watch?v=4CAmwaFJo6k
[2026-02-07T13:38:59-03:00] 822 espectadores | Santuário Nacional AO VIVO - Você em constante Oração na Casa da Mãe - YouTube | https://www.youtube.com/watch?v=juUt-rN5CVo
[2026-02-07T13:39:09-03:00] 2579 espectadores | TV Aparecida - AO VIVO - YouTube | https://www.youtube.com/watch?v=4CAmwaFJo6k
[2026-02-07T13:41:55-03:00] 830 espectadores | Santuário Nacional AO VIVO - Você em constante Oração na Casa da Mãe - YouTube | https://www.youtube.com/watch?v=juUt-rN5CVo
[2026-02-07T13:42:05-03:00] 2509 espectadores | TV Aparecida - AO VIVO - YouTube | https://www.youtube.com/watch?v=4CAmwaFJo6k
[2026-02-07T13:44:55-03:00] 811 espectadores | Santuário Nacional AO VIVO - Você em constante Oração na Casa da Mãe - YouTube | https://www.youtube.com/watch?v=juUt-rN5CVo
[2026-02-07T13:45:05-03:00] 2510 espectadores | TV Aparecida - AO VIVO - YouTube | https://www.youtube.com/watch?v=4CAmwaFJo6k
[2026-02-07T13:47:57-03:00] 806 espectadores | Santuário Nacional AO VIVO - Você em constante Oração na Casa da Mãe - YouTube | https://www.youtube.com/watch?v=juUt-rN5CVo
[2026-02-07T13:48:08-03:00] 2515 espectadores | TV Aparecida - AO VIVO - YouTube | https://www.youtube.com/watch?v=4CAmwaFJo6k
[2026-02-07T13:50:55-03:00] 829 espectadores | Santuário Nacional AO VIVO - Você em constante Oração na Casa da Mãe - YouTube | https://www.youtube.com/watch?v=juUt-rN5CVo
[2026-02-07T13:51:05-03:00] 2525 espectadores | TV Aparecida - AO VIVO - YouTube | https://www.youtube.com/watch?v=4CAmwaFJo6k
[2026-02-07T13:54:02-03:00] 869 espectadores | Santuário Nacional AO VIVO - Você em constante Oração na Casa da Mãe - YouTube | https://www.youtube.com/watch?v=juUt-rN5CVo
[2026-02-07T13:54:12-03:00] 2580 espectadores | TV Aparecida - AO VIVO - YouTube | https://www.youtube.com/watch?v=4CAmwaFJo6k
[2026-02-07T13:57:03-03:00] 924 espectadores | Santuário Nacional AO VIVO - Você em constante Oração na Casa da Mãe - YouTube | https://www.youtube.com/watch?v=juUt-rN5CVo
[2026-02-07T13:57:12-03:00] 2723 espectadores | TV Aparecida - AO VIVO - YouTube | https://www.youtube.com/watch?v=4CAmwaFJo6k
[2026-02-07T14:00:06-03:00] 7 espectadores | Santuário Nacional AO VIVO - Você em constante Oração na Casa da Mãe - YouTube | https://www.youtube.com/watch?v=juUt-rN5CVo
[2026-02-07T14:00:16-03:00] 2964 espectadores | TV Aparecida - AO VIVO - YouTube | https://www.youtube.com/watch?v=4CAmwaFJo6k
[2026-02-07T14:03:00-03:00] 1164 espectadores | Santuário Nacional AO VIVO - Você em constante Oração na Casa da Mãe - YouTube | https://www.youtube.com/watch?v=juUt-rN5CVo
[2026-02-07T14:03:10-03:00] 3336 espectadores | TV Aparecida - AO VIVO - YouTube | https://www.youtube.com/watch?v=4CAmwaFJo6k
[2026-02-07T14:06:04-03:00] 1298 espectadores | Santuário Nacional AO VIVO - Você em constante Oração na Casa da Mãe - YouTube | https://www.youtube.com/watch?v=juUt-rN5CVo
[2026-02-07T14:06:14-03:00] 3649 espectadores | TV Aparecida - AO VIVO - YouTube | https://www.youtube.com/watch?v=4CAmwaFJo6k
[2026-02-07T14:08:58-03:00] 1393 espectadores | Santuário Nacional AO VIVO - Você em constante Oração na Casa da Mãe - YouTube | https://www.youtube.com/watch?v=juUt-rN5CVo
[2026-02-07T14:09:07-03:00] 3861 espectadores | TV Aparecida - AO VIVO - YouTube | https://www.youtube.com/watch?v=4CAmwaFJo6k
[2026-02-07T14:11:59-03:00] 1461 espectadores | Santuário Nacional AO VIVO - Você em constante Oração na Casa da Mãe - YouTube | https://www.youtube.com/watch?v=juUt-rN5CVo
[2026-02-07T14:12:10-03:00] 4021 espectadores | TV Aparecida - AO VIVO - YouTube | https://www.youtube.com/watch?v=4CAmwaFJo6k
[2026-02-07T14:14:57-03:00] 1540 espectadores | Santuário Nacional AO VIVO - Você em constante Oração na Casa da Mãe - YouTube | https://www.youtube.com/watch?v=juUt-rN5CVo
[2026-02-07T14:15:06-03:00] 4182 espectadores | TV Aparecida - AO VIVO - YouTube | https://www.youtube.com/watch?v=4CAmwaFJo6k
[2026-02-07T14:18:00-03:00] 1600 espectadores | Santuário Nacional AO VIVO - Você em constante Oração na Casa da Mãe - YouTube | https://www.youtube.com/watch?v=juUt-rN5CVo
[2026-02-07T14:18:10-03:00] 4358 espectadores | TV Aparecida - AO VIVO - YouTube | https://www.youtube.com/watch?v=4CAmwaFJo6k
[2026-02-07T14:21:18-03:00] FALHA: Message: timeout: Timed out receiving message from renderer: 29.800
  (Session info: chrome=137.0.7151.69)
Stacktrace:
	GetHandleVerifier [0x0x7ff7c00dcda5+78885]
	GetHandleVerifier [0x0x7ff7c00dce00+78976]
	(No symbol) [0x0x7ff7bfe99bca]
	(No symbol) [0x0x7ff7bfe8706c]
	(No symbol) [0x0x7ff7bfe86d5a]
	(No symbol) [0x0x7ff7bfe8492f]
	(No symbol) [0x0x7ff7bfe8538f]
	(No symbol) [0x0x7ff7bfe9402e]
	(No symbol) [0x0x7ff7bfeaa3e1]
	(No symbol) [0x0x7ff7bfeb153a]
	(No symbol) [0x0x7ff7bfe85b2d]
	(No symbol) [0x0x7ff7bfeaa115]
	(No symbol) [0x0x7ff7bff41568]
	(No symbol) [0x0x7ff7bff18963]
	(No symbol) [0x0x7ff7bfee16b1]
	(No symbol) [0x0x7ff7bfee2443]
	GetHandleVerifier [0x0x7ff7c03b4eed+3061101]
	GetHandleVerifier [0x0x7ff7c03af33d+3037629]
	GetHandleVerifier [0x0x7ff7c03ce592+3165202]
	GetHandleVerifier [0x0x7ff7c00f730e+186766]
	GetHandleVerifier [0x0x7ff7c00feb3f+217535]
	GetHandleVerifier [0x0x7ff7c00e59b4+114740]
	GetHandleVerifier [0x0x7ff7c00e5b69+115177]
	GetHandleVerifier [0x0x7ff7c00cc368+10728]
	BaseThreadInitThunk [0x0x7ffffdd6e8d7+23]
	RtlUserThreadStart [0x0x7ffffeb3c34c+44]

[2026-02-07T14:21:33-03:00] 4535 espectadores | TV Aparecida - AO VIVO - YouTube | https://www.youtube.com/watch?v=4CAmwaFJo6k
[2026-02-07T14:23:58-03:00] 1704 espectadores | Santuário Nacional AO VIVO - Você em constante Oração na Casa da Mãe - YouTube | https://www.youtube.com/watch?v=juUt-rN5CVo
[2026-02-07T14:24:08-03:00] 4615 espectadores | TV Aparecida - AO VIVO - YouTube | https://www.youtube.com/watch?v=4CAmwaFJo6k
[2026-02-07T14:26:53-03:00] 1746 espectadores | Santuário Nacional AO VIVO - Você em constante Oração na Casa da Mãe - YouTube | https://www.youtube.com/watch?v=juUt-rN5CVo
[2026-02-07T14:27:03-03:00] 4747 espectadores | TV Aparecida - AO VIVO - YouTube | https://www.youtube.com/watch?v=4CAmwaFJo6k
[2026-02-07T14:30:00-03:00] 1780 espectadores | Santuário Nacional AO VIVO - Você em constante Oração na Casa da Mãe - YouTube | https://www.youtube.com/watch?v=juUt-rN5CVo
[2026-02-07T14:30:09-03:00] 4856 espectadores | TV Aparecida - AO VIVO - YouTube | https://www.youtube.com/watch?v=4CAmwaFJo6k
[2026-02-07T14:32:56-03:00] 1823 espectadores | Santuário Nacional AO VIVO - Você em constante Oração na Casa da Mãe - YouTube | https://www.youtube.com/watch?v=juUt-rN5CVo
[2026-02-07T14:33:06-03:00] 4894 espectadores | TV Aparecida - AO VIVO - YouTube | https://www.youtube.com/watch?v=4CAmwaFJo6k
[2026-02-07T14:35:55-03:00] 1835 espectadores | Santuário Nacional AO VIVO - Você em constante Oração na Casa da Mãe - YouTube | https://www.youtube.com/watch?v=juUt-rN5CVo
[2026-02-07T14:36:05-03:00] 4967 espectadores | TV Aparecida - AO VIVO - YouTube | https://www.youtube.com/watch?v=4CAmwaFJo6k
[2026-02-07T14:38:56-03:00] 1847 espectadores | Santuário Nacional AO VIVO - Você em constante Oração na Casa da Mãe - YouTube | https://www.youtube.com/watch?v=juUt-rN5CVo
[2026-02-07T14:39:06-03:00] 5056 espectadores | TV Aparecida - AO VIVO - YouTube | https://www.youtube.com/watch?v=4CAmwaFJo6k
[2026-02-07T14:41:56-03:00] 1884 espectadores | Santuário Nacional AO VIVO - Você em constante Oração na Casa da Mãe - YouTube | https://www.youtube.com/watch?v=juUt-rN5CVo
[2026-02-07T14:42:05-03:00] 5137 espectadores | TV Aparecida - AO VIVO - YouTube | https://www.youtube.com/watch?v=4CAmwaFJo6k
[2026-02-07T14:44:55-03:00] 1935 espectadores | Santuário Nacional AO VIVO - Você em constante Oração na Casa da Mãe - YouTube | https://www.youtube.com/watch?v=juUt-rN5CVo
[2026-02-07T14:45:05-03:00] 5259 espectadores | TV Aparecida - AO VIVO - YouTube | https://www.youtube.com/watch?v=4CAmwaFJo6k
[2026-02-07T14:47:55-03:00] 1963 espectadores | Santuário Nacional AO VIVO - Você em constante Oração na Casa da Mãe - YouTube | https://www.youtube.com/watch?v=juUt-rN5CVo
[2026-02-07T14:48:05-03:00] 5319 espectadores | TV Aparecida - AO VIVO - YouTube | https://www.youtube.com/watch?v=4CAmwaFJo6k
[2026-02-07T14:50:54-03:00] 1970 espectadores | Santuário Nacional AO VIVO - Você em constante Oração na Casa da Mãe - YouTube | https://www.youtube.com/watch?v=juUt-rN5CVo
[2026-02-07T14:51:03-03:00] 5348 espectadores | TV Aparecida - AO VIVO - YouTube | https://www.youtube.com/watch?v=4CAmwaFJo6k
[2026-02-07T14:53:58-03:00] 1998 espectadores | Santuário Nacional AO VIVO - Você em constante Oração na Casa da Mãe - YouTube | https://www.youtube.com/watch?v=juUt-rN5CVo
[2026-02-07T14:54:08-03:00] 5348 espectadores | TV Aparecida - AO VIVO - YouTube | https://www.youtube.com/watch?v=4CAmwaFJo6k
[2026-02-07T14:56:58-03:00] 2044 espectadores | Santuário Nacional AO VIVO - Você em constante Oração na Casa da Mãe - YouTube | https://www.youtube.com/watch?v=juUt-rN5CVo
[2026-02-07T14:57:11-03:00] 5436 espectadores | TV Aparecida - AO VIVO - YouTube | https://www.youtube.com/watch?v=4CAmwaFJo6k
[2026-02-07T14:59:55-03:00] 2072 espectadores | Santuário Nacional AO VIVO - Você em constante Oração na Casa da Mãe - YouTube | https://www.youtube.com/watch?v=juUt-rN5CVo
[2026-02-07T15:00:05-03:00] 5516 espectadores | TV Aparecida - AO VIVO - YouTube | https://www.youtube.com/watch?v=4CAmwaFJo6k
[2026-02-07T15:02:59-03:00] 2059 espectadores | Santuário Nacional AO VIVO - Você em constante Oração na Casa da Mãe - YouTube | https://www.youtube.com/watch?v=juUt-rN5CVo
[2026-02-07T15:03:09-03:00] 5607 espectadores | TV Aparecida - AO VIVO - YouTube | https://www.youtube.com/watch?v=4CAmwaFJo6k
[2026-02-07T15:05:56-03:00] 2057 espectadores | Santuário Nacional AO VIVO - Você em constante Oração na Casa da Mãe - YouTube | https://www.youtube.com/watch?v=juUt-rN5CVo
[2026-02-07T15:06:05-03:00] 5636 espectadores | TV Aparecida - AO VIVO - YouTube | https://www.youtube.com/watch?v=4CAmwaFJo6k
[2026-02-07T15:08:58-03:00] 2075 espectadores | Santuário Nacional AO VIVO - Você em constante Oração na Casa da Mãe - YouTube | https://www.youtube.com/watch?v=juUt-rN5CVo
[2026-02-07T15:09:08-03:00] 5643 espectadores | TV Aparecida - AO VIVO - YouTube | https://www.youtube.com/watch?v=4CAmwaFJo6k
[2026-02-07T15:11:56-03:00] 2063 espectadores | Santuário Nacional AO VIVO - Você em constante Oração na Casa da Mãe - YouTube | https://www.youtube.com/watch?v=juUt-rN5CVo
[2026-02-07T15:12:06-03:00] 5666 espectadores | TV Aparecida - AO VIVO - YouTube | https://www.youtube.com/watch?v=4CAmwaFJo6k
[2026-02-07T15:14:54-03:00] 2075 espectadores | Santuário Nacional AO VIVO - Você em constante Oração na Casa da Mãe - YouTube | https://www.youtube.com/watch?v=juUt-rN5CVo
[2026-02-07T15:15:03-03:00] 5744 espectadores | TV Aparecida - AO VIVO - YouTube | https://www.youtube.com/watch?v=4CAmwaFJo6k
[2026-02-07T15:18:08-03:00] 0 espectadores | Santuário Nacional AO VIVO - Você em constante Oração na Casa da Mãe - YouTube | https://www.youtube.com/watch?v=juUt-rN5CVo
[2026-02-07T15:18:20-03:00] 5758 espectadores | TV Aparecida - AO VIVO - YouTube | https://www.youtube.com/watch?v=4CAmwaFJo6k
[2026-02-07T15:20:59-03:00] 2109 espectadores | Santuário Nacional AO VIVO - Você em constante Oração na Casa da Mãe - YouTube | https://www.youtube.com/watch?v=juUt-rN5CVo
[2026-02-07T15:21:09-03:00] 5803 espectadores | TV Aparecida - AO VIVO - YouTube | https://www.youtube.com/watch?v=4CAmwaFJo6k
[2026-02-07T15:24:02-03:00] 2101 espectadores | Santuário Nacional AO VIVO - Você em constante Oração na Casa da Mãe - YouTube | https://www.youtube.com/watch?v=juUt-rN5CVo
[2026-02-07T15:24:40-03:00] 10 espectadores | TV Aparecida - AO VIVO - YouTube | https://www.youtube.com/watch?v=4CAmwaFJo6k
[2026-02-07T15:27:15-03:00] 2079 espectadores | Santuário Nacional AO VIVO - Você em constante Oração na Casa da Mãe - YouTube | https://www.youtube.com/watch?v=juUt-rN5CVo
[2026-02-07T15:27:50-03:00] 10 espectadores | TV Aparecida - AO VIVO - YouTube | https://www.youtube.com/watch?v=4CAmwaFJo6k
[2026-02-07T15:30:18-03:00] FALHA: Message: timeout: Timed out receiving message from renderer: 28.643
  (Session info: chrome=137.0.7151.69)
Stacktrace:
	GetHandleVerifier [0x0x7ff7c00dcda5+78885]
	GetHandleVerifier [0x0x7ff7c00dce00+78976]
	(No symbol) [0x0x7ff7bfe99bca]
	(No symbol) [0x0x7ff7bfe8706c]
	(No symbol) [0x0x7ff7bfe86d5a]
	(No symbol) [0x0x7ff7bfe8492f]
	(No symbol) [0x0x7ff7bfe8538f]
	(No symbol) [0x0x7ff7bfe9402e]
	(No symbol) [0x0x7ff7bfeaa3e1]
	(No symbol) [0x0x7ff7bfeb153a]
	(No symbol) [0x0x7ff7bfe85b2d]
	(No symbol) [0x0x7ff7bfeaa115]
	(No symbol) [0x0x7ff7bff41568]
	(No symbol) [0x0x7ff7bff18963]
	(No symbol) [0x0x7ff7bfee16b1]
	(No symbol) [0x0x7ff7bfee2443]
	GetHandleVerifier [0x0x7ff7c03b4eed+3061101]
	GetHandleVerifier [0x0x7ff7c03af33d+3037629]
	GetHandleVerifier [0x0x7ff7c03ce592+3165202]
	GetHandleVerifier [0x0x7ff7c00f730e+186766]
	GetHandleVerifier [0x0x7ff7c00feb3f+217535]
	GetHandleVerifier [0x0x7ff7c00e59b4+114740]
	GetHandleVerifier [0x0x7ff7c00e5b69+115177]
	GetHandleVerifier [0x0x7ff7c00cc368+10728]
	BaseThreadInitThunk [0x0x7ffffdd6e8d7+23]
	RtlUserThreadStart [0x0x7ffffeb3c34c+44]

[2026-02-07T15:30:48-03:00] FALHA: Message: timeout: Timed out receiving message from renderer: 29.824
  (Session info: chrome=137.0.7151.69)
Stacktrace:
	GetHandleVerifier [0x0x7ff7c00dcda5+78885]
	GetHandleVerifier [0x0x7ff7c00dce00+78976]
	(No symbol) [0x0x7ff7bfe99bca]
	(No symbol) [0x0x7ff7bfe8706c]
	(No symbol) [0x0x7ff7bfe86d5a]
	(No symbol) [0x0x7ff7bfe8492f]
	(No symbol) [0x0x7ff7bfe8538f]
	(No symbol) [0x0x7ff7bfe9402e]
	(No symbol) [0x0x7ff7bfeaa3e1]
	(No symbol) [0x0x7ff7bfeb153a]
	(No symbol) [0x0x7ff7bfe85b2d]
	(No symbol) [0x0x7ff7bfeaa115]
	(No symbol) [0x0x7ff7bff41568]
	(No symbol) [0x0x7ff7bff18963]
	(No symbol) [0x0x7ff7bfee16b1]
	(No symbol) [0x0x7ff7bfee2443]
	GetHandleVerifier [0x0x7ff7c03b4eed+3061101]
	GetHandleVerifier [0x0x7ff7c03af33d+3037629]
	GetHandleVerifier [0x0x7ff7c03ce592+3165202]
	GetHandleVerifier [0x0x7ff7c00f730e+186766]
	GetHandleVerifier [0x0x7ff7c00feb3f+217535]
	GetHandleVerifier [0x0x7ff7c00e59b4+114740]
	GetHandleVerifier [0x0x7ff7c00e5b69+115177]
	GetHandleVerifier [0x0x7ff7c00cc368+10728]
	BaseThreadInitThunk [0x0x7ffffdd6e8d7+23]
	RtlUserThreadStart [0x0x7ffffeb3c34c+44]

[2026-02-07T15:32:55-03:00] 2091 espectadores | Santuário Nacional AO VIVO - Você em constante Oração na Casa da Mãe - YouTube | https://www.youtube.com/watch?v=juUt-rN5CVo
[2026-02-07T15:33:04-03:00] 5822 espectadores | TV Aparecida - AO VIVO - YouTube | https://www.youtube.com/watch?v=4CAmwaFJo6k
[2026-02-07T15:35:56-03:00] 2099 espectadores | Santuário Nacional AO VIVO - Você em constante Oração na Casa da Mãe - YouTube | https://www.youtube.com/watch?v=juUt-rN5CVo
[2026-02-07T15:36:06-03:00] 5860 espectadores | TV Aparecida - AO VIVO - YouTube | https://www.youtube.com/watch?v=4CAmwaFJo6k
[2026-02-07T15:38:55-03:00] 2111 espectadores | Santuário Nacional AO VIVO - Você em constante Oração na Casa da Mãe - YouTube | https://www.youtube.com/watch?v=juUt-rN5CVo
[2026-02-07T15:39:05-03:00] 5827 espectadores | TV Aparecida - AO VIVO - YouTube | https://www.youtube.com/watch?v=4CAmwaFJo6k
[2026-02-07T15:41:54-03:00] 2081 espectadores | Santuário Nacional AO VIVO - Você em constante Oração na Casa da Mãe - YouTube | https://www.youtube.com/watch?v=juUt-rN5CVo
[2026-02-07T15:42:05-03:00] 5580 espectadores | TV Aparecida - AO VIVO - YouTube | https://www.youtube.com/watch?v=4CAmwaFJo6k
[2026-02-07T15:44:54-03:00] 2024 espectadores | Santuário Nacional AO VIVO - Você em constante Oração na Casa da Mãe - YouTube | https://www.youtube.com/watch?v=juUt-rN5CVo
[2026-02-07T15:45:04-03:00] 5482 espectadores | TV Aparecida - AO VIVO - YouTube | https://www.youtube.com/watch?v=4CAmwaFJo6k
[2026-02-07T15:47:57-03:00] 2016 espectadores | Santuário Nacional AO VIVO - Você em constante Oração na Casa da Mãe - YouTube | https://www.youtube.com/watch?v=juUt-rN5CVo
[2026-02-07T15:48:07-03:00] 5485 espectadores | TV Aparecida - AO VIVO - YouTube | https://www.youtube.com/watch?v=4CAmwaFJo6k
[2026-02-07T15:50:55-03:00] 1428 espectadores | Santuário Nacional AO VIVO - Você em constante Oração na Casa da Mãe - YouTube | https://www.youtube.com/watch?v=juUt-rN5CVo
[2026-02-07T15:51:04-03:00] 4084 espectadores | TV Aparecida - AO VIVO - YouTube | https://www.youtube.com/watch?v=4CAmwaFJo6k
[2026-02-07T15:53:57-03:00] 1128 espectadores | Santuário Nacional AO VIVO - Você em constante Oração na Casa da Mãe - YouTube | https://www.youtube.com/watch?v=juUt-rN5CVo
[2026-02-07T15:54:07-03:00] 3104 espectadores | TV Aparecida - AO VIVO - YouTube | https://www.youtube.com/watch?v=4CAmwaFJo6k
[2026-02-07T15:56:55-03:00] 986 espectadores | Santuário Nacional AO VIVO - Você em constante Oração na Casa da Mãe - YouTube | https://www.youtube.com/watch?v=juUt-rN5CVo
[2026-02-07T15:57:04-03:00] 2702 espectadores | TV Aparecida - AO VIVO - YouTube | https://www.youtube.com/watch?v=4CAmwaFJo6k
[2026-02-07T15:59:56-03:00] 896 espectadores | Santuário Nacional AO VIVO - Você em constante Oração na Casa da Mãe - YouTube | https://www.youtube.com/watch?v=juUt-rN5CVo
[2026-02-07T16:00:06-03:00] 2456 espectadores | TV Aparecida - AO VIVO - YouTube | https://www.youtube.com/watch?v=4CAmwaFJo6k
[2026-02-07T16:02:57-03:00] 838 espectadores | Santuário Nacional AO VIVO - Você em constante Oração na Casa da Mãe - YouTube | https://www.youtube.com/watch?v=juUt-rN5CVo
[2026-02-07T16:03:07-03:00] 2310 espectadores | TV Aparecida - AO VIVO - YouTube | https://www.youtube.com/watch?v=4CAmwaFJo6k
[2026-02-07T16:05:56-03:00] 810 espectadores | Santuário Nacional AO VIVO - Você em constante Oração na Casa da Mãe - YouTube | https://www.youtube.com/watch?v=juUt-rN5CVo
[2026-02-07T16:06:06-03:00] 2197 espectadores | TV Aparecida - AO VIVO - YouTube | https://www.youtube.com/watch?v=4CAmwaFJo6k
[2026-02-07T16:08:56-03:00] 785 espectadores | Santuário Nacional AO VIVO - Você em constante Oração na Casa da Mãe - YouTube | https://www.youtube.com/watch?v=juUt-rN5CVo
[2026-02-07T16:09:06-03:00] 2101 espectadores | TV Aparecida - AO VIVO - YouTube | https://www.youtube.com/watch?v=4CAmwaFJo6k
[2026-02-07T16:11:56-03:00] 748 espectadores | Santuário Nacional AO VIVO - Você em constante Oração na Casa da Mãe - YouTube | https://www.youtube.com/watch?v=juUt-rN5CVo
[2026-02-07T16:12:06-03:00] 2030 espectadores | TV Aparecida - AO VIVO - YouTube | https://www.youtube.com/watch?v=4CAmwaFJo6k
[2026-02-07T16:14:56-03:00] 699 espectadores | Santuário Nacional AO VIVO - Você em constante Oração na Casa da Mãe - YouTube | https://www.youtube.com/watch?v=juUt-rN5CVo
[2026-02-07T16:15:05-03:00] 1981 espectadores | TV Aparecida - AO VIVO - YouTube | https://www.youtube.com/watch?v=4CAmwaFJo6k
[2026-02-07T16:17:57-03:00] 656 espectadores | Santuário Nacional AO VIVO - Você em constante Oração na Casa da Mãe - YouTube | https://www.youtube.com/watch?v=juUt-rN5CVo
[2026-02-07T16:18:07-03:00] 1946 espectadores | TV Aparecida - AO VIVO - YouTube | https://www.youtube.com/watch?v=4CAmwaFJo6k
[2026-02-07T16:20:55-03:00] 656 espectadores | Santuário Nacional AO VIVO - Você em constante Oração na Casa da Mãe - YouTube | https://www.youtube.com/watch?v=juUt-rN5CVo
[2026-02-07T16:21:05-03:00] 1896 espectadores | TV Aparecida - AO VIVO - YouTube | https://www.youtube.com/watch?v=4CAmwaFJo6k
[2026-02-07T16:23:56-03:00] 632 espectadores | Santuário Nacional AO VIVO - Você em constante Oração na Casa da Mãe - YouTube | https://www.youtube.com/watch?v=juUt-rN5CVo
[2026-02-07T16:24:06-03:00] 1855 espectadores | TV Aparecida - AO VIVO - YouTube | https://www.youtube.com/watch?v=4CAmwaFJo6k
[2026-02-07T16:26:55-03:00] 626 espectadores | Santuário Nacional AO VIVO - Você em constante Oração na Casa da Mãe - YouTube | https://www.youtube.com/watch?v=juUt-rN5CVo
[2026-02-07T16:27:05-03:00] 1808 espectadores | TV Aparecida - AO VIVO - YouTube | https://www.youtube.com/watch?v=4CAmwaFJo6k
[2026-02-07T16:29:57-03:00] 597 espectadores | Santuário Nacional AO VIVO - Você em constante Oração na Casa da Mãe - YouTube | https://www.youtube.com/watch?v=juUt-rN5CVo
[2026-02-07T16:30:07-03:00] 1796 espectadores | TV Aparecida - AO VIVO - YouTube | https://www.youtube.com/watch?v=4CAmwaFJo6k
[2026-02-07T16:32:54-03:00] 587 espectadores | Santuário Nacional AO VIVO - Você em constante Oração na Casa da Mãe - YouTube | https://www.youtube.com/watch?v=juUt-rN5CVo
[2026-02-07T16:33:04-03:00] 1794 espectadores | TV Aparecida - AO VIVO - YouTube | https://www.youtube.com/watch?v=4CAmwaFJo6k
[2026-02-07T16:35:58-03:00] 572 espectadores | Santuário Nacional AO VIVO - Você em constante Oração na Casa da Mãe - YouTube | https://www.youtube.com/watch?v=juUt-rN5CVo
[2026-02-07T16:36:07-03:00] 1788 espectadores | TV Aparecida - AO VIVO - YouTube | https://www.youtube.com/watch?v=4CAmwaFJo6k
[2026-02-07T16:38:56-03:00] 542 espectadores | Santuário Nacional AO VIVO - Você em constante Oração na Casa da Mãe - YouTube | https://www.youtube.com/watch?v=juUt-rN5CVo
[2026-02-07T16:39:06-03:00] 1760 espectadores | TV Aparecida - AO VIVO - YouTube | https://www.youtube.com/watch?v=4CAmwaFJo6k
[2026-02-07T16:41:56-03:00] 547 espectadores | Santuário Nacional AO VIVO - Você em constante Oração na Casa da Mãe - YouTube | https://www.youtube.com/watch?v=juUt-rN5CVo
[2026-02-07T16:42:06-03:00] 1751 espectadores | TV Aparecida - AO VIVO - YouTube | https://www.youtube.com/watch?v=4CAmwaFJo6k
[2026-02-07T16:44:57-03:00] 551 espectadores | Santuário Nacional AO VIVO - Você em constante Oração na Casa da Mãe - YouTube | https://www.youtube.com/watch?v=juUt-rN5CVo
[2026-02-07T16:45:07-03:00] 1762 espectadores | TV Aparecida - AO VIVO - YouTube | https://www.youtube.com/watch?v=4CAmwaFJo6k
[2026-02-07T16:47:55-03:00] 550 espectadores | Santuário Nacional AO VIVO - Você em constante Oração na Casa da Mãe - YouTube | https://www.youtube.com/watch?v=juUt-rN5CVo
[2026-02-07T16:48:05-03:00] 1753 espectadores | TV Aparecida - AO VIVO - YouTube | https://www.youtube.com/watch?v=4CAmwaFJo6k
[2026-02-07T16:50:54-03:00] 544 espectadores | Santuário Nacional AO VIVO - Você em constante Oração na Casa da Mãe - YouTube | https://www.youtube.com/watch?v=juUt-rN5CVo
[2026-02-07T16:51:04-03:00] 1765 espectadores | TV Aparecida - AO VIVO - YouTube | https://www.youtube.com/watch?v=4CAmwaFJo6k
[2026-02-07T16:53:56-03:00] 552 espectadores | Santuário Nacional AO VIVO - Você em constante Oração na Casa da Mãe - YouTube | https://www.youtube.com/watch?v=juUt-rN5CVo
[2026-02-07T16:54:06-03:00] 1729 espectadores | TV Aparecida - AO VIVO - YouTube | https://www.youtube.com/watch?v=4CAmwaFJo6k
[2026-02-07T16:56:55-03:00] 539 espectadores | Santuário Nacional AO VIVO - Você em constante Oração na Casa da Mãe - YouTube | https://www.youtube.com/watch?v=juUt-rN5CVo
[2026-02-07T16:57:05-03:00] 1709 espectadores | TV Aparecida - AO VIVO - YouTube | https://www.youtube.com/watch?v=4CAmwaFJo6k
[2026-02-07T16:59:57-03:00] 535 espectadores | Santuário Nacional AO VIVO - Você em constante Oração na Casa da Mãe - YouTube | https://www.youtube.com/watch?v=juUt-rN5CVo
[2026-02-07T17:00:07-03:00] 1746 espectadores | TV Aparecida - AO VIVO - YouTube | https://www.youtube.com/watch?v=4CAmwaFJo6k
[2026-02-07T17:02:54-03:00] 525 espectadores | Santuário Nacional AO VIVO - Você em constante Oração na Casa da Mãe - YouTube | https://www.youtube.com/watch?v=juUt-rN5CVo
[2026-02-07T17:03:04-03:00] 1776 espectadores | TV Aparecida - AO VIVO - YouTube | https://www.youtube.com/watch?v=4CAmwaFJo6k
[2026-02-07T17:06:00-03:00] 521 espectadores | Santuário Nacional AO VIVO - Você em constante Oração na Casa da Mãe - YouTube | https://www.youtube.com/watch?v=juUt-rN5CVo
[2026-02-07T17:06:10-03:00] 1767 espectadores | TV Aparecida - AO VIVO - YouTube | https://www.youtube.com/watch?v=4CAmwaFJo6k
[2026-02-07T17:08:55-03:00] 526 espectadores | Santuário Nacional AO VIVO - Você em constante Oração na Casa da Mãe - YouTube | https://www.youtube.com/watch?v=juUt-rN5CVo
[2026-02-07T17:09:05-03:00] 1799 espectadores | TV Aparecida - AO VIVO - YouTube | https://www.youtube.com/watch?v=4CAmwaFJo6k
[2026-02-07T17:11:56-03:00] 519 espectadores | Santuário Nacional AO VIVO - Você em constante Oração na Casa da Mãe - YouTube | https://www.youtube.com/watch?v=juUt-rN5CVo
[2026-02-07T17:12:06-03:00] 1839 espectadores | TV Aparecida - AO VIVO - YouTube | https://www.youtube.com/watch?v=4CAmwaFJo6k
[2026-02-07T17:14:55-03:00] 508 espectadores | Santuário Nacional AO VIVO - Você em constante Oração na Casa da Mãe - YouTube | https://www.youtube.com/watch?v=juUt-rN5CVo
[2026-02-07T17:15:05-03:00] 1880 espectadores | TV Aparecida - AO VIVO - YouTube | https://www.youtube.com/watch?v=4CAmwaFJo6k
[2026-02-07T17:17:57-03:00] 525 espectadores | Santuário Nacional AO VIVO - Você em constante Oração na Casa da Mãe - YouTube | https://www.youtube.com/watch?v=juUt-rN5CVo
[2026-02-07T17:18:06-03:00] 1935 espectadores | TV Aparecida - AO VIVO - YouTube | https://www.youtube.com/watch?v=4CAmwaFJo6k
[2026-02-07T17:20:56-03:00] 541 espectadores | Santuário Nacional AO VIVO - Você em constante Oração na Casa da Mãe - YouTube | https://www.youtube.com/watch?v=juUt-rN5CVo
[2026-02-07T17:21:06-03:00] 1975 espectadores | TV Aparecida - AO VIVO - YouTube | https://www.youtube.com/watch?v=4CAmwaFJo6k
[2026-02-07T17:23:55-03:00] 548 espectadores | Santuário Nacional AO VIVO - Você em constante Oração na Casa da Mãe - YouTube | https://www.youtube.com/watch?v=juUt-rN5CVo
[2026-02-07T17:24:05-03:00] 2034 espectadores | TV Aparecida - AO VIVO - YouTube | https://www.youtube.com/watch?v=4CAmwaFJo6k
[2026-02-07T17:26:55-03:00] 585 espectadores | Santuário Nacional AO VIVO - Você em constante Oração na Casa da Mãe - YouTube | https://www.youtube.com/watch?v=juUt-rN5CVo
[2026-02-07T17:27:04-03:00] 2061 espectadores | TV Aparecida - AO VIVO - YouTube | https://www.youtube.com/watch?v=4CAmwaFJo6k
[2026-02-07T17:29:57-03:00] 605 espectadores | Santuário Nacional AO VIVO - Você em constante Oração na Casa da Mãe - YouTube | https://www.youtube.com/watch?v=juUt-rN5CVo
[2026-02-07T17:30:06-03:00] 2152 espectadores | TV Aparecida - AO VIVO - YouTube | https://www.youtube.com/watch?v=4CAmwaFJo6k
[2026-02-07T17:32:55-03:00] 640 espectadores | Santuário Nacional AO VIVO - Você em constante Oração na Casa da Mãe - YouTube | https://www.youtube.com/watch?v=juUt-rN5CVo
[2026-02-07T17:33:04-03:00] 2236 espectadores | TV Aparecida - AO VIVO - YouTube | https://www.youtube.com/watch?v=4CAmwaFJo6k
[2026-02-07T17:35:55-03:00] 653 espectadores | Santuário Nacional AO VIVO - Você em constante Oração na Casa da Mãe - YouTube | https://www.youtube.com/watch?v=juUt-rN5CVo
[2026-02-07T17:36:05-03:00] 2309 espectadores | TV Aparecida - AO VIVO - YouTube | https://www.youtube.com/watch?v=4CAmwaFJo6k
[2026-02-07T17:38:55-03:00] 709 espectadores | Santuário Nacional AO VIVO - Você em constante Oração na Casa da Mãe - YouTube | https://www.youtube.com/watch?v=juUt-rN5CVo
[2026-02-07T17:39:05-03:00] 2459 espectadores | TV Aparecida - AO VIVO - YouTube | https://www.youtube.com/watch?v=4CAmwaFJo6k
[2026-02-07T17:41:59-03:00] 737 espectadores | Santuário Nacional AO VIVO - Você em constante Oração na Casa da Mãe - YouTube | https://www.youtube.com/watch?v=juUt-rN5CVo
[2026-02-07T17:42:09-03:00] 2584 espectadores | TV Aparecida - AO VIVO - YouTube | https://www.youtube.com/watch?v=4CAmwaFJo6k
[2026-02-07T17:44:55-03:00] 824 espectadores | Santuário Nacional AO VIVO - Você em constante Oração na Casa da Mãe - YouTube | https://www.youtube.com/watch?v=juUt-rN5CVo
[2026-02-07T17:45:05-03:00] 2761 espectadores | TV Aparecida - AO VIVO - YouTube | https://www.youtube.com/watch?v=4CAmwaFJo6k
[2026-02-07T17:47:56-03:00] 909 espectadores | Santuário Nacional AO VIVO - Você em constante Oração na Casa da Mãe - YouTube | https://www.youtube.com/watch?v=juUt-rN5CVo
[2026-02-07T17:48:06-03:00] 2977 espectadores | TV Aparecida - AO VIVO - YouTube | https://www.youtube.com/watch?v=4CAmwaFJo6k
[2026-02-07T17:50:56-03:00] 1064 espectadores | Santuário Nacional AO VIVO - Você em constante Oração na Casa da Mãe - YouTube | https://www.youtube.com/watch?v=juUt-rN5CVo
[2026-02-07T17:51:06-03:00] 3305 espectadores | TV Aparecida - AO VIVO - YouTube | https://www.youtube.com/watch?v=4CAmwaFJo6k
[2026-02-07T17:53:56-03:00] 1202 espectadores | Santuário Nacional AO VIVO - Você em constante Oração na Casa da Mãe - YouTube | https://www.youtube.com/watch?v=juUt-rN5CVo
[2026-02-07T17:54:06-03:00] 3841 espectadores | TV Aparecida - AO VIVO - YouTube | https://www.youtube.com/watch?v=4CAmwaFJo6k
[2026-02-07T17:56:54-03:00] 1434 espectadores | Santuário Nacional AO VIVO - Você em constante Oração na Casa da Mãe - YouTube | https://www.youtube.com/watch?v=juUt-rN5CVo
[2026-02-07T17:57:03-03:00] 4706 espectadores | TV Aparecida - AO VIVO - YouTube | https://www.youtube.com/watch?v=4CAmwaFJo6k
[2026-02-07T17:59:54-03:00] 1856 espectadores | Santuário Nacional AO VIVO - Você em constante Oração na Casa da Mãe - YouTube | https://www.youtube.com/watch?v=juUt-rN5CVo
[2026-02-07T18:00:04-03:00] 5633 espectadores | TV Aparecida - AO VIVO - YouTube | https://www.youtube.com/watch?v=4CAmwaFJo6k
[2026-02-07T18:02:56-03:00] 2454 espectadores | Santuário Nacional AO VIVO - Você em constante Oração na Casa da Mãe - YouTube | https://www.youtube.com/watch?v=juUt-rN5CVo
[2026-02-07T18:03:05-03:00] 7147 espectadores | TV Aparecida - AO VIVO - YouTube | https://www.youtube.com/watch?v=4CAmwaFJo6k
[2026-02-07T18:05:56-03:00] 2940 espectadores | Santuário Nacional AO VIVO - Você em constante Oração na Casa da Mãe - YouTube | https://www.youtube.com/watch?v=juUt-rN5CVo
[2026-02-07T18:06:06-03:00] 8347 espectadores | TV Aparecida - AO VIVO - YouTube | https://www.youtube.com/watch?v=4CAmwaFJo6k
[2026-02-07T18:08:54-03:00] 3304 espectadores | Santuário Nacional AO VIVO - Você em constante Oração na Casa da Mãe - YouTube | https://www.youtube.com/watch?v=juUt-rN5CVo
[2026-02-07T18:09:04-03:00] 9210 espectadores | TV Aparecida - AO VIVO - YouTube | https://www.youtube.com/watch?v=4CAmwaFJo6k
[2026-02-07T18:11:57-03:00] 3582 espectadores | Santuário Nacional AO VIVO - Você em constante Oração na Casa da Mãe - YouTube | https://www.youtube.com/watch?v=juUt-rN5CVo
[2026-02-07T18:12:08-03:00] 10000 espectadores | TV Aparecida - AO VIVO - YouTube | https://www.youtube.com/watch?v=4CAmwaFJo6k
[2026-02-07T18:14:55-03:00] 3828 espectadores | Santuário Nacional AO VIVO - Você em constante Oração na Casa da Mãe - YouTube | https://www.youtube.com/watch?v=juUt-rN5CVo
[2026-02-07T18:15:05-03:00] 10595 espectadores | TV Aparecida - AO VIVO - YouTube | https://www.youtube.com/watch?v=4CAmwaFJo6k
[2026-02-07T18:17:57-03:00] 4017 espectadores | Santuário Nacional AO VIVO - Você em constante Oração na Casa da Mãe - YouTube | https://www.youtube.com/watch?v=juUt-rN5CVo
[2026-02-07T18:18:07-03:00] 11119 espectadores | TV Aparecida - AO VIVO - YouTube | https://www.youtube.com/watch?v=4CAmwaFJo6k
[2026-02-07T18:20:54-03:00] 4191 espectadores | Santuário Nacional AO VIVO - Você em constante Oração na Casa da Mãe - YouTube | https://www.youtube.com/watch?v=juUt-rN5CVo
[2026-02-07T18:21:04-03:00] 11515 espectadores | TV Aparecida - AO VIVO - YouTube | https://www.youtube.com/watch?v=4CAmwaFJo6k
[2026-02-07T18:23:55-03:00] 4311 espectadores | Santuário Nacional AO VIVO - Você em constante Oração na Casa da Mãe - YouTube | https://www.youtube.com/watch?v=juUt-rN5CVo
[2026-02-07T18:24:05-03:00] 11900 espectadores | TV Aparecida - AO VIVO - YouTube | https://www.youtube.com/watch?v=4CAmwaFJo6k
[2026-02-07T18:26:56-03:00] 4448 espectadores | Santuário Nacional AO VIVO - Você em constante Oração na Casa da Mãe - YouTube | https://www.youtube.com/watch?v=juUt-rN5CVo
[2026-02-07T18:27:06-03:00] 12220 espectadores | TV Aparecida - AO VIVO - YouTube | https://www.youtube.com/watch?v=4CAmwaFJo6k
[2026-02-07T18:29:58-03:00] 4555 espectadores | Santuário Nacional AO VIVO - Você em constante Oração na Casa da Mãe - YouTube | https://www.youtube.com/watch?v=juUt-rN5CVo
[2026-02-07T18:30:08-03:00] 12567 espectadores | TV Aparecida - AO VIVO - YouTube | https://www.youtube.com/watch?v=4CAmwaFJo6k
[2026-02-07T18:32:55-03:00] 4664 espectadores | Santuário Nacional AO VIVO - Você em constante Oração na Casa da Mãe - YouTube | https://www.youtube.com/watch?v=juUt-rN5CVo
[2026-02-07T18:33:05-03:00] 12914 espectadores | TV Aparecida - AO VIVO - YouTube | https://www.youtube.com/watch?v=4CAmwaFJo6k
[2026-02-07T18:35:54-03:00] 4747 espectadores | Santuário Nacional AO VIVO - Você em constante Oração na Casa da Mãe - YouTube | https://www.youtube.com/watch?v=juUt-rN5CVo
[2026-02-07T18:36:04-03:00] 13247 espectadores | TV Aparecida - AO VIVO - YouTube | https://www.youtube.com/watch?v=4CAmwaFJo6k
[2026-02-07T18:38:55-03:00] 4776 espectadores | Santuário Nacional AO VIVO - Você em constante Oração na Casa da Mãe - YouTube | https://www.youtube.com/watch?v=juUt-rN5CVo
[2026-02-07T18:39:05-03:00] 13378 espectadores | TV Aparecida - AO VIVO - YouTube | https://www.youtube.com/watch?v=4CAmwaFJo6k
[2026-02-07T18:41:59-03:00] 4815 espectadores | Santuário Nacional AO VIVO - Você em constante Oração na Casa da Mãe - YouTube | https://www.youtube.com/watch?v=juUt-rN5CVo
[2026-02-07T18:42:09-03:00] 13527 espectadores | TV Aparecida - AO VIVO - YouTube | https://www.youtube.com/watch?v=4CAmwaFJo6k
[2026-02-07T18:44:56-03:00] 4881 espectadores | Santuário Nacional AO VIVO - Você em constante Oração na Casa da Mãe - YouTube | https://www.youtube.com/watch?v=juUt-rN5CVo
[2026-02-07T18:45:06-03:00] 13674 espectadores | TV Aparecida - AO VIVO - YouTube | https://www.youtube.com/watch?v=4CAmwaFJo6k
[2026-02-07T18:48:01-03:00] 4956 espectadores | Santuário Nacional AO VIVO - Você em constante Oração na Casa da Mãe - YouTube | https://www.youtube.com/watch?v=juUt-rN5CVo
[2026-02-07T18:48:11-03:00] 13890 espectadores | TV Aparecida - AO VIVO - YouTube | https://www.youtube.com/watch?v=4CAmwaFJo6k
[2026-02-07T18:50:56-03:00] 4991 espectadores | Santuário Nacional AO VIVO - Você em constante Oração na Casa da Mãe - YouTube | https://www.youtube.com/watch?v=juUt-rN5CVo
[2026-02-07T18:51:06-03:00] 14067 espectadores | TV Aparecida - AO VIVO - YouTube | https://www.youtube.com/watch?v=4CAmwaFJo6k
[2026-02-07T18:53:58-03:00] 4969 espectadores | Santuário Nacional AO VIVO - Você em constante Oração na Casa da Mãe - YouTube | https://www.youtube.com/watch?v=juUt-rN5CVo
[2026-02-07T18:54:08-03:00] 14203 espectadores | TV Aparecida - AO VIVO - YouTube | https://www.youtube.com/watch?v=4CAmwaFJo6k
[2026-02-07T18:57:01-03:00] 4987 espectadores | Santuário Nacional AO VIVO - Você em constante Oração na Casa da Mãe - YouTube | https://www.youtube.com/watch?v=juUt-rN5CVo
[2026-02-07T18:57:11-03:00] 14392 espectadores | TV Aparecida - AO VIVO - YouTube | https://www.youtube.com/watch?v=4CAmwaFJo6k
[2026-02-07T19:00:01-03:00] 0 espectadores | Santuário Nacional AO VIVO - Você em constante Oração na Casa da Mãe - YouTube | https://www.youtube.com/watch?v=juUt-rN5CVo
[2026-02-07T19:00:11-03:00] 14766 espectadores | TV Aparecida - AO VIVO - YouTube | https://www.youtube.com/watch?v=4CAmwaFJo6k
[2026-02-07T19:02:57-03:00] 3209 espectadores | Santuário Nacional AO VIVO - Você em constante Oração na Casa da Mãe - YouTube | https://www.youtube.com/watch?v=juUt-rN5CVo
[2026-02-07T19:03:07-03:00] 11642 espectadores | TV Aparecida - AO VIVO - YouTube | https://www.youtube.com/watch?v=4CAmwaFJo6k
[2026-02-07T19:06:18-03:00] FALHA: Message: timeout: Timed out receiving message from renderer: 28.950
  (Session info: chrome=137.0.7151.69)
Stacktrace:
	GetHandleVerifier [0x0x7ff7c00dcda5+78885]
	GetHandleVerifier [0x0x7ff7c00dce00+78976]
	(No symbol) [0x0x7ff7bfe99bca]
	(No symbol) [0x0x7ff7bfe8706c]
	(No symbol) [0x0x7ff7bfe86d5a]
	(No symbol) [0x0x7ff7bfe8492f]
	(No symbol) [0x0x7ff7bfe8538f]
	(No symbol) [0x0x7ff7bfe9402e]
	(No symbol) [0x0x7ff7bfeaa3e1]
	(No symbol) [0x0x7ff7bfeb153a]
	(No symbol) [0x0x7ff7bfe85b2d]
	(No symbol) [0x0x7ff7bfeaa115]
	(No symbol) [0x0x7ff7bff41568]
	(No symbol) [0x0x7ff7bff18963]
	(No symbol) [0x0x7ff7bfee16b1]
	(No symbol) [0x0x7ff7bfee2443]
	GetHandleVerifier [0x0x7ff7c03b4eed+3061101]
	GetHandleVerifier [0x0x7ff7c03af33d+3037629]
	GetHandleVerifier [0x0x7ff7c03ce592+3165202]
	GetHandleVerifier [0x0x7ff7c00f730e+186766]
	GetHandleVerifier [0x0x7ff7c00feb3f+217535]
	GetHandleVerifier [0x0x7ff7c00e59b4+114740]
	GetHandleVerifier [0x0x7ff7c00e5b69+115177]
	GetHandleVerifier [0x0x7ff7c00cc368+10728]
	BaseThreadInitThunk [0x0x7ffffdd6e8d7+23]
	RtlUserThreadStart [0x0x7ffffeb3c34c+44]

[2026-02-07T19:06:52-03:00] 10 espectadores | TV Aparecida - AO VIVO - YouTube | https://www.youtube.com/watch?v=4CAmwaFJo6k
[2026-02-07T19:09:23-03:00] 1689 espectadores | Santuário Nacional AO VIVO - Você em constante Oração na Casa da Mãe - YouTube | https://www.youtube.com/watch?v=juUt-rN5CVo
[2026-02-07T19:09:32-03:00] 11032 espectadores | TV Aparecida - AO VIVO - YouTube | https://www.youtube.com/watch?v=4CAmwaFJo6k
[2026-02-07T19:11:57-03:00] 1500 espectadores | Santuário Nacional AO VIVO - Você em constante Oração na Casa da Mãe - YouTube | https://www.youtube.com/watch?v=juUt-rN5CVo
[2026-02-07T19:12:07-03:00] 11060 espectadores | TV Aparecida - AO VIVO - YouTube | https://www.youtube.com/watch?v=4CAmwaFJo6k
[2026-02-07T19:14:56-03:00] 1334 espectadores | Santuário Nacional AO VIVO - Você em constante Oração na Casa da Mãe - YouTube | https://www.youtube.com/watch?v=juUt-rN5CVo
[2026-02-07T19:15:05-03:00] 11169 espectadores | TV Aparecida - AO VIVO - YouTube | https://www.youtube.com/watch?v=4CAmwaFJo6k
[2026-02-07T19:17:57-03:00] 1202 espectadores | Santuário Nacional AO VIVO - Você em constante Oração na Casa da Mãe - YouTube | https://www.youtube.com/watch?v=juUt-rN5CVo
[2026-02-07T19:18:07-03:00] 11269 espectadores | TV Aparecida - AO VIVO - YouTube | https://www.youtube.com/watch?v=4CAmwaFJo6k
[2026-02-07T19:20:54-03:00] 1124 espectadores | Santuário Nacional AO VIVO - Você em constante Oração na Casa da Mãe - YouTube | https://www.youtube.com/watch?v=juUt-rN5CVo
[2026-02-07T19:21:04-03:00] 11325 espectadores | TV Aparecida - AO VIVO - YouTube | https://www.youtube.com/watch?v=4CAmwaFJo6k
[2026-02-07T19:23:54-03:00] 1035 espectadores | Santuário Nacional AO VIVO - Você em constante Oração na Casa da Mãe - YouTube | https://www.youtube.com/watch?v=juUt-rN5CVo
[2026-02-07T19:24:04-03:00] 11363 espectadores | TV Aparecida - AO VIVO - YouTube | https://www.youtube.com/watch?v=4CAmwaFJo6k
[2026-02-07T19:26:54-03:00] 976 espectadores | Santuário Nacional AO VIVO - Você em constante Oração na Casa da Mãe - YouTube | https://www.youtube.com/watch?v=juUt-rN5CVo
[2026-02-07T19:27:04-03:00] 11399 espectadores | TV Aparecida - AO VIVO - YouTube | https://www.youtube.com/watch?v=4CAmwaFJo6k
[2026-02-07T19:29:54-03:00] 930 espectadores | Santuário Nacional AO VIVO - Você em constante Oração na Casa da Mãe - YouTube | https://www.youtube.com/watch?v=juUt-rN5CVo
[2026-02-07T19:30:05-03:00] 11471 espectadores | TV Aparecida - AO VIVO - YouTube | https://www.youtube.com/watch?v=4CAmwaFJo6k
[2026-02-07T19:32:54-03:00] 885 espectadores | Santuário Nacional AO VIVO - Você em constante Oração na Casa da Mãe - YouTube | https://www.youtube.com/watch?v=juUt-rN5CVo
[2026-02-07T19:33:04-03:00] 10880 espectadores | TV Aparecida - AO VIVO - YouTube | https://www.youtube.com/watch?v=4CAmwaFJo6k
[2026-02-07T19:35:56-03:00] 850 espectadores | Santuário Nacional AO VIVO - Você em constante Oração na Casa da Mãe - YouTube | https://www.youtube.com/watch?v=juUt-rN5CVo
[2026-02-07T19:36:05-03:00] 7099 espectadores | TV Aparecida - AO VIVO - YouTube | https://www.youtube.com/watch?v=4CAmwaFJo6k
[2026-02-07T19:38:54-03:00] 822 espectadores | Santuário Nacional AO VIVO - Você em constante Oração na Casa da Mãe - YouTube | https://www.youtube.com/watch?v=juUt-rN5CVo
[2026-02-07T19:39:03-03:00] 6326 espectadores | TV Aparecida - AO VIVO - YouTube | https://www.youtube.com/watch?v=4CAmwaFJo6k
[2026-02-07T19:41:58-03:00] 776 espectadores | Santuário Nacional AO VIVO - Você em constante Oração na Casa da Mãe - YouTube | https://www.youtube.com/watch?v=juUt-rN5CVo
[2026-02-07T19:42:08-03:00] 5968 espectadores | TV Aparecida - AO VIVO - YouTube | https://www.youtube.com/watch?v=4CAmwaFJo6k
[2026-02-07T19:44:54-03:00] 750 espectadores | Santuário Nacional AO VIVO - Você em constante Oração na Casa da Mãe - YouTube | https://www.youtube.com/watch?v=juUt-rN5CVo
[2026-02-07T19:45:03-03:00] 5726 espectadores | TV Aparecida - AO VIVO - YouTube | https://www.youtube.com/watch?v=4CAmwaFJo6k
[2026-02-07T19:47:55-03:00] 738 espectadores | Santuário Nacional AO VIVO - Você em constante Oração na Casa da Mãe - YouTube | https://www.youtube.com/watch?v=juUt-rN5CVo
[2026-02-07T19:48:05-03:00] 5514 espectadores | TV Aparecida - AO VIVO - YouTube | https://www.youtube.com/watch?v=4CAmwaFJo6k
[2026-02-07T19:50:54-03:00] 699 espectadores | Santuário Nacional AO VIVO - Você em constante Oração na Casa da Mãe - YouTube | https://www.youtube.com/watch?v=juUt-rN5CVo
[2026-02-07T19:51:04-03:00] 5295 espectadores | TV Aparecida - AO VIVO - YouTube | https://www.youtube.com/watch?v=4CAmwaFJo6k
[2026-02-07T19:54:19-03:00] FALHA: Message: timeout: Timed out receiving message from renderer: 28.815
  (Session info: chrome=137.0.7151.69)
Stacktrace:
	GetHandleVerifier [0x0x7ff7c00dcda5+78885]
	GetHandleVerifier [0x0x7ff7c00dce00+78976]
	(No symbol) [0x0x7ff7bfe99bca]
	(No symbol) [0x0x7ff7bfe8706c]
	(No symbol) [0x0x7ff7bfe86d5a]
	(No symbol) [0x0x7ff7bfe8492f]
	(No symbol) [0x0x7ff7bfe8538f]
	(No symbol) [0x0x7ff7bfe9402e]
	(No symbol) [0x0x7ff7bfeaa3e1]
	(No symbol) [0x0x7ff7bfeb153a]
	(No symbol) [0x0x7ff7bfe85b2d]
	(No symbol) [0x0x7ff7bfeaa115]
	(No symbol) [0x0x7ff7bff41568]
	(No symbol) [0x0x7ff7bff18963]
	(No symbol) [0x0x7ff7bfee16b1]
	(No symbol) [0x0x7ff7bfee2443]
	GetHandleVerifier [0x0x7ff7c03b4eed+3061101]
	GetHandleVerifier [0x0x7ff7c03af33d+3037629]
	GetHandleVerifier [0x0x7ff7c03ce592+3165202]
	GetHandleVerifier [0x0x7ff7c00f730e+186766]
	GetHandleVerifier [0x0x7ff7c00feb3f+217535]
	GetHandleVerifier [0x0x7ff7c00e59b4+114740]
	GetHandleVerifier [0x0x7ff7c00e5b69+115177]
	GetHandleVerifier [0x0x7ff7c00cc368+10728]
	BaseThreadInitThunk [0x0x7ffffdd6e8d7+23]
	RtlUserThreadStart [0x0x7ffffeb3c34c+44]

[2026-02-07T19:54:28-03:00] 5109 espectadores | TV Aparecida - AO VIVO - YouTube | https://www.youtube.com/watch?v=4CAmwaFJo6k
[2026-02-07T19:56:55-03:00] 674 espectadores | Santuário Nacional AO VIVO - Você em constante Oração na Casa da Mãe - YouTube | https://www.youtube.com/watch?v=juUt-rN5CVo
[2026-02-07T19:57:05-03:00] 4901 espectadores | TV Aparecida - AO VIVO - YouTube | https://www.youtube.com/watch?v=4CAmwaFJo6k
[2026-02-07T19:59:57-03:00] 649 espectadores | Santuário Nacional AO VIVO - Você em constante Oração na Casa da Mãe - YouTube | https://www.youtube.com/watch?v=juUt-rN5CVo
[2026-02-07T20:00:07-03:00] 4760 espectadores | TV Aparecida - AO VIVO - YouTube | https://www.youtube.com/watch?v=4CAmwaFJo6k
[2026-02-07T20:02:57-03:00] 622 espectadores | Santuário Nacional AO VIVO - Você em constante Oração na Casa da Mãe - YouTube | https://www.youtube.com/watch?v=juUt-rN5CVo
[2026-02-07T20:03:06-03:00] 4689 espectadores | TV Aparecida - AO VIVO - YouTube | https://www.youtube.com/watch?v=4CAmwaFJo6k
[2026-02-07T20:05:58-03:00] 621 espectadores | Santuário Nacional AO VIVO - Você em constante Oração na Casa da Mãe - YouTube | https://www.youtube.com/watch?v=juUt-rN5CVo
[2026-02-07T20:06:08-03:00] 4677 espectadores | TV Aparecida - AO VIVO - YouTube | https://www.youtube.com/watch?v=4CAmwaFJo6k
[2026-02-07T20:08:55-03:00] 611 espectadores | Santuário Nacional AO VIVO - Você em constante Oração na Casa da Mãe - YouTube | https://www.youtube.com/watch?v=juUt-rN5CVo
[2026-02-07T20:09:05-03:00] 4614 espectadores | TV Aparecida - AO VIVO - YouTube | https://www.youtube.com/watch?v=4CAmwaFJo6k
[2026-02-07T20:12:02-03:00] 606 espectadores | Santuário Nacional AO VIVO - Você em constante Oração na Casa da Mãe - YouTube | https://www.youtube.com/watch?v=juUt-rN5CVo
[2026-02-07T20:12:11-03:00] 4506 espectadores | TV Aparecida - AO VIVO - YouTube | https://www.youtube.com/watch?v=4CAmwaFJo6k
[2026-02-07T20:15:04-03:00] 605 espectadores | Santuário Nacional AO VIVO - Você em constante Oração na Casa da Mãe - YouTube | https://www.youtube.com/watch?v=juUt-rN5CVo
[2026-02-07T20:15:35-03:00] 4409 espectadores | TV Aparecida - AO VIVO - YouTube | https://www.youtube.com/watch?v=4CAmwaFJo6k
[2026-02-07T20:18:41-03:00] 573 espectadores | Santuário Nacional AO VIVO - Você em constante Oração na Casa da Mãe - YouTube | https://www.youtube.com/watch?v=juUt-rN5CVo
[2026-02-07T20:18:55-03:00] 4359 espectadores | TV Aparecida - AO VIVO - YouTube | https://www.youtube.com/watch?v=4CAmwaFJo6k
[2026-02-07T20:21:12-03:00] 582 espectadores | Santuário Nacional AO VIVO - Você em constante Oração na Casa da Mãe - YouTube | https://www.youtube.com/watch?v=juUt-rN5CVo
[2026-02-07T20:21:43-03:00] 10 espectadores | TV Aparecida - AO VIVO - YouTube | https://www.youtube.com/watch?v=4CAmwaFJo6k
[2026-02-07T20:24:19-03:00] FALHA: Message: timeout: Timed out receiving message from renderer: 28.903
  (Session info: chrome=137.0.7151.69)
Stacktrace:
	GetHandleVerifier [0x0x7ff7c00dcda5+78885]
	GetHandleVerifier [0x0x7ff7c00dce00+78976]
	(No symbol) [0x0x7ff7bfe99bca]
	(No symbol) [0x0x7ff7bfe8706c]
	(No symbol) [0x0x7ff7bfe86d5a]
	(No symbol) [0x0x7ff7bfe8492f]
	(No symbol) [0x0x7ff7bfe8538f]
	(No symbol) [0x0x7ff7bfe9402e]
	(No symbol) [0x0x7ff7bfeaa3e1]
	(No symbol) [0x0x7ff7bfeb153a]
	(No symbol) [0x0x7ff7bfe85b2d]
	(No symbol) [0x0x7ff7bfeaa115]
	(No symbol) [0x0x7ff7bff41568]
	(No symbol) [0x0x7ff7bff18963]
	(No symbol) [0x0x7ff7bfee16b1]
	(No symbol) [0x0x7ff7bfee2443]
	GetHandleVerifier [0x0x7ff7c03b4eed+3061101]
	GetHandleVerifier [0x0x7ff7c03af33d+3037629]
	GetHandleVerifier [0x0x7ff7c03ce592+3165202]
	GetHandleVerifier [0x0x7ff7c00f730e+186766]
	GetHandleVerifier [0x0x7ff7c00feb3f+217535]
	GetHandleVerifier [0x0x7ff7c00e59b4+114740]
	GetHandleVerifier [0x0x7ff7c00e5b69+115177]
	GetHandleVerifier [0x0x7ff7c00cc368+10728]
	BaseThreadInitThunk [0x0x7ffffdd6e8d7+23]
	RtlUserThreadStart [0x0x7ffffeb3c34c+44]

[2026-02-07T20:24:47-03:00] 4309 espectadores | TV Aparecida - AO VIVO - YouTube | https://www.youtube.com/watch?v=4CAmwaFJo6k
[2026-02-07T20:27:18-03:00] FALHA: Message: timeout: Timed out receiving message from renderer: 28.575
  (Session info: chrome=137.0.7151.69)
Stacktrace:
	GetHandleVerifier [0x0x7ff7c00dcda5+78885]
	GetHandleVerifier [0x0x7ff7c00dce00+78976]
	(No symbol) [0x0x7ff7bfe99bca]
	(No symbol) [0x0x7ff7bfe8706c]
	(No symbol) [0x0x7ff7bfe86d5a]
	(No symbol) [0x0x7ff7bfe8492f]
	(No symbol) [0x0x7ff7bfe8538f]
	(No symbol) [0x0x7ff7bfe9402e]
	(No symbol) [0x0x7ff7bfeaa3e1]
	(No symbol) [0x0x7ff7bfeb153a]
	(No symbol) [0x0x7ff7bfe85b2d]
	(No symbol) [0x0x7ff7bfeaa115]
	(No symbol) [0x0x7ff7bff41568]
	(No symbol) [0x0x7ff7bff18963]
	(No symbol) [0x0x7ff7bfee16b1]
	(No symbol) [0x0x7ff7bfee2443]
	GetHandleVerifier [0x0x7ff7c03b4eed+3061101]
	GetHandleVerifier [0x0x7ff7c03af33d+3037629]
	GetHandleVerifier [0x0x7ff7c03ce592+3165202]
	GetHandleVerifier [0x0x7ff7c00f730e+186766]
	GetHandleVerifier [0x0x7ff7c00feb3f+217535]
	GetHandleVerifier [0x0x7ff7c00e59b4+114740]
	GetHandleVerifier [0x0x7ff7c00e5b69+115177]
	GetHandleVerifier [0x0x7ff7c00cc368+10728]
	BaseThreadInitThunk [0x0x7ffffdd6e8d7+23]
	RtlUserThreadStart [0x0x7ffffeb3c34c+44]

[2026-02-07T20:27:48-03:00] FALHA: Message: timeout: Timed out receiving message from renderer: 26.119
  (Session info: chrome=137.0.7151.69)
Stacktrace:
	GetHandleVerifier [0x0x7ff7c00dcda5+78885]
	GetHandleVerifier [0x0x7ff7c00dce00+78976]
	(No symbol) [0x0x7ff7bfe99bca]
	(No symbol) [0x0x7ff7bfe8706c]
	(No symbol) [0x0x7ff7bfe86d5a]
	(No symbol) [0x0x7ff7bfe8492f]
	(No symbol) [0x0x7ff7bfe8538f]
	(No symbol) [0x0x7ff7bfe9402e]
	(No symbol) [0x0x7ff7bfeaa3e1]
	(No symbol) [0x0x7ff7bfeb153a]
	(No symbol) [0x0x7ff7bfe85b2d]
	(No symbol) [0x0x7ff7bfeaa115]
	(No symbol) [0x0x7ff7bff41568]
	(No symbol) [0x0x7ff7bff18963]
	(No symbol) [0x0x7ff7bfee16b1]
	(No symbol) [0x0x7ff7bfee2443]
	GetHandleVerifier [0x0x7ff7c03b4eed+3061101]
	GetHandleVerifier [0x0x7ff7c03af33d+3037629]
	GetHandleVerifier [0x0x7ff7c03ce592+3165202]
	GetHandleVerifier [0x0x7ff7c00f730e+186766]
	GetHandleVerifier [0x0x7ff7c00feb3f+217535]
	GetHandleVerifier [0x0x7ff7c00e59b4+114740]
	GetHandleVerifier [0x0x7ff7c00e5b69+115177]
	GetHandleVerifier [0x0x7ff7c00cc368+10728]
	BaseThreadInitThunk [0x0x7ffffdd6e8d7+23]
	RtlUserThreadStart [0x0x7ffffeb3c34c+44]

[2026-02-07T20:30:19-03:00] FALHA: Message: timeout: Timed out receiving message from renderer: 29.500
  (Session info: chrome=137.0.7151.69)
Stacktrace:
	GetHandleVerifier [0x0x7ff7c00dcda5+78885]
	GetHandleVerifier [0x0x7ff7c00dce00+78976]
	(No symbol) [0x0x7ff7bfe99bca]
	(No symbol) [0x0x7ff7bfe8706c]
	(No symbol) [0x0x7ff7bfe86d5a]
	(No symbol) [0x0x7ff7bfe8492f]
	(No symbol) [0x0x7ff7bfe8538f]
	(No symbol) [0x0x7ff7bfe9402e]
	(No symbol) [0x0x7ff7bfeaa3e1]
	(No symbol) [0x0x7ff7bfeb153a]
	(No symbol) [0x0x7ff7bfe85b2d]
	(No symbol) [0x0x7ff7bfeaa115]
	(No symbol) [0x0x7ff7bff41568]
	(No symbol) [0x0x7ff7bff18963]
	(No symbol) [0x0x7ff7bfee16b1]
	(No symbol) [0x0x7ff7bfee2443]
	GetHandleVerifier [0x0x7ff7c03b4eed+3061101]
	GetHandleVerifier [0x0x7ff7c03af33d+3037629]
	GetHandleVerifier [0x0x7ff7c03ce592+3165202]
	GetHandleVerifier [0x0x7ff7c00f730e+186766]
	GetHandleVerifier [0x0x7ff7c00feb3f+217535]
	GetHandleVerifier [0x0x7ff7c00e59b4+114740]
	GetHandleVerifier [0x0x7ff7c00e5b69+115177]
	GetHandleVerifier [0x0x7ff7c00cc368+10728]
	BaseThreadInitThunk [0x0x7ffffdd6e8d7+23]
	RtlUserThreadStart [0x0x7ffffeb3c34c+44]

[2026-02-07T20:30:49-03:00] FALHA: Message: timeout: Timed out receiving message from renderer: 29.817
  (Session info: chrome=137.0.7151.69)
Stacktrace:
	GetHandleVerifier [0x0x7ff7c00dcda5+78885]
	GetHandleVerifier [0x0x7ff7c00dce00+78976]
	(No symbol) [0x0x7ff7bfe99bca]
	(No symbol) [0x0x7ff7bfe8706c]
	(No symbol) [0x0x7ff7bfe86d5a]
	(No symbol) [0x0x7ff7bfe8492f]
	(No symbol) [0x0x7ff7bfe8538f]
	(No symbol) [0x0x7ff7bfe9402e]
	(No symbol) [0x0x7ff7bfeaa3e1]
	(No symbol) [0x0x7ff7bfeb153a]
	(No symbol) [0x0x7ff7bfe85b2d]
	(No symbol) [0x0x7ff7bfeaa115]
	(No symbol) [0x0x7ff7bff41568]
	(No symbol) [0x0x7ff7bff18963]
	(No symbol) [0x0x7ff7bfee16b1]
	(No symbol) [0x0x7ff7bfee2443]
	GetHandleVerifier [0x0x7ff7c03b4eed+3061101]
	GetHandleVerifier [0x0x7ff7c03af33d+3037629]
	GetHandleVerifier [0x0x7ff7c03ce592+3165202]
	GetHandleVerifier [0x0x7ff7c00f730e+186766]
	GetHandleVerifier [0x0x7ff7c00feb3f+217535]
	GetHandleVerifier [0x0x7ff7c00e59b4+114740]
	GetHandleVerifier [0x0x7ff7c00e5b69+115177]
	GetHandleVerifier [0x0x7ff7c00cc368+10728]
	BaseThreadInitThunk [0x0x7ffffdd6e8d7+23]
	RtlUserThreadStart [0x0x7ffffeb3c34c+44]

[2026-02-07T20:33:08-03:00] 632 espectadores | Santuário Nacional AO VIVO - Você em constante Oração na Casa da Mãe - YouTube | https://www.youtube.com/watch?v=juUt-rN5CVo
[2026-02-07T20:33:41-03:00] 10 espectadores | TV Aparecida - AO VIVO - YouTube | https://www.youtube.com/watch?v=4CAmwaFJo6k
[2026-02-07T20:36:27-03:00] 10 espectadores | Santuário Nacional AO VIVO - Você em constante Oração na Casa da Mãe - YouTube | https://www.youtube.com/watch?v=juUt-rN5CVo
[2026-02-07T20:36:40-03:00] 4022 espectadores | TV Aparecida - AO VIVO - YouTube | https://www.youtube.com/watch?v=4CAmwaFJo6k
[2026-02-07T20:39:00-03:00] 620 espectadores | Santuário Nacional AO VIVO - Você em constante Oração na Casa da Mãe - YouTube | https://www.youtube.com/watch?v=juUt-rN5CVo
[2026-02-07T20:39:09-03:00] 3976 espectadores | TV Aparecida - AO VIVO - YouTube | https://www.youtube.com/watch?v=4CAmwaFJo6k
[2026-02-07T20:42:05-03:00] 639 espectadores | Santuário Nacional AO VIVO - Você em constante Oração na Casa da Mãe - YouTube | https://www.youtube.com/watch?v=juUt-rN5CVo
[2026-02-07T20:42:32-03:00] 4089 espectadores | TV Aparecida - AO VIVO - YouTube | https://www.youtube.com/watch?v=4CAmwaFJo6k
[2026-02-07T20:45:18-03:00] FALHA: Message: timeout: Timed out receiving message from renderer: 28.102
  (Session info: chrome=137.0.7151.69)
Stacktrace:
	GetHandleVerifier [0x0x7ff7c00dcda5+78885]
	GetHandleVerifier [0x0x7ff7c00dce00+78976]
	(No symbol) [0x0x7ff7bfe99bca]
	(No symbol) [0x0x7ff7bfe8706c]
	(No symbol) [0x0x7ff7bfe86d5a]
	(No symbol) [0x0x7ff7bfe8492f]
	(No symbol) [0x0x7ff7bfe8538f]
	(No symbol) [0x0x7ff7bfe9402e]
	(No symbol) [0x0x7ff7bfeaa3e1]
	(No symbol) [0x0x7ff7bfeb153a]
	(No symbol) [0x0x7ff7bfe85b2d]
	(No symbol) [0x0x7ff7bfeaa115]
	(No symbol) [0x0x7ff7bff41568]
	(No symbol) [0x0x7ff7bff18963]
	(No symbol) [0x0x7ff7bfee16b1]
	(No symbol) [0x0x7ff7bfee2443]
	GetHandleVerifier [0x0x7ff7c03b4eed+3061101]
	GetHandleVerifier [0x0x7ff7c03af33d+3037629]
	GetHandleVerifier [0x0x7ff7c03ce592+3165202]
	GetHandleVerifier [0x0x7ff7c00f730e+186766]
	GetHandleVerifier [0x0x7ff7c00feb3f+217535]
	GetHandleVerifier [0x0x7ff7c00e59b4+114740]
	GetHandleVerifier [0x0x7ff7c00e5b69+115177]
	GetHandleVerifier [0x0x7ff7c00cc368+10728]
	BaseThreadInitThunk [0x0x7ffffdd6e8d7+23]
	RtlUserThreadStart [0x0x7ffffeb3c34c+44]

[2026-02-07T20:45:48-03:00] FALHA: Message: timeout: Timed out receiving message from renderer: 29.513
  (Session info: chrome=137.0.7151.69)
Stacktrace:
	GetHandleVerifier [0x0x7ff7c00dcda5+78885]
	GetHandleVerifier [0x0x7ff7c00dce00+78976]
	(No symbol) [0x0x7ff7bfe99bca]
	(No symbol) [0x0x7ff7bfe8706c]
	(No symbol) [0x0x7ff7bfe86d5a]
	(No symbol) [0x0x7ff7bfe8492f]
	(No symbol) [0x0x7ff7bfe8538f]
	(No symbol) [0x0x7ff7bfe9402e]
	(No symbol) [0x0x7ff7bfeaa3e1]
	(No symbol) [0x0x7ff7bfeb153a]
	(No symbol) [0x0x7ff7bfe85b2d]
	(No symbol) [0x0x7ff7bfeaa115]
	(No symbol) [0x0x7ff7bff41568]
	(No symbol) [0x0x7ff7bff18963]
	(No symbol) [0x0x7ff7bfee16b1]
	(No symbol) [0x0x7ff7bfee2443]
	GetHandleVerifier [0x0x7ff7c03b4eed+3061101]
	GetHandleVerifier [0x0x7ff7c03af33d+3037629]
	GetHandleVerifier [0x0x7ff7c03ce592+3165202]
	GetHandleVerifier [0x0x7ff7c00f730e+186766]
	GetHandleVerifier [0x0x7ff7c00feb3f+217535]
	GetHandleVerifier [0x0x7ff7c00e59b4+114740]
	GetHandleVerifier [0x0x7ff7c00e5b69+115177]
	GetHandleVerifier [0x0x7ff7c00cc368+10728]
	BaseThreadInitThunk [0x0x7ffffdd6e8d7+23]
	RtlUserThreadStart [0x0x7ffffeb3c34c+44]

[2026-02-07T20:48:18-03:00] 619 espectadores | Santuário Nacional AO VIVO - Você em constante Oração na Casa da Mãe - YouTube | https://www.youtube.com/watch?v=juUt-rN5CVo
[2026-02-07T20:48:39-03:00] 4151 espectadores | TV Aparecida - AO VIVO - YouTube | https://www.youtube.com/watch?v=4CAmwaFJo6k
[2026-02-07T20:51:08-03:00] 631 espectadores | Santuário Nacional AO VIVO - Você em constante Oração na Casa da Mãe - YouTube | https://www.youtube.com/watch?v=juUt-rN5CVo
[2026-02-07T20:51:21-03:00] 4192 espectadores | TV Aparecida - AO VIVO - YouTube | https://www.youtube.com/watch?v=4CAmwaFJo6k
[2026-02-07T20:54:19-03:00] FALHA: Message: timeout: Timed out receiving message from renderer: -0.004
  (Session info: chrome=137.0.7151.69)
Stacktrace:
	GetHandleVerifier [0x0x7ff7c00dcda5+78885]
	GetHandleVerifier [0x0x7ff7c00dce00+78976]
	(No symbol) [0x0x7ff7bfe99bca]
	(No symbol) [0x0x7ff7bfe8706c]
	(No symbol) [0x0x7ff7bfe86d5a]
	(No symbol) [0x0x7ff7bfe8492f]
	(No symbol) [0x0x7ff7bfe8538f]
	(No symbol) [0x0x7ff7bfe9402e]
	(No symbol) [0x0x7ff7bfeaa3e1]
	(No symbol) [0x0x7ff7bfeb153a]
	(No symbol) [0x0x7ff7bfe85b2d]
	(No symbol) [0x0x7ff7bfeaa115]
	(No symbol) [0x0x7ff7bff41109]
	(No symbol) [0x0x7ff7bff18963]
	(No symbol) [0x0x7ff7bfee16b1]
	(No symbol) [0x0x7ff7bfee2443]
	GetHandleVerifier [0x0x7ff7c03b4eed+3061101]
	GetHandleVerifier [0x0x7ff7c03af33d+3037629]
	GetHandleVerifier [0x0x7ff7c03ce592+3165202]
	GetHandleVerifier [0x0x7ff7c00f730e+186766]
	GetHandleVerifier [0x0x7ff7c00feb3f+217535]
	GetHandleVerifier [0x0x7ff7c00e59b4+114740]
	GetHandleVerifier [0x0x7ff7c00e5b69+115177]
	GetHandleVerifier [0x0x7ff7c00cc368+10728]
	BaseThreadInitThunk [0x0x7ffffdd6e8d7+23]
	RtlUserThreadStart [0x0x7ffffeb3c34c+44]

[2026-02-07T20:55:03-03:00] 4159 espectadores | TV Aparecida - AO VIVO - YouTube | https://www.youtube.com/watch?v=4CAmwaFJo6k
[2026-02-07T20:57:18-03:00] FALHA: Message: timeout: Timed out receiving message from renderer: 28.407
  (Session info: chrome=137.0.7151.69)
Stacktrace:
	GetHandleVerifier [0x0x7ff7c00dcda5+78885]
	GetHandleVerifier [0x0x7ff7c00dce00+78976]
	(No symbol) [0x0x7ff7bfe99bca]
	(No symbol) [0x0x7ff7bfe8706c]
	(No symbol) [0x0x7ff7bfe86d5a]
	(No symbol) [0x0x7ff7bfe8492f]
	(No symbol) [0x0x7ff7bfe8538f]
	(No symbol) [0x0x7ff7bfe9402e]
	(No symbol) [0x0x7ff7bfeaa3e1]
	(No symbol) [0x0x7ff7bfeb153a]
	(No symbol) [0x0x7ff7bfe85b2d]
	(No symbol) [0x0x7ff7bfeaa115]
	(No symbol) [0x0x7ff7bff41568]
	(No symbol) [0x0x7ff7bff18963]
	(No symbol) [0x0x7ff7bfee16b1]
	(No symbol) [0x0x7ff7bfee2443]
	GetHandleVerifier [0x0x7ff7c03b4eed+3061101]
	GetHandleVerifier [0x0x7ff7c03af33d+3037629]
	GetHandleVerifier [0x0x7ff7c03ce592+3165202]
	GetHandleVerifier [0x0x7ff7c00f730e+186766]
	GetHandleVerifier [0x0x7ff7c00feb3f+217535]
	GetHandleVerifier [0x0x7ff7c00e59b4+114740]
	GetHandleVerifier [0x0x7ff7c00e5b69+115177]
	GetHandleVerifier [0x0x7ff7c00cc368+10728]
	BaseThreadInitThunk [0x0x7ffffdd6e8d7+23]
	RtlUserThreadStart [0x0x7ffffeb3c34c+44]

[2026-02-07T20:57:48-03:00] FALHA: Message: timeout: Timed out receiving message from renderer: 27.806
  (Session info: chrome=137.0.7151.69)
Stacktrace:
	GetHandleVerifier [0x0x7ff7c00dcda5+78885]
	GetHandleVerifier [0x0x7ff7c00dce00+78976]
	(No symbol) [0x0x7ff7bfe99bca]
	(No symbol) [0x0x7ff7bfe8706c]
	(No symbol) [0x0x7ff7bfe86d5a]
	(No symbol) [0x0x7ff7bfe8492f]
	(No symbol) [0x0x7ff7bfe8538f]
	(No symbol) [0x0x7ff7bfe9402e]
	(No symbol) [0x0x7ff7bfeaa3e1]
	(No symbol) [0x0x7ff7bfeb153a]
	(No symbol) [0x0x7ff7bfe85b2d]
	(No symbol) [0x0x7ff7bfeaa115]
	(No symbol) [0x0x7ff7bff41568]
	(No symbol) [0x0x7ff7bff18963]
	(No symbol) [0x0x7ff7bfee16b1]
	(No symbol) [0x0x7ff7bfee2443]
	GetHandleVerifier [0x0x7ff7c03b4eed+3061101]
	GetHandleVerifier [0x0x7ff7c03af33d+3037629]
	GetHandleVerifier [0x0x7ff7c03ce592+3165202]
	GetHandleVerifier [0x0x7ff7c00f730e+186766]
	GetHandleVerifier [0x0x7ff7c00feb3f+217535]
	GetHandleVerifier [0x0x7ff7c00e59b4+114740]
	GetHandleVerifier [0x0x7ff7c00e5b69+115177]
	GetHandleVerifier [0x0x7ff7c00cc368+10728]
	BaseThreadInitThunk [0x0x7ffffdd6e8d7+23]
	RtlUserThreadStart [0x0x7ffffeb3c34c+44]

[2026-02-07T21:00:19-03:00] FALHA: Message: timeout: Timed out receiving message from renderer: 29.304
  (Session info: chrome=137.0.7151.69)
Stacktrace:
	GetHandleVerifier [0x0x7ff7c00dcda5+78885]
	GetHandleVerifier [0x0x7ff7c00dce00+78976]
	(No symbol) [0x0x7ff7bfe99bca]
	(No symbol) [0x0x7ff7bfe8706c]
	(No symbol) [0x0x7ff7bfe86d5a]
	(No symbol) [0x0x7ff7bfe8492f]
	(No symbol) [0x0x7ff7bfe8538f]
	(No symbol) [0x0x7ff7bfe9402e]
	(No symbol) [0x0x7ff7bfeaa3e1]
	(No symbol) [0x0x7ff7bfeb153a]
	(No symbol) [0x0x7ff7bfe85b2d]
	(No symbol) [0x0x7ff7bfeaa115]
	(No symbol) [0x0x7ff7bff41568]
	(No symbol) [0x0x7ff7bff18963]
	(No symbol) [0x0x7ff7bfee16b1]
	(No symbol) [0x0x7ff7bfee2443]
	GetHandleVerifier [0x0x7ff7c03b4eed+3061101]
	GetHandleVerifier [0x0x7ff7c03af33d+3037629]
	GetHandleVerifier [0x0x7ff7c03ce592+3165202]
	GetHandleVerifier [0x0x7ff7c00f730e+186766]
	GetHandleVerifier [0x0x7ff7c00feb3f+217535]
	GetHandleVerifier [0x0x7ff7c00e59b4+114740]
	GetHandleVerifier [0x0x7ff7c00e5b69+115177]
	GetHandleVerifier [0x0x7ff7c00cc368+10728]
	BaseThreadInitThunk [0x0x7ffffdd6e8d7+23]
	RtlUserThreadStart [0x0x7ffffeb3c34c+44]

[2026-02-07T21:00:52-03:00] 4268 espectadores | TV Aparecida - AO VIVO - YouTube | https://www.youtube.com/watch?v=4CAmwaFJo6k
[2026-02-07T21:03:11-03:00] 637 espectadores | Santuário Nacional AO VIVO - Você em constante Oração na Casa da Mãe - YouTube | https://www.youtube.com/watch?v=juUt-rN5CVo
[2026-02-07T21:03:41-03:00] FALHA: Message: timeout: Timed out receiving message from renderer: 29.768
  (Session info: chrome=137.0.7151.69)
Stacktrace:
	GetHandleVerifier [0x0x7ff7c00dcda5+78885]
	GetHandleVerifier [0x0x7ff7c00dce00+78976]
	(No symbol) [0x0x7ff7bfe99bca]
	(No symbol) [0x0x7ff7bfe8706c]
	(No symbol) [0x0x7ff7bfe86d5a]
	(No symbol) [0x0x7ff7bfe8492f]
	(No symbol) [0x0x7ff7bfe8538f]
	(No symbol) [0x0x7ff7bfe9402e]
	(No symbol) [0x0x7ff7bfeaa3e1]
	(No symbol) [0x0x7ff7bfeb153a]
	(No symbol) [0x0x7ff7bfe85b2d]
	(No symbol) [0x0x7ff7bfeaa115]
	(No symbol) [0x0x7ff7bff41568]
	(No symbol) [0x0x7ff7bff18963]
	(No symbol) [0x0x7ff7bfee16b1]
	(No symbol) [0x0x7ff7bfee2443]
	GetHandleVerifier [0x0x7ff7c03b4eed+3061101]
	GetHandleVerifier [0x0x7ff7c03af33d+3037629]
	GetHandleVerifier [0x0x7ff7c03ce592+3165202]
	GetHandleVerifier [0x0x7ff7c00f730e+186766]
	GetHandleVerifier [0x0x7ff7c00feb3f+217535]
	GetHandleVerifier [0x0x7ff7c00e59b4+114740]
	GetHandleVerifier [0x0x7ff7c00e5b69+115177]
	GetHandleVerifier [0x0x7ff7c00cc368+10728]
	BaseThreadInitThunk [0x0x7ffffdd6e8d7+23]
	RtlUserThreadStart [0x0x7ffffeb3c34c+44]

[2026-02-07T21:06:19-03:00] FALHA: Message: timeout: Timed out receiving message from renderer: 28.454
  (Session info: chrome=137.0.7151.69)
Stacktrace:
	GetHandleVerifier [0x0x7ff7c00dcda5+78885]
	GetHandleVerifier [0x0x7ff7c00dce00+78976]
	(No symbol) [0x0x7ff7bfe99bca]
	(No symbol) [0x0x7ff7bfe8706c]
	(No symbol) [0x0x7ff7bfe86d5a]
	(No symbol) [0x0x7ff7bfe8492f]
	(No symbol) [0x0x7ff7bfe8538f]
	(No symbol) [0x0x7ff7bfe9402e]
	(No symbol) [0x0x7ff7bfeaa3e1]
	(No symbol) [0x0x7ff7bfeb153a]
	(No symbol) [0x0x7ff7bfe85b2d]
	(No symbol) [0x0x7ff7bfeaa115]
	(No symbol) [0x0x7ff7bff41568]
	(No symbol) [0x0x7ff7bff18963]
	(No symbol) [0x0x7ff7bfee16b1]
	(No symbol) [0x0x7ff7bfee2443]
	GetHandleVerifier [0x0x7ff7c03b4eed+3061101]
	GetHandleVerifier [0x0x7ff7c03af33d+3037629]
	GetHandleVerifier [0x0x7ff7c03ce592+3165202]
	GetHandleVerifier [0x0x7ff7c00f730e+186766]
	GetHandleVerifier [0x0x7ff7c00feb3f+217535]
	GetHandleVerifier [0x0x7ff7c00e59b4+114740]
	GetHandleVerifier [0x0x7ff7c00e5b69+115177]
	GetHandleVerifier [0x0x7ff7c00cc368+10728]
	BaseThreadInitThunk [0x0x7ffffdd6e8d7+23]
	RtlUserThreadStart [0x0x7ffffeb3c34c+44]

[2026-02-07T21:06:49-03:00] 4298 espectadores | TV Aparecida - AO VIVO - YouTube | https://www.youtube.com/watch?v=4CAmwaFJo6k
[2026-02-07T21:09:13-03:00] 670 espectadores | Santuário Nacional AO VIVO - Você em constante Oração na Casa da Mãe - YouTube | https://www.youtube.com/watch?v=juUt-rN5CVo
[2026-02-07T21:09:43-03:00] FALHA: Message: timeout: Timed out receiving message from renderer: 29.764
  (Session info: chrome=137.0.7151.69)
Stacktrace:
	GetHandleVerifier [0x0x7ff7c00dcda5+78885]
	GetHandleVerifier [0x0x7ff7c00dce00+78976]
	(No symbol) [0x0x7ff7bfe99bca]
	(No symbol) [0x0x7ff7bfe8706c]
	(No symbol) [0x0x7ff7bfe86d5a]
	(No symbol) [0x0x7ff7bfe8492f]
	(No symbol) [0x0x7ff7bfe8538f]
	(No symbol) [0x0x7ff7bfe9402e]
	(No symbol) [0x0x7ff7bfeaa3e1]
	(No symbol) [0x0x7ff7bfeb153a]
	(No symbol) [0x0x7ff7bfe85b2d]
	(No symbol) [0x0x7ff7bfeaa115]
	(No symbol) [0x0x7ff7bff41568]
	(No symbol) [0x0x7ff7bff18963]
	(No symbol) [0x0x7ff7bfee16b1]
	(No symbol) [0x0x7ff7bfee2443]
	GetHandleVerifier [0x0x7ff7c03b4eed+3061101]
	GetHandleVerifier [0x0x7ff7c03af33d+3037629]
	GetHandleVerifier [0x0x7ff7c03ce592+3165202]
	GetHandleVerifier [0x0x7ff7c00f730e+186766]
	GetHandleVerifier [0x0x7ff7c00feb3f+217535]
	GetHandleVerifier [0x0x7ff7c00e59b4+114740]
	GetHandleVerifier [0x0x7ff7c00e5b69+115177]
	GetHandleVerifier [0x0x7ff7c00cc368+10728]
	BaseThreadInitThunk [0x0x7ffffdd6e8d7+23]
	RtlUserThreadStart [0x0x7ffffeb3c34c+44]

[2026-02-07T21:12:19-03:00] FALHA: Message: timeout: Timed out receiving message from renderer: 20.690
  (Session info: chrome=137.0.7151.69)
Stacktrace:
	GetHandleVerifier [0x0x7ff7c00dcda5+78885]
	GetHandleVerifier [0x0x7ff7c00dce00+78976]
	(No symbol) [0x0x7ff7bfe99bca]
	(No symbol) [0x0x7ff7bfe8706c]
	(No symbol) [0x0x7ff7bfe86d5a]
	(No symbol) [0x0x7ff7bfe8492f]
	(No symbol) [0x0x7ff7bfe8538f]
	(No symbol) [0x0x7ff7bfe9402e]
	(No symbol) [0x0x7ff7bfeaa3e1]
	(No symbol) [0x0x7ff7bfeb153a]
	(No symbol) [0x0x7ff7bfe85b2d]
	(No symbol) [0x0x7ff7bfeaa115]
	(No symbol) [0x0x7ff7bff41568]
	(No symbol) [0x0x7ff7bff18963]
	(No symbol) [0x0x7ff7bfee16b1]
	(No symbol) [0x0x7ff7bfee2443]
	GetHandleVerifier [0x0x7ff7c03b4eed+3061101]
	GetHandleVerifier [0x0x7ff7c03af33d+3037629]
	GetHandleVerifier [0x0x7ff7c03ce592+3165202]
	GetHandleVerifier [0x0x7ff7c00f730e+186766]
	GetHandleVerifier [0x0x7ff7c00feb3f+217535]
	GetHandleVerifier [0x0x7ff7c00e59b4+114740]
	GetHandleVerifier [0x0x7ff7c00e5b69+115177]
	GetHandleVerifier [0x0x7ff7c00cc368+10728]
	BaseThreadInitThunk [0x0x7ffffdd6e8d7+23]
	RtlUserThreadStart [0x0x7ffffeb3c34c+44]

[2026-02-07T21:12:48-03:00] 4307 espectadores | TV Aparecida - AO VIVO - YouTube | https://www.youtube.com/watch?v=4CAmwaFJo6k
[2026-02-07T21:15:18-03:00] FALHA: Message: timeout: Timed out receiving message from renderer: 28.641
  (Session info: chrome=137.0.7151.69)
Stacktrace:
	GetHandleVerifier [0x0x7ff7c00dcda5+78885]
	GetHandleVerifier [0x0x7ff7c00dce00+78976]
	(No symbol) [0x0x7ff7bfe99bca]
	(No symbol) [0x0x7ff7bfe8706c]
	(No symbol) [0x0x7ff7bfe86d5a]
	(No symbol) [0x0x7ff7bfe8492f]
	(No symbol) [0x0x7ff7bfe8538f]
	(No symbol) [0x0x7ff7bfe9402e]
	(No symbol) [0x0x7ff7bfeaa3e1]
	(No symbol) [0x0x7ff7bfeb153a]
	(No symbol) [0x0x7ff7bfe85b2d]
	(No symbol) [0x0x7ff7bfeaa115]
	(No symbol) [0x0x7ff7bff41568]
	(No symbol) [0x0x7ff7bff18963]
	(No symbol) [0x0x7ff7bfee16b1]
	(No symbol) [0x0x7ff7bfee2443]
	GetHandleVerifier [0x0x7ff7c03b4eed+3061101]
	GetHandleVerifier [0x0x7ff7c03af33d+3037629]
	GetHandleVerifier [0x0x7ff7c03ce592+3165202]
	GetHandleVerifier [0x0x7ff7c00f730e+186766]
	GetHandleVerifier [0x0x7ff7c00feb3f+217535]
	GetHandleVerifier [0x0x7ff7c00e59b4+114740]
	GetHandleVerifier [0x0x7ff7c00e5b69+115177]
	GetHandleVerifier [0x0x7ff7c00cc368+10728]
	BaseThreadInitThunk [0x0x7ffffdd6e8d7+23]
	RtlUserThreadStart [0x0x7ffffeb3c34c+44]

[2026-02-07T21:16:12-03:00] 10 espectadores | TV Aparecida - AO VIVO - YouTube | https://www.youtube.com/watch?v=4CAmwaFJo6k
[2026-02-07T21:18:20-03:00] FALHA: Message: timeout: Timed out receiving message from renderer: 28.583
  (Session info: chrome=137.0.7151.69)
Stacktrace:
	GetHandleVerifier [0x0x7ff7c00dcda5+78885]
	GetHandleVerifier [0x0x7ff7c00dce00+78976]
	(No symbol) [0x0x7ff7bfe99bca]
	(No symbol) [0x0x7ff7bfe8706c]
	(No symbol) [0x0x7ff7bfe86d5a]
	(No symbol) [0x0x7ff7bfe8492f]
	(No symbol) [0x0x7ff7bfe8538f]
	(No symbol) [0x0x7ff7bfe9402e]
	(No symbol) [0x0x7ff7bfeaa3e1]
	(No symbol) [0x0x7ff7bfeb153a]
	(No symbol) [0x0x7ff7bfe85b2d]
	(No symbol) [0x0x7ff7bfeaa115]
	(No symbol) [0x0x7ff7bff41568]
	(No symbol) [0x0x7ff7bff18963]
	(No symbol) [0x0x7ff7bfee16b1]
	(No symbol) [0x0x7ff7bfee2443]
	GetHandleVerifier [0x0x7ff7c03b4eed+3061101]
	GetHandleVerifier [0x0x7ff7c03af33d+3037629]
	GetHandleVerifier [0x0x7ff7c03ce592+3165202]
	GetHandleVerifier [0x0x7ff7c00f730e+186766]
	GetHandleVerifier [0x0x7ff7c00feb3f+217535]
	GetHandleVerifier [0x0x7ff7c00e59b4+114740]
	GetHandleVerifier [0x0x7ff7c00e5b69+115177]
	GetHandleVerifier [0x0x7ff7c00cc368+10728]
	BaseThreadInitThunk [0x0x7ffffdd6e8d7+23]
	RtlUserThreadStart [0x0x7ffffeb3c34c+44]

[2026-02-07T21:18:43-03:00] 4390 espectadores | TV Aparecida - AO VIVO - YouTube | https://www.youtube.com/watch?v=4CAmwaFJo6k
[2026-02-07T21:21:07-03:00] FALHA: [Errno 13] Permission denied: 'C:\\logs\\dados_live.csv'
[2026-02-07T21:21:16-03:00] 4335 espectadores | TV Aparecida - AO VIVO - YouTube | https://www.youtube.com/watch?v=4CAmwaFJo6k
[2026-02-07T21:27:24-03:00] 600 espectadores | Santuário Nacional AO VIVO - Você em constante Oração na Casa da Mãe - YouTube | https://www.youtube.com/watch?v=juUt-rN5CVo
[2026-02-07T21:27:34-03:00] 4232 espectadores | TV Aparecida - AO VIVO - YouTube | https://www.youtube.com/watch?v=4CAmwaFJo6k
[2026-02-07T21:29:57-03:00] 608 espectadores | Santuário Nacional AO VIVO - Você em constante Oração na Casa da Mãe - YouTube | https://www.youtube.com/watch?v=juUt-rN5CVo
[2026-02-07T21:30:06-03:00] 4199 espectadores | TV Aparecida - AO VIVO - YouTube | https://www.youtube.com/watch?v=4CAmwaFJo6k
[2026-02-07T21:32:55-03:00] 604 espectadores | Santuário Nacional AO VIVO - Você em constante Oração na Casa da Mãe - YouTube | https://www.youtube.com/watch?v=juUt-rN5CVo
[2026-02-07T21:33:04-03:00] 4262 espectadores | TV Aparecida - AO VIVO - YouTube | https://www.youtube.com/watch?v=4CAmwaFJo6k
[2026-02-07T21:35:56-03:00] 608 espectadores | Santuário Nacional AO VIVO - Você em constante Oração na Casa da Mãe - YouTube | https://www.youtube.com/watch?v=juUt-rN5CVo
[2026-02-07T21:36:06-03:00] 4206 espectadores | TV Aparecida - AO VIVO - YouTube | https://www.youtube.com/watch?v=4CAmwaFJo6k
[2026-02-07T21:38:54-03:00] 621 espectadores | Santuário Nacional AO VIVO - Você em constante Oração na Casa da Mãe - YouTube | https://www.youtube.com/watch?v=juUt-rN5CVo
[2026-02-07T21:39:03-03:00] 4256 espectadores | TV Aparecida - AO VIVO - YouTube | https://www.youtube.com/watch?v=4CAmwaFJo6k
[2026-02-07T21:41:55-03:00] 636 espectadores | Santuário Nacional AO VIVO - Você em constante Oração na Casa da Mãe - YouTube | https://www.youtube.com/watch?v=juUt-rN5CVo
[2026-02-07T21:42:05-03:00] 4263 espectadores | TV Aparecida - AO VIVO - YouTube | https://www.youtube.com/watch?v=4CAmwaFJo6k
[2026-02-07T21:44:55-03:00] 624 espectadores | Santuário Nacional AO VIVO - Você em constante Oração na Casa da Mãe - YouTube | https://www.youtube.com/watch?v=juUt-rN5CVo
[2026-02-07T21:45:04-03:00] 4319 espectadores | TV Aparecida - AO VIVO - YouTube | https://www.youtube.com/watch?v=4CAmwaFJo6k
[2026-02-07T21:47:54-03:00] 640 espectadores | Santuário Nacional AO VIVO - Você em constante Oração na Casa da Mãe - YouTube | https://www.youtube.com/watch?v=juUt-rN5CVo
[2026-02-07T21:48:03-03:00] 4325 espectadores | TV Aparecida - AO VIVO - YouTube | https://www.youtube.com/watch?v=4CAmwaFJo6k
[2026-02-07T21:50:54-03:00] 626 espectadores | Santuário Nacional AO VIVO - Você em constante Oração na Casa da Mãe - YouTube | https://www.youtube.com/watch?v=juUt-rN5CVo
[2026-02-07T21:51:04-03:00] 4198 espectadores | TV Aparecida - AO VIVO - YouTube | https://www.youtube.com/watch?v=4CAmwaFJo6k
[2026-02-07T21:53:54-03:00] 587 espectadores | Santuário Nacional AO VIVO - Você em constante Oração na Casa da Mãe - YouTube | https://www.youtube.com/watch?v=juUt-rN5CVo
[2026-02-07T21:54:04-03:00] 4120 espectadores | TV Aparecida - AO VIVO - YouTube | https://www.youtube.com/watch?v=4CAmwaFJo6k
[2026-02-07T21:56:55-03:00] 577 espectadores | Santuário Nacional AO VIVO - Você em constante Oração na Casa da Mãe - YouTube | https://www.youtube.com/watch?v=juUt-rN5CVo
[2026-02-07T21:57:04-03:00] 4107 espectadores | TV Aparecida - AO VIVO - YouTube | https://www.youtube.com/watch?v=4CAmwaFJo6k
[2026-02-07T22:00:01-03:00] 577 espectadores | Santuário Nacional AO VIVO - Você em constante Oração na Casa da Mãe - YouTube | https://www.youtube.com/watch?v=juUt-rN5CVo
[2026-02-07T22:00:11-03:00] 4042 espectadores | TV Aparecida - AO VIVO - YouTube | https://www.youtube.com/watch?v=4CAmwaFJo6k
[2026-02-07T22:02:53-03:00] 568 espectadores | Santuário Nacional AO VIVO - Você em constante Oração na Casa da Mãe - YouTube | https://www.youtube.com/watch?v=juUt-rN5CVo
[2026-02-07T22:03:03-03:00] 3994 espectadores | TV Aparecida - AO VIVO - YouTube | https://www.youtube.com/watch?v=4CAmwaFJo6k
[2026-02-07T22:05:55-03:00] 553 espectadores | Santuário Nacional AO VIVO - Você em constante Oração na Casa da Mãe - YouTube | https://www.youtube.com/watch?v=juUt-rN5CVo
[2026-02-07T22:06:05-03:00] 3974 espectadores | TV Aparecida - AO VIVO - YouTube | https://www.youtube.com/watch?v=4CAmwaFJo6k
[2026-02-07T22:08:56-03:00] 563 espectadores | Santuário Nacional AO VIVO - Você em constante Oração na Casa da Mãe - YouTube | https://www.youtube.com/watch?v=juUt-rN5CVo
[2026-02-07T22:09:06-03:00] 3927 espectadores | TV Aparecida - AO VIVO - YouTube | https://www.youtube.com/watch?v=4CAmwaFJo6k
[2026-02-07T22:11:55-03:00] 543 espectadores | Santuário Nacional AO VIVO - Você em constante Oração na Casa da Mãe - YouTube | https://www.youtube.com/watch?v=juUt-rN5CVo
[2026-02-07T22:12:04-03:00] 3858 espectadores | TV Aparecida - AO VIVO - YouTube | https://www.youtube.com/watch?v=4CAmwaFJo6k
[2026-02-07T22:14:54-03:00] 534 espectadores | Santuário Nacional AO VIVO - Você em constante Oração na Casa da Mãe - YouTube | https://www.youtube.com/watch?v=juUt-rN5CVo
[2026-02-07T22:15:03-03:00] 3798 espectadores | TV Aparecida - AO VIVO - YouTube | https://www.youtube.com/watch?v=4CAmwaFJo6k
[2026-02-07T22:17:55-03:00] 536 espectadores | Santuário Nacional AO VIVO - Você em constante Oração na Casa da Mãe - YouTube | https://www.youtube.com/watch?v=juUt-rN5CVo
[2026-02-07T22:18:05-03:00] 3790 espectadores | TV Aparecida - AO VIVO - YouTube | https://www.youtube.com/watch?v=4CAmwaFJo6k
[2026-02-07T22:20:54-03:00] 447 espectadores | Santuário Nacional AO VIVO - Você em constante Oração na Casa da Mãe - YouTube | https://www.youtube.com/watch?v=juUt-rN5CVo
[2026-02-07T22:21:04-03:00] 2885 espectadores | TV Aparecida - AO VIVO - YouTube | https://www.youtube.com/watch?v=4CAmwaFJo6k
[2026-02-07T22:23:54-03:00] 393 espectadores | Santuário Nacional AO VIVO - Você em constante Oração na Casa da Mãe - YouTube | https://www.youtube.com/watch?v=juUt-rN5CVo
[2026-02-07T22:24:04-03:00] 2355 espectadores | TV Aparecida - AO VIVO - YouTube | https://www.youtube.com/watch?v=4CAmwaFJo6k
[2026-02-07T22:26:57-03:00] 350 espectadores | Santuário Nacional AO VIVO - Você em constante Oração na Casa da Mãe - YouTube | https://www.youtube.com/watch?v=juUt-rN5CVo
[2026-02-07T22:27:07-03:00] 2214 espectadores | TV Aparecida - AO VIVO - YouTube | https://www.youtube.com/watch?v=4CAmwaFJo6k
[2026-02-07T22:29:57-03:00] 337 espectadores | Santuário Nacional AO VIVO - Você em constante Oração na Casa da Mãe - YouTube | https://www.youtube.com/watch?v=juUt-rN5CVo
[2026-02-07T22:30:06-03:00] 2085 espectadores | TV Aparecida - AO VIVO - YouTube | https://www.youtube.com/watch?v=4CAmwaFJo6k
[2026-02-07T22:32:54-03:00] 313 espectadores | Santuário Nacional AO VIVO - Você em constante Oração na Casa da Mãe - YouTube | https://www.youtube.com/watch?v=juUt-rN5CVo
[2026-02-07T22:33:04-03:00] 2000 espectadores | TV Aparecida - AO VIVO - YouTube | https://www.youtube.com/watch?v=4CAmwaFJo6k
[2026-02-07T22:35:57-03:00] 296 espectadores | Santuário Nacional AO VIVO - Você em constante Oração na Casa da Mãe - YouTube | https://www.youtube.com/watch?v=juUt-rN5CVo
[2026-02-07T22:36:06-03:00] 1938 espectadores | TV Aparecida - AO VIVO - YouTube | https://www.youtube.com/watch?v=4CAmwaFJo6k
[2026-02-07T22:38:55-03:00] 285 espectadores | Santuário Nacional AO VIVO - Você em constante Oração na Casa da Mãe - YouTube | https://www.youtube.com/watch?v=juUt-rN5CVo
[2026-02-07T22:39:05-03:00] 1892 espectadores | TV Aparecida - AO VIVO - YouTube | https://www.youtube.com/watch?v=4CAmwaFJo6k
[2026-02-07T22:42:00-03:00] 273 espectadores | Santuário Nacional AO VIVO - Você em constante Oração na Casa da Mãe - YouTube | https://www.youtube.com/watch?v=juUt-rN5CVo
[2026-02-07T22:42:24-03:00] 1784 espectadores | TV Aparecida - AO VIVO - YouTube | https://www.youtube.com/watch?v=4CAmwaFJo6k
[2026-02-07T22:44:55-03:00] 259 espectadores | Santuário Nacional AO VIVO - Você em constante Oração na Casa da Mãe - YouTube | https://www.youtube.com/watch?v=juUt-rN5CVo
[2026-02-07T22:45:04-03:00] 1720 espectadores | TV Aparecida - AO VIVO - YouTube | https://www.youtube.com/watch?v=4CAmwaFJo6k
[2026-02-07T22:47:59-03:00] 252 espectadores | Santuário Nacional AO VIVO - Você em constante Oração na Casa da Mãe - YouTube | https://www.youtube.com/watch?v=juUt-rN5CVo
[2026-02-07T22:48:09-03:00] 1669 espectadores | TV Aparecida - AO VIVO - YouTube | https://www.youtube.com/watch?v=4CAmwaFJo6k
[2026-02-07T22:50:54-03:00] 252 espectadores | Santuário Nacional AO VIVO - Você em constante Oração na Casa da Mãe - YouTube | https://www.youtube.com/watch?v=juUt-rN5CVo
[2026-02-07T22:51:04-03:00] 1604 espectadores | TV Aparecida - AO VIVO - YouTube | https://www.youtube.com/watch?v=4CAmwaFJo6k
[2026-02-07T22:53:55-03:00] 243 espectadores | Santuário Nacional AO VIVO - Você em constante Oração na Casa da Mãe - YouTube | https://www.youtube.com/watch?v=juUt-rN5CVo
[2026-02-07T22:54:05-03:00] 1559 espectadores | TV Aparecida - AO VIVO - YouTube | https://www.youtube.com/watch?v=4CAmwaFJo6k
[2026-02-07T22:56:55-03:00] 219 espectadores | Santuário Nacional AO VIVO - Você em constante Oração na Casa da Mãe - YouTube | https://www.youtube.com/watch?v=juUt-rN5CVo
[2026-02-07T22:57:05-03:00] 1495 espectadores | TV Aparecida - AO VIVO - YouTube | https://www.youtube.com/watch?v=4CAmwaFJo6k
[2026-02-07T22:59:56-03:00] 208 espectadores | Santuário Nacional AO VIVO - Você em constante Oração na Casa da Mãe - YouTube | https://www.youtube.com/watch?v=juUt-rN5CVo
[2026-02-07T23:00:06-03:00] 1428 espectadores | TV Aparecida - AO VIVO - YouTube | https://www.youtube.com/watch?v=4CAmwaFJo6k
[2026-02-07T23:02:55-03:00] 210 espectadores | Santuário Nacional AO VIVO - Você em constante Oração na Casa da Mãe - YouTube | https://www.youtube.com/watch?v=juUt-rN5CVo
[2026-02-07T23:03:05-03:00] 1383 espectadores | TV Aparecida - AO VIVO - YouTube | https://www.youtube.com/watch?v=4CAmwaFJo6k
[2026-02-07T23:05:58-03:00] 211 espectadores | Santuário Nacional AO VIVO - Você em constante Oração na Casa da Mãe - YouTube | https://www.youtube.com/watch?v=juUt-rN5CVo
[2026-02-07T23:06:07-03:00] 1346 espectadores | TV Aparecida - AO VIVO - YouTube | https://www.youtube.com/watch?v=4CAmwaFJo6k
[2026-02-07T23:08:55-03:00] 209 espectadores | Santuário Nacional AO VIVO - Você em constante Oração na Casa da Mãe - YouTube | https://www.youtube.com/watch?v=juUt-rN5CVo
[2026-02-07T23:09:05-03:00] 1309 espectadores | TV Aparecida - AO VIVO - YouTube | https://www.youtube.com/watch?v=4CAmwaFJo6k
[2026-02-07T23:11:58-03:00] 202 espectadores | Santuário Nacional AO VIVO - Você em constante Oração na Casa da Mãe - YouTube | https://www.youtube.com/watch?v=juUt-rN5CVo
[2026-02-07T23:12:07-03:00] 1278 espectadores | TV Aparecida - AO VIVO - YouTube | https://www.youtube.com/watch?v=4CAmwaFJo6k
[2026-02-07T23:14:55-03:00] 194 espectadores | Santuário Nacional AO VIVO - Você em constante Oração na Casa da Mãe - YouTube | https://www.youtube.com/watch?v=juUt-rN5CVo
[2026-02-07T23:15:05-03:00] 1257 espectadores | TV Aparecida - AO VIVO - YouTube | https://www.youtube.com/watch?v=4CAmwaFJo6k
[2026-02-07T23:17:58-03:00] 196 espectadores | Santuário Nacional AO VIVO - Você em constante Oração na Casa da Mãe - YouTube | https://www.youtube.com/watch?v=juUt-rN5CVo
[2026-02-07T23:18:08-03:00] 1203 espectadores | TV Aparecida - AO VIVO - YouTube | https://www.youtube.com/watch?v=4CAmwaFJo6k
[2026-02-07T23:20:54-03:00] 193 espectadores | Santuário Nacional AO VIVO - Você em constante Oração na Casa da Mãe - YouTube | https://www.youtube.com/watch?v=juUt-rN5CVo
[2026-02-07T23:21:04-03:00] 1184 espectadores | TV Aparecida - AO VIVO - YouTube | https://www.youtube.com/watch?v=4CAmwaFJo6k
[2026-02-07T23:24:04-03:00] 189 espectadores | Santuário Nacional AO VIVO - Você em constante Oração na Casa da Mãe - YouTube | https://www.youtube.com/watch?v=juUt-rN5CVo
[2026-02-07T23:24:13-03:00] 1156 espectadores | TV Aparecida - AO VIVO - YouTube | https://www.youtube.com/watch?v=4CAmwaFJo6k
[2026-02-07T23:26:55-03:00] 200 espectadores | Santuário Nacional AO VIVO - Você em constante Oração na Casa da Mãe - YouTube | https://www.youtube.com/watch?v=juUt-rN5CVo
[2026-02-07T23:27:05-03:00] 1109 espectadores | TV Aparecida - AO VIVO - YouTube | https://www.youtube.com/watch?v=4CAmwaFJo6k
[2026-02-07T23:29:57-03:00] 189 espectadores | Santuário Nacional AO VIVO - Você em constante Oração na Casa da Mãe - YouTube | https://www.youtube.com/watch?v=juUt-rN5CVo
[2026-02-07T23:30:07-03:00] 1088 espectadores | TV Aparecida - AO VIVO - YouTube | https://www.youtube.com/watch?v=4CAmwaFJo6k
[2026-02-07T23:32:54-03:00] 175 espectadores | Santuário Nacional AO VIVO - Você em constante Oração na Casa da Mãe - YouTube | https://www.youtube.com/watch?v=juUt-rN5CVo
[2026-02-07T23:33:04-03:00] 1065 espectadores | TV Aparecida - AO VIVO - YouTube | https://www.youtube.com/watch?v=4CAmwaFJo6k
[2026-02-07T23:35:58-03:00] 175 espectadores | Santuário Nacional AO VIVO - Você em constante Oração na Casa da Mãe - YouTube | https://www.youtube.com/watch?v=juUt-rN5CVo
[2026-02-07T23:36:08-03:00] 1049 espectadores | TV Aparecida - AO VIVO - YouTube | https://www.youtube.com/watch?v=4CAmwaFJo6k
[2026-02-07T23:38:58-03:00] 174 espectadores | Santuário Nacional AO VIVO - Você em constante Oração na Casa da Mãe - YouTube | https://www.youtube.com/watch?v=juUt-rN5CVo
[2026-02-07T23:39:08-03:00] 1011 espectadores | TV Aparecida - AO VIVO - YouTube | https://www.youtube.com/watch?v=4CAmwaFJo6k
[2026-02-07T23:41:59-03:00] 177 espectadores | Santuário Nacional AO VIVO - Você em constante Oração na Casa da Mãe - YouTube | https://www.youtube.com/watch?v=juUt-rN5CVo
[2026-02-07T23:42:09-03:00] 991 espectadores | TV Aparecida - AO VIVO - YouTube | https://www.youtube.com/watch?v=4CAmwaFJo6k
[2026-02-07T23:44:54-03:00] 175 espectadores | Santuário Nacional AO VIVO - Você em constante Oração na Casa da Mãe - YouTube | https://www.youtube.com/watch?v=juUt-rN5CVo
[2026-02-07T23:45:04-03:00] 957 espectadores | TV Aparecida - AO VIVO - YouTube | https://www.youtube.com/watch?v=4CAmwaFJo6k
[2026-02-07T23:47:56-03:00] 173 espectadores | Santuário Nacional AO VIVO - Você em constante Oração na Casa da Mãe - YouTube | https://www.youtube.com/watch?v=juUt-rN5CVo
[2026-02-07T23:48:06-03:00] 822 espectadores | TV Aparecida - AO VIVO - YouTube | https://www.youtube.com/watch?v=4CAmwaFJo6k
[2026-02-07T23:50:55-03:00] 173 espectadores | Santuário Nacional AO VIVO - Você em constante Oração na Casa da Mãe - YouTube | https://www.youtube.com/watch?v=juUt-rN5CVo
[2026-02-07T23:51:05-03:00] 765 espectadores | TV Aparecida - AO VIVO - YouTube | https://www.youtube.com/watch?v=4CAmwaFJo6k
[2026-02-07T23:53:53-03:00] 173 espectadores | Santuário Nacional AO VIVO - Você em constante Oração na Casa da Mãe - YouTube | https://www.youtube.com/watch?v=juUt-rN5CVo
[2026-02-07T23:54:03-03:00] 699 espectadores | TV Aparecida - AO VIVO - YouTube | https://www.youtube.com/watch?v=4CAmwaFJo6k
[2026-02-07T23:56:54-03:00] 176 espectadores | Santuário Nacional AO VIVO - Você em constante Oração na Casa da Mãe - YouTube | https://www.youtube.com/watch?v=juUt-rN5CVo
[2026-02-07T23:57:03-03:00] 680 espectadores | TV Aparecida - AO VIVO - YouTube | https://www.youtube.com/watch?v=4CAmwaFJo6k
[2026-02-07T23:59:54-03:00] 169 espectadores | Santuário Nacional AO VIVO - Você em constante Oração na Casa da Mãe - YouTube | https://www.youtube.com/watch?v=juUt-rN5CVo
[2026-02-08T00:00:03-03:00] 644 espectadores | TV Aparecida - AO VIVO - YouTube | https://www.youtube.com/watch?v=4CAmwaFJo6k
[2026-02-08T00:02:53-03:00] 166 espectadores | Santuário Nacional AO VIVO - Você em constante Oração na Casa da Mãe - YouTube | https://www.youtube.com/watch?v=juUt-rN5CVo
[2026-02-08T00:03:03-03:00] 616 espectadores | TV Aparecida - AO VIVO - YouTube | https://www.youtube.com/watch?v=4CAmwaFJo6k
[2026-02-08T00:05:54-03:00] 159 espectadores | Santuário Nacional AO VIVO - Você em constante Oração na Casa da Mãe - YouTube | https://www.youtube.com/watch?v=juUt-rN5CVo
[2026-02-08T00:06:03-03:00] 602 espectadores | TV Aparecida - AO VIVO - YouTube | https://www.youtube.com/watch?v=4CAmwaFJo6k
[2026-02-08T00:08:53-03:00] 158 espectadores | Santuário Nacional AO VIVO - Você em constante Oração na Casa da Mãe - YouTube | https://www.youtube.com/watch?v=juUt-rN5CVo
[2026-02-08T00:09:03-03:00] 594 espectadores | TV Aparecida - AO VIVO - YouTube | https://www.youtube.com/watch?v=4CAmwaFJo6k
[2026-02-08T00:11:55-03:00] 157 espectadores | Santuário Nacional AO VIVO - Você em constante Oração na Casa da Mãe - YouTube | https://www.youtube.com/watch?v=juUt-rN5CVo
[2026-02-08T00:12:05-03:00] 582 espectadores | TV Aparecida - AO VIVO - YouTube | https://www.youtube.com/watch?v=4CAmwaFJo6k
[2026-02-08T00:14:54-03:00] 158 espectadores | Santuário Nacional AO VIVO - Você em constante Oração na Casa da Mãe - YouTube | https://www.youtube.com/watch?v=juUt-rN5CVo
[2026-02-08T00:15:04-03:00] 560 espectadores | TV Aparecida - AO VIVO - YouTube | https://www.youtube.com/watch?v=4CAmwaFJo6k
[2026-02-08T00:17:54-03:00] 156 espectadores | Santuário Nacional AO VIVO - Você em constante Oração na Casa da Mãe - YouTube | https://www.youtube.com/watch?v=juUt-rN5CVo
[2026-02-08T00:18:04-03:00] 526 espectadores | TV Aparecida - AO VIVO - YouTube | https://www.youtube.com/watch?v=4CAmwaFJo6k
[2026-02-08T00:20:54-03:00] 156 espectadores | Santuário Nacional AO VIVO - Você em constante Oração na Casa da Mãe - YouTube | https://www.youtube.com/watch?v=juUt-rN5CVo
[2026-02-08T00:21:03-03:00] 532 espectadores | TV Aparecida - AO VIVO - YouTube | https://www.youtube.com/watch?v=4CAmwaFJo6k
[2026-02-08T00:23:54-03:00] 153 espectadores | Santuário Nacional AO VIVO - Você em constante Oração na Casa da Mãe - YouTube | https://www.youtube.com/watch?v=juUt-rN5CVo
[2026-02-08T00:24:04-03:00] 522 espectadores | TV Aparecida - AO VIVO - YouTube | https://www.youtube.com/watch?v=4CAmwaFJo6k
[2026-02-08T00:26:54-03:00] 157 espectadores | Santuário Nacional AO VIVO - Você em constante Oração na Casa da Mãe - YouTube | https://www.youtube.com/watch?v=juUt-rN5CVo
[2026-02-08T00:27:04-03:00] 512 espectadores | TV Aparecida - AO VIVO - YouTube | https://www.youtube.com/watch?v=4CAmwaFJo6k
[2026-02-08T00:29:56-03:00] 156 espectadores | Santuário Nacional AO VIVO - Você em constante Oração na Casa da Mãe - YouTube | https://www.youtube.com/watch?v=juUt-rN5CVo
[2026-02-08T00:30:06-03:00] 505 espectadores | TV Aparecida - AO VIVO - YouTube | https://www.youtube.com/watch?v=4CAmwaFJo6k
[2026-02-08T00:32:54-03:00] 159 espectadores | Santuário Nacional AO VIVO - Você em constante Oração na Casa da Mãe - YouTube | https://www.youtube.com/watch?v=juUt-rN5CVo
[2026-02-08T00:33:03-03:00] 498 espectadores | TV Aparecida - AO VIVO - YouTube | https://www.youtube.com/watch?v=4CAmwaFJo6k
[2026-02-08T00:35:54-03:00] 155 espectadores | Santuário Nacional AO VIVO - Você em constante Oração na Casa da Mãe - YouTube | https://www.youtube.com/watch?v=juUt-rN5CVo
[2026-02-08T00:36:03-03:00] 484 espectadores | TV Aparecida - AO VIVO - YouTube | https://www.youtube.com/watch?v=4CAmwaFJo6k
[2026-02-08T00:38:54-03:00] 149 espectadores | Santuário Nacional AO VIVO - Você em constante Oração na Casa da Mãe - YouTube | https://www.youtube.com/watch?v=juUt-rN5CVo
[2026-02-08T00:39:02-03:00] 488 espectadores | TV Aparecida - AO VIVO - YouTube | https://www.youtube.com/watch?v=4CAmwaFJo6k
[2026-02-08T00:41:54-03:00] 148 espectadores | Santuário Nacional AO VIVO - Você em constante Oração na Casa da Mãe - YouTube | https://www.youtube.com/watch?v=juUt-rN5CVo
[2026-02-08T00:42:04-03:00] 490 espectadores | TV Aparecida - AO VIVO - YouTube | https://www.youtube.com/watch?v=4CAmwaFJo6k
[2026-02-08T00:44:54-03:00] 142 espectadores | Santuário Nacional AO VIVO - Você em constante Oração na Casa da Mãe - YouTube | https://www.youtube.com/watch?v=juUt-rN5CVo
[2026-02-08T00:45:03-03:00] 460 espectadores | TV Aparecida - AO VIVO - YouTube | https://www.youtube.com/watch?v=4CAmwaFJo6k
[2026-02-08T00:47:54-03:00] 143 espectadores | Santuário Nacional AO VIVO - Você em constante Oração na Casa da Mãe - YouTube | https://www.youtube.com/watch?v=juUt-rN5CVo
[2026-02-08T00:48:04-03:00] 420 espectadores | TV Aparecida - AO VIVO - YouTube | https://www.youtube.com/watch?v=4CAmwaFJo6k
[2026-02-08T00:50:56-03:00] 138 espectadores | Santuário Nacional AO VIVO - Você em constante Oração na Casa da Mãe - YouTube | https://www.youtube.com/watch?v=juUt-rN5CVo
[2026-02-08T00:51:05-03:00] 405 espectadores | TV Aparecida - AO VIVO - YouTube | https://www.youtube.com/watch?v=4CAmwaFJo6k
[2026-02-08T00:53:54-03:00] 143 espectadores | Santuário Nacional AO VIVO - Você em constante Oração na Casa da Mãe - YouTube | https://www.youtube.com/watch?v=juUt-rN5CVo
[2026-02-08T00:54:03-03:00] 386 espectadores | TV Aparecida - AO VIVO - YouTube | https://www.youtube.com/watch?v=4CAmwaFJo6k
[2026-02-08T00:56:59-03:00] 142 espectadores | Santuário Nacional AO VIVO - Você em constante Oração na Casa da Mãe - YouTube | https://www.youtube.com/watch?v=juUt-rN5CVo
[2026-02-08T00:57:08-03:00] 383 espectadores | TV Aparecida - AO VIVO - YouTube | https://www.youtube.com/watch?v=4CAmwaFJo6k
[2026-02-08T00:59:54-03:00] 141 espectadores | Santuário Nacional AO VIVO - Você em constante Oração na Casa da Mãe - YouTube | https://www.youtube.com/watch?v=juUt-rN5CVo
[2026-02-08T01:00:03-03:00] 372 espectadores | TV Aparecida - AO VIVO - YouTube | https://www.youtube.com/watch?v=4CAmwaFJo6k
[2026-02-08T01:02:53-03:00] 154 espectadores | Santuário Nacional AO VIVO - Você em constante Oração na Casa da Mãe - YouTube | https://www.youtube.com/watch?v=juUt-rN5CVo
[2026-02-08T01:03:03-03:00] 375 espectadores | TV Aparecida - AO VIVO - YouTube | https://www.youtube.com/watch?v=4CAmwaFJo6k
[2026-02-08T01:05:54-03:00] 155 espectadores | Santuário Nacional AO VIVO - Você em constante Oração na Casa da Mãe - YouTube | https://www.youtube.com/watch?v=juUt-rN5CVo
[2026-02-08T01:06:03-03:00] 363 espectadores | TV Aparecida - AO VIVO - YouTube | https://www.youtube.com/watch?v=4CAmwaFJo6k
[2026-02-08T01:08:54-03:00] 155 espectadores | Santuário Nacional AO VIVO - Você em constante Oração na Casa da Mãe - YouTube | https://www.youtube.com/watch?v=juUt-rN5CVo
[2026-02-08T01:09:03-03:00] 365 espectadores | TV Aparecida - AO VIVO - YouTube | https://www.youtube.com/watch?v=4CAmwaFJo6k
[2026-02-08T01:11:57-03:00] 155 espectadores | Santuário Nacional AO VIVO - Você em constante Oração na Casa da Mãe - YouTube | https://www.youtube.com/watch?v=juUt-rN5CVo
[2026-02-08T01:12:06-03:00] 362 espectadores | TV Aparecida - AO VIVO - YouTube | https://www.youtube.com/watch?v=4CAmwaFJo6k
[2026-02-08T01:12:16-03:00] FALHA: Message: unknown error: net::ERR_NAME_NOT_RESOLVED
  (Session info: chrome=137.0.7151.69)
Stacktrace:
	GetHandleVerifier [0x0x7ff7bbbccda5+78885]
	GetHandleVerifier [0x0x7ff7bbbcce00+78976]
	(No symbol) [0x0x7ff7bb989bca]
	(No symbol) [0x0x7ff7bb9865e2]
	(No symbol) [0x0x7ff7bb977319]
	(No symbol) [0x0x7ff7bb9790c1]
	(No symbol) [0x0x7ff7bb977636]
	(No symbol) [0x0x7ff7bb977096]
	(No symbol) [0x0x7ff7bb976d5a]
	(No symbol) [0x0x7ff7bb97492f]
	(No symbol) [0x0x7ff7bb9751ac]
	(No symbol) [0x0x7ff7bb98db7a]
	(No symbol) [0x0x7ff7bba3201e]
	(No symbol) [0x0x7ff7bba08b8a]
	(No symbol) [0x0x7ff7bba3122f]
	(No symbol) [0x0x7ff7bba08963]
	(No symbol) [0x0x7ff7bb9d16b1]
	(No symbol) [0x0x7ff7bb9d2443]
	GetHandleVerifier [0x0x7ff7bbea4eed+3061101]
	GetHandleVerifier [0x0x7ff7bbe9f33d+3037629]
	GetHandleVerifier [0x0x7ff7bbebe592+3165202]
	GetHandleVerifier [0x0x7ff7bbbe730e+186766]
	GetHandleVerifier [0x0x7ff7bbbeeb3f+217535]
	GetHandleVerifier [0x0x7ff7bbbd59b4+114740]
	GetHandleVerifier [0x0x7ff7bbbd5b69+115177]
	GetHandleVerifier [0x0x7ff7bbbbc368+10728]
	BaseThreadInitThunk [0x0x7ffce368e8d7+23]
	RtlUserThreadStart [0x0x7ffce47dc34c+44]

[2026-02-08T01:12:24-03:00] [daily-email] Envio OK para anderson.vieira@a12.com
[2026-02-08T01:12:24-03:00] [daily-email] CSV limpo após envio.
[2026-02-08T01:12:24-03:00] [backup] Gerado: C:\logs\__daily_snapshot_2026-02-08_dados_live.csv
[2026-02-08T07:32:55-03:00] 1750 espectadores | Santuário Nacional AO VIVO - Você em constante Oração na Casa da Mãe - YouTube | https://www.youtube.com/watch?v=juUt-rN5CVo
[2026-02-08T07:33:05-03:00] 2509 espectadores | TV Aparecida - AO VIVO - YouTube | https://www.youtube.com/watch?v=4CAmwaFJo6k
[2026-02-08T07:36:11-03:00] 1827 espectadores | Santuário Nacional AO VIVO - Você em constante Oração na Casa da Mãe - YouTube | https://www.youtube.com/watch?v=juUt-rN5CVo
[2026-02-08T07:36:20-03:00] 2758 espectadores | TV Aparecida - AO VIVO - YouTube | https://www.youtube.com/watch?v=4CAmwaFJo6k
[2026-02-08T07:38:59-03:00] 1989 espectadores | Santuário Nacional AO VIVO - Você em constante Oração na Casa da Mãe - YouTube | https://www.youtube.com/watch?v=juUt-rN5CVo
[2026-02-08T07:39:08-03:00] 2962 espectadores | TV Aparecida - AO VIVO - YouTube | https://www.youtube.com/watch?v=4CAmwaFJo6k
[2026-02-08T07:41:54-03:00] 2119 espectadores | Santuário Nacional AO VIVO - Você em constante Oração na Casa da Mãe - YouTube | https://www.youtube.com/watch?v=juUt-rN5CVo
[2026-02-08T07:42:04-03:00] 3269 espectadores | TV Aparecida - AO VIVO - YouTube | https://www.youtube.com/watch?v=4CAmwaFJo6k
[2026-02-08T07:44:54-03:00] 2371 espectadores | Santuário Nacional AO VIVO - Você em constante Oração na Casa da Mãe - YouTube | https://www.youtube.com/watch?v=juUt-rN5CVo
[2026-02-08T07:45:03-03:00] 3657 espectadores | TV Aparecida - AO VIVO - YouTube | https://www.youtube.com/watch?v=4CAmwaFJo6k
[2026-02-08T07:47:55-03:00] 2626 espectadores | Santuário Nacional AO VIVO - Você em constante Oração na Casa da Mãe - YouTube | https://www.youtube.com/watch?v=juUt-rN5CVo
[2026-02-08T07:48:04-03:00] 4120 espectadores | TV Aparecida - AO VIVO - YouTube | https://www.youtube.com/watch?v=4CAmwaFJo6k
[2026-02-08T07:50:54-03:00] 2983 espectadores | Santuário Nacional AO VIVO - Você em constante Oração na Casa da Mãe - YouTube | https://www.youtube.com/watch?v=juUt-rN5CVo
[2026-02-08T07:51:04-03:00] 4672 espectadores | TV Aparecida - AO VIVO - YouTube | https://www.youtube.com/watch?v=4CAmwaFJo6k
[2026-02-08T07:53:54-03:00] 3426 espectadores | Santuário Nacional AO VIVO - Você em constante Oração na Casa da Mãe - YouTube | https://www.youtube.com/watch?v=juUt-rN5CVo
[2026-02-08T07:54:03-03:00] 5706 espectadores | TV Aparecida - AO VIVO - YouTube | https://www.youtube.com/watch?v=4CAmwaFJo6k
[2026-02-08T07:56:53-03:00] 4138 espectadores | Santuário Nacional AO VIVO - Você em constante Oração na Casa da Mãe - YouTube | https://www.youtube.com/watch?v=juUt-rN5CVo
[2026-02-08T07:57:03-03:00] 6868 espectadores | TV Aparecida - AO VIVO - YouTube | https://www.youtube.com/watch?v=4CAmwaFJo6k
[2026-02-08T07:59:54-03:00] 5396 espectadores | Santuário Nacional AO VIVO - Você em constante Oração na Casa da Mãe - YouTube | https://www.youtube.com/watch?v=juUt-rN5CVo
[2026-02-08T08:00:04-03:00] 8410 espectadores | TV Aparecida - AO VIVO - YouTube | https://www.youtube.com/watch?v=4CAmwaFJo6k
[2026-02-08T08:02:54-03:00] 7117 espectadores | Santuário Nacional AO VIVO - Você em constante Oração na Casa da Mãe - YouTube | https://www.youtube.com/watch?v=juUt-rN5CVo
[2026-02-08T08:03:04-03:00] 10603 espectadores | TV Aparecida - AO VIVO - YouTube | https://www.youtube.com/watch?v=4CAmwaFJo6k
[2026-02-08T08:05:54-03:00] 8467 espectadores | Santuário Nacional AO VIVO - Você em constante Oração na Casa da Mãe - YouTube | https://www.youtube.com/watch?v=juUt-rN5CVo
[2026-02-08T08:06:04-03:00] 12455 espectadores | TV Aparecida - AO VIVO - YouTube | https://www.youtube.com/watch?v=4CAmwaFJo6k
[2026-02-08T08:08:55-03:00] 9365 espectadores | Santuário Nacional AO VIVO - Você em constante Oração na Casa da Mãe - YouTube | https://www.youtube.com/watch?v=juUt-rN5CVo
[2026-02-08T08:09:05-03:00] 13798 espectadores | TV Aparecida - AO VIVO - YouTube | https://www.youtube.com/watch?v=4CAmwaFJo6k
[2026-02-08T08:11:55-03:00] 10135 espectadores | Santuário Nacional AO VIVO - Você em constante Oração na Casa da Mãe - YouTube | https://www.youtube.com/watch?v=juUt-rN5CVo
[2026-02-08T08:12:04-03:00] 14877 espectadores | TV Aparecida - AO VIVO - YouTube | https://www.youtube.com/watch?v=4CAmwaFJo6k
[2026-02-08T08:15:01-03:00] 10824 espectadores | Santuário Nacional AO VIVO - Você em constante Oração na Casa da Mãe - YouTube | https://www.youtube.com/watch?v=juUt-rN5CVo
[2026-02-08T08:15:11-03:00] 15787 espectadores | TV Aparecida - AO VIVO - YouTube | https://www.youtube.com/watch?v=4CAmwaFJo6k
[2026-02-08T08:18:07-03:00] 11373 espectadores | Santuário Nacional AO VIVO - Você em constante Oração na Casa da Mãe - YouTube | https://www.youtube.com/watch?v=juUt-rN5CVo
[2026-02-08T08:18:17-03:00] 16550 espectadores | TV Aparecida - AO VIVO - YouTube | https://www.youtube.com/watch?v=4CAmwaFJo6k
[2026-02-08T08:20:57-03:00] 11750 espectadores | Santuário Nacional AO VIVO - Você em constante Oração na Casa da Mãe - YouTube | https://www.youtube.com/watch?v=juUt-rN5CVo
[2026-02-08T08:21:06-03:00] 17106 espectadores | TV Aparecida - AO VIVO - YouTube | https://www.youtube.com/watch?v=4CAmwaFJo6k
[2026-02-08T08:24:04-03:00] 12036 espectadores | Santuário Nacional AO VIVO - Você em constante Oração na Casa da Mãe - YouTube | https://www.youtube.com/watch?v=juUt-rN5CVo
[2026-02-08T08:24:14-03:00] 17575 espectadores | TV Aparecida - AO VIVO - YouTube | https://www.youtube.com/watch?v=4CAmwaFJo6k
[2026-02-08T08:26:54-03:00] 12342 espectadores | Santuário Nacional AO VIVO - Você em constante Oração na Casa da Mãe - YouTube | https://www.youtube.com/watch?v=juUt-rN5CVo
[2026-02-08T08:27:04-03:00] 17914 espectadores | TV Aparecida - AO VIVO - YouTube | https://www.youtube.com/watch?v=4CAmwaFJo6k
[2026-02-08T08:29:56-03:00] 12653 espectadores | Santuário Nacional AO VIVO - Você em constante Oração na Casa da Mãe - YouTube | https://www.youtube.com/watch?v=juUt-rN5CVo
[2026-02-08T08:30:05-03:00] 18225 espectadores | TV Aparecida - AO VIVO - YouTube | https://www.youtube.com/watch?v=4CAmwaFJo6k
[2026-02-08T08:32:56-03:00] 12836 espectadores | Santuário Nacional AO VIVO - Você em constante Oração na Casa da Mãe - YouTube | https://www.youtube.com/watch?v=juUt-rN5CVo
[2026-02-08T08:33:05-03:00] 18565 espectadores | TV Aparecida - AO VIVO - YouTube | https://www.youtube.com/watch?v=4CAmwaFJo6k
[2026-02-08T08:36:01-03:00] 12953 espectadores | Santuário Nacional AO VIVO - Você em constante Oração na Casa da Mãe - YouTube | https://www.youtube.com/watch?v=juUt-rN5CVo
[2026-02-08T08:36:11-03:00] 18758 espectadores | TV Aparecida - AO VIVO - YouTube | https://www.youtube.com/watch?v=4CAmwaFJo6k
[2026-02-08T08:38:54-03:00] 12974 espectadores | Santuário Nacional AO VIVO - Você em constante Oração na Casa da Mãe - YouTube | https://www.youtube.com/watch?v=juUt-rN5CVo
[2026-02-08T08:39:04-03:00] 18914 espectadores | TV Aparecida - AO VIVO - YouTube | https://www.youtube.com/watch?v=4CAmwaFJo6k
[2026-02-08T08:41:57-03:00] 13106 espectadores | Santuário Nacional AO VIVO - Você em constante Oração na Casa da Mãe - YouTube | https://www.youtube.com/watch?v=juUt-rN5CVo
[2026-02-08T08:42:06-03:00] 19087 espectadores | TV Aparecida - AO VIVO - YouTube | https://www.youtube.com/watch?v=4CAmwaFJo6k
[2026-02-08T08:44:57-03:00] 13218 espectadores | Santuário Nacional AO VIVO - Você em constante Oração na Casa da Mãe - YouTube | https://www.youtube.com/watch?v=juUt-rN5CVo
[2026-02-08T08:45:06-03:00] 19329 espectadores | TV Aparecida - AO VIVO - YouTube | https://www.youtube.com/watch?v=4CAmwaFJo6k
[2026-02-08T08:47:55-03:00] 13248 espectadores | Santuário Nacional AO VIVO - Você em constante Oração na Casa da Mãe - YouTube | https://www.youtube.com/watch?v=juUt-rN5CVo
[2026-02-08T08:48:05-03:00] 19432 espectadores | TV Aparecida - AO VIVO - YouTube | https://www.youtube.com/watch?v=4CAmwaFJo6k
[2026-02-08T08:50:58-03:00] 13305 espectadores | Santuário Nacional AO VIVO - Você em constante Oração na Casa da Mãe - YouTube | https://www.youtube.com/watch?v=juUt-rN5CVo
[2026-02-08T08:51:08-03:00] 19426 espectadores | TV Aparecida - AO VIVO - YouTube | https://www.youtube.com/watch?v=4CAmwaFJo6k
[2026-02-08T08:53:55-03:00] 13305 espectadores | Santuário Nacional AO VIVO - Você em constante Oração na Casa da Mãe - YouTube | https://www.youtube.com/watch?v=juUt-rN5CVo
[2026-02-08T08:54:04-03:00] 19603 espectadores | TV Aparecida - AO VIVO - YouTube | https://www.youtube.com/watch?v=4CAmwaFJo6k
[2026-02-08T08:56:54-03:00] 13318 espectadores | Santuário Nacional AO VIVO - Você em constante Oração na Casa da Mãe - YouTube | https://www.youtube.com/watch?v=juUt-rN5CVo
[2026-02-08T08:57:04-03:00] 19768 espectadores | TV Aparecida - AO VIVO - YouTube | https://www.youtube.com/watch?v=4CAmwaFJo6k
[2026-02-08T08:59:58-03:00] 12633 espectadores | Santuário Nacional AO VIVO - Você em constante Oração na Casa da Mãe - YouTube | https://www.youtube.com/watch?v=juUt-rN5CVo
[2026-02-08T09:00:07-03:00] 19053 espectadores | TV Aparecida - AO VIVO - YouTube | https://www.youtube.com/watch?v=4CAmwaFJo6k
[2026-02-08T09:02:58-03:00] 7382 espectadores | Santuário Nacional AO VIVO - Você em constante Oração na Casa da Mãe - YouTube | https://www.youtube.com/watch?v=juUt-rN5CVo
[2026-02-08T09:03:07-03:00] 12136 espectadores | TV Aparecida - AO VIVO - YouTube | https://www.youtube.com/watch?v=4CAmwaFJo6k
[2026-02-08T09:05:59-03:00] 5879 espectadores | Santuário Nacional AO VIVO - Você em constante Oração na Casa da Mãe - YouTube | https://www.youtube.com/watch?v=juUt-rN5CVo
[2026-02-08T09:06:09-03:00] 10423 espectadores | TV Aparecida - AO VIVO - YouTube | https://www.youtube.com/watch?v=4CAmwaFJo6k
[2026-02-08T09:08:55-03:00] 5144 espectadores | Santuário Nacional AO VIVO - Você em constante Oração na Casa da Mãe - YouTube | https://www.youtube.com/watch?v=juUt-rN5CVo
[2026-02-08T09:09:05-03:00] 9817 espectadores | TV Aparecida - AO VIVO - YouTube | https://www.youtube.com/watch?v=4CAmwaFJo6k
[2026-02-08T09:11:56-03:00] 4542 espectadores | Santuário Nacional AO VIVO - Você em constante Oração na Casa da Mãe - YouTube | https://www.youtube.com/watch?v=juUt-rN5CVo
[2026-02-08T09:12:06-03:00] 9433 espectadores | TV Aparecida - AO VIVO - YouTube | https://www.youtube.com/watch?v=4CAmwaFJo6k
[2026-02-08T09:14:56-03:00] 4164 espectadores | Santuário Nacional AO VIVO - Você em constante Oração na Casa da Mãe - YouTube | https://www.youtube.com/watch?v=juUt-rN5CVo
[2026-02-08T09:15:06-03:00] 9024 espectadores | TV Aparecida - AO VIVO - YouTube | https://www.youtube.com/watch?v=4CAmwaFJo6k
[2026-02-08T09:17:55-03:00] 3816 espectadores | Santuário Nacional AO VIVO - Você em constante Oração na Casa da Mãe - YouTube | https://www.youtube.com/watch?v=juUt-rN5CVo
[2026-02-08T09:18:05-03:00] 8696 espectadores | TV Aparecida - AO VIVO - YouTube | https://www.youtube.com/watch?v=4CAmwaFJo6k
[2026-02-08T09:21:02-03:00] 3469 espectadores | Santuário Nacional AO VIVO - Você em constante Oração na Casa da Mãe - YouTube | https://www.youtube.com/watch?v=juUt-rN5CVo
[2026-02-08T09:21:12-03:00] 8452 espectadores | TV Aparecida - AO VIVO - YouTube | https://www.youtube.com/watch?v=4CAmwaFJo6k
[2026-02-08T09:23:56-03:00] 3258 espectadores | Santuário Nacional AO VIVO - Você em constante Oração na Casa da Mãe - YouTube | https://www.youtube.com/watch?v=juUt-rN5CVo
[2026-02-08T09:24:05-03:00] 8291 espectadores | TV Aparecida - AO VIVO - YouTube | https://www.youtube.com/watch?v=4CAmwaFJo6k
[2026-02-08T09:26:57-03:00] 3105 espectadores | Santuário Nacional AO VIVO - Você em constante Oração na Casa da Mãe - YouTube | https://www.youtube.com/watch?v=juUt-rN5CVo
[2026-02-08T09:27:07-03:00] 8110 espectadores | TV Aparecida - AO VIVO - YouTube | https://www.youtube.com/watch?v=4CAmwaFJo6k
[2026-02-08T09:30:03-03:00] 2922 espectadores | Santuário Nacional AO VIVO - Você em constante Oração na Casa da Mãe - YouTube | https://www.youtube.com/watch?v=juUt-rN5CVo
[2026-02-08T09:30:12-03:00] 7997 espectadores | TV Aparecida - AO VIVO - YouTube | https://www.youtube.com/watch?v=4CAmwaFJo6k
[2026-02-08T09:32:57-03:00] 2771 espectadores | Santuário Nacional AO VIVO - Você em constante Oração na Casa da Mãe - YouTube | https://www.youtube.com/watch?v=juUt-rN5CVo
[2026-02-08T09:33:07-03:00] 7904 espectadores | TV Aparecida - AO VIVO - YouTube | https://www.youtube.com/watch?v=4CAmwaFJo6k
[2026-02-08T09:36:03-03:00] 2636 espectadores | Santuário Nacional AO VIVO - Você em constante Oração na Casa da Mãe - YouTube | https://www.youtube.com/watch?v=juUt-rN5CVo
[2026-02-08T09:36:12-03:00] 7723 espectadores | TV Aparecida - AO VIVO - YouTube | https://www.youtube.com/watch?v=4CAmwaFJo6k
[2026-02-08T09:38:53-03:00] 2535 espectadores | Santuário Nacional AO VIVO - Você em constante Oração na Casa da Mãe - YouTube | https://www.youtube.com/watch?v=juUt-rN5CVo
[2026-02-08T09:39:03-03:00] 7708 espectadores | TV Aparecida - AO VIVO - YouTube | https://www.youtube.com/watch?v=4CAmwaFJo6k
[2026-02-08T09:41:54-03:00] 2437 espectadores | Santuário Nacional AO VIVO - Você em constante Oração na Casa da Mãe - YouTube | https://www.youtube.com/watch?v=juUt-rN5CVo
[2026-02-08T09:42:04-03:00] 7614 espectadores | TV Aparecida - AO VIVO - YouTube | https://www.youtube.com/watch?v=4CAmwaFJo6k
[2026-02-08T09:44:55-03:00] 2347 espectadores | Santuário Nacional AO VIVO - Você em constante Oração na Casa da Mãe - YouTube | https://www.youtube.com/watch?v=juUt-rN5CVo
[2026-02-08T09:45:04-03:00] 7664 espectadores | TV Aparecida - AO VIVO - YouTube | https://www.youtube.com/watch?v=4CAmwaFJo6k
[2026-02-08T09:47:55-03:00] 2259 espectadores | Santuário Nacional AO VIVO - Você em constante Oração na Casa da Mãe - YouTube | https://www.youtube.com/watch?v=juUt-rN5CVo
[2026-02-08T09:48:04-03:00] 7647 espectadores | TV Aparecida - AO VIVO - YouTube | https://www.youtube.com/watch?v=4CAmwaFJo6k
[2026-02-08T09:50:54-03:00] 2176 espectadores | Santuário Nacional AO VIVO - Você em constante Oração na Casa da Mãe - YouTube | https://www.youtube.com/watch?v=juUt-rN5CVo
[2026-02-08T09:51:04-03:00] 7702 espectadores | TV Aparecida - AO VIVO - YouTube | https://www.youtube.com/watch?v=4CAmwaFJo6k
[2026-02-08T09:53:55-03:00] 2089 espectadores | Santuário Nacional AO VIVO - Você em constante Oração na Casa da Mãe - YouTube | https://www.youtube.com/watch?v=juUt-rN5CVo
[2026-02-08T09:54:04-03:00] 7707 espectadores | TV Aparecida - AO VIVO - YouTube | https://www.youtube.com/watch?v=4CAmwaFJo6k
[2026-02-08T09:56:54-03:00] 2036 espectadores | Santuário Nacional AO VIVO - Você em constante Oração na Casa da Mãe - YouTube | https://www.youtube.com/watch?v=juUt-rN5CVo
[2026-02-08T09:57:04-03:00] 7618 espectadores | TV Aparecida - AO VIVO - YouTube | https://www.youtube.com/watch?v=4CAmwaFJo6k
[2026-02-08T09:59:55-03:00] 1966 espectadores | Santuário Nacional AO VIVO - Você em constante Oração na Casa da Mãe - YouTube | https://www.youtube.com/watch?v=juUt-rN5CVo
[2026-02-08T10:00:05-03:00] 7469 espectadores | TV Aparecida - AO VIVO - YouTube | https://www.youtube.com/watch?v=4CAmwaFJo6k
[2026-02-08T10:02:54-03:00] 1910 espectadores | Santuário Nacional AO VIVO - Você em constante Oração na Casa da Mãe - YouTube | https://www.youtube.com/watch?v=juUt-rN5CVo
[2026-02-08T10:03:04-03:00] 7454 espectadores | TV Aparecida - AO VIVO - YouTube | https://www.youtube.com/watch?v=4CAmwaFJo6k
[2026-02-08T10:05:54-03:00] 1801 espectadores | Santuário Nacional AO VIVO - Você em constante Oração na Casa da Mãe - YouTube | https://www.youtube.com/watch?v=juUt-rN5CVo
[2026-02-08T10:06:04-03:00] 7425 espectadores | TV Aparecida - AO VIVO - YouTube | https://www.youtube.com/watch?v=4CAmwaFJo6k
[2026-02-08T10:08:54-03:00] 1785 espectadores | Santuário Nacional AO VIVO - Você em constante Oração na Casa da Mãe - YouTube | https://www.youtube.com/watch?v=juUt-rN5CVo
[2026-02-08T10:09:03-03:00] 7362 espectadores | TV Aparecida - AO VIVO - YouTube | https://www.youtube.com/watch?v=4CAmwaFJo6k
[2026-02-08T10:11:54-03:00] 1731 espectadores | Santuário Nacional AO VIVO - Você em constante Oração na Casa da Mãe - YouTube | https://www.youtube.com/watch?v=juUt-rN5CVo
[2026-02-08T10:12:04-03:00] 7349 espectadores | TV Aparecida - AO VIVO - YouTube | https://www.youtube.com/watch?v=4CAmwaFJo6k
[2026-02-08T10:14:54-03:00] 1672 espectadores | Santuário Nacional AO VIVO - Você em constante Oração na Casa da Mãe - YouTube | https://www.youtube.com/watch?v=juUt-rN5CVo
[2026-02-08T10:15:03-03:00] 7329 espectadores | TV Aparecida - AO VIVO - YouTube | https://www.youtube.com/watch?v=4CAmwaFJo6k
[2026-02-08T10:17:56-03:00] 1615 espectadores | Santuário Nacional AO VIVO - Você em constante Oração na Casa da Mãe - YouTube | https://www.youtube.com/watch?v=juUt-rN5CVo
[2026-02-08T10:18:06-03:00] 7335 espectadores | TV Aparecida - AO VIVO - YouTube | https://www.youtube.com/watch?v=4CAmwaFJo6k
[2026-02-08T10:20:53-03:00] 1586 espectadores | Santuário Nacional AO VIVO - Você em constante Oração na Casa da Mãe - YouTube | https://www.youtube.com/watch?v=juUt-rN5CVo
[2026-02-08T10:21:03-03:00] 7167 espectadores | TV Aparecida - AO VIVO - YouTube | https://www.youtube.com/watch?v=4CAmwaFJo6k
[2026-02-08T10:23:55-03:00] 1556 espectadores | Santuário Nacional AO VIVO - Você em constante Oração na Casa da Mãe - YouTube | https://www.youtube.com/watch?v=juUt-rN5CVo
[2026-02-08T10:24:05-03:00] 7134 espectadores | TV Aparecida - AO VIVO - YouTube | https://www.youtube.com/watch?v=4CAmwaFJo6k
[2026-02-08T10:26:54-03:00] 1501 espectadores | Santuário Nacional AO VIVO - Você em constante Oração na Casa da Mãe - YouTube | https://www.youtube.com/watch?v=juUt-rN5CVo
[2026-02-08T10:27:04-03:00] 7106 espectadores | TV Aparecida - AO VIVO - YouTube | https://www.youtube.com/watch?v=4CAmwaFJo6k
[2026-02-08T10:29:55-03:00] 1474 espectadores | Santuário Nacional AO VIVO - Você em constante Oração na Casa da Mãe - YouTube | https://www.youtube.com/watch?v=juUt-rN5CVo
[2026-02-08T10:30:04-03:00] 7035 espectadores | TV Aparecida - AO VIVO - YouTube | https://www.youtube.com/watch?v=4CAmwaFJo6k
[2026-02-08T10:32:54-03:00] 1420 espectadores | Santuário Nacional AO VIVO - Você em constante Oração na Casa da Mãe - YouTube | https://www.youtube.com/watch?v=juUt-rN5CVo
[2026-02-08T10:33:04-03:00] 6928 espectadores | TV Aparecida - AO VIVO - YouTube | https://www.youtube.com/watch?v=4CAmwaFJo6k
[2026-02-08T10:35:54-03:00] 1384 espectadores | Santuário Nacional AO VIVO - Você em constante Oração na Casa da Mãe - YouTube | https://www.youtube.com/watch?v=juUt-rN5CVo
[2026-02-08T10:36:03-03:00] 6843 espectadores | TV Aparecida - AO VIVO - YouTube | https://www.youtube.com/watch?v=4CAmwaFJo6k
[2026-02-08T10:38:54-03:00] 1352 espectadores | Santuário Nacional AO VIVO - Você em constante Oração na Casa da Mãe - YouTube | https://www.youtube.com/watch?v=juUt-rN5CVo
[2026-02-08T10:39:04-03:00] 6842 espectadores | TV Aparecida - AO VIVO - YouTube | https://www.youtube.com/watch?v=4CAmwaFJo6k
[2026-02-08T10:41:54-03:00] 1349 espectadores | Santuário Nacional AO VIVO - Você em constante Oração na Casa da Mãe - YouTube | https://www.youtube.com/watch?v=juUt-rN5CVo
[2026-02-08T10:42:03-03:00] 6853 espectadores | TV Aparecida - AO VIVO - YouTube | https://www.youtube.com/watch?v=4CAmwaFJo6k
[2026-02-08T10:44:53-03:00] 1346 espectadores | Santuário Nacional AO VIVO - Você em constante Oração na Casa da Mãe - YouTube | https://www.youtube.com/watch?v=juUt-rN5CVo
[2026-02-08T10:45:03-03:00] 6833 espectadores | TV Aparecida - AO VIVO - YouTube | https://www.youtube.com/watch?v=4CAmwaFJo6k
[2026-02-08T10:47:54-03:00] 1313 espectadores | Santuário Nacional AO VIVO - Você em constante Oração na Casa da Mãe - YouTube | https://www.youtube.com/watch?v=juUt-rN5CVo
[2026-02-08T10:48:04-03:00] 6824 espectadores | TV Aparecida - AO VIVO - YouTube | https://www.youtube.com/watch?v=4CAmwaFJo6k
[2026-02-08T10:50:54-03:00] 1296 espectadores | Santuário Nacional AO VIVO - Você em constante Oração na Casa da Mãe - YouTube | https://www.youtube.com/watch?v=juUt-rN5CVo
[2026-02-08T10:51:04-03:00] 6791 espectadores | TV Aparecida - AO VIVO - YouTube | https://www.youtube.com/watch?v=4CAmwaFJo6k
[2026-02-08T10:53:54-03:00] 1276 espectadores | Santuário Nacional AO VIVO - Você em constante Oração na Casa da Mãe - YouTube | https://www.youtube.com/watch?v=juUt-rN5CVo
[2026-02-08T10:54:04-03:00] 6739 espectadores | TV Aparecida - AO VIVO - YouTube | https://www.youtube.com/watch?v=4CAmwaFJo6k
[2026-02-08T10:56:54-03:00] 1258 espectadores | Santuário Nacional AO VIVO - Você em constante Oração na Casa da Mãe - YouTube | https://www.youtube.com/watch?v=juUt-rN5CVo
[2026-02-08T10:57:04-03:00] 6761 espectadores | TV Aparecida - AO VIVO - YouTube | https://www.youtube.com/watch?v=4CAmwaFJo6k
[2026-02-08T10:59:54-03:00] 1244 espectadores | Santuário Nacional AO VIVO - Você em constante Oração na Casa da Mãe - YouTube | https://www.youtube.com/watch?v=juUt-rN5CVo
[2026-02-08T11:00:03-03:00] 6724 espectadores | TV Aparecida - AO VIVO - YouTube | https://www.youtube.com/watch?v=4CAmwaFJo6k
[2026-02-08T11:02:56-03:00] 1245 espectadores | Santuário Nacional AO VIVO - Você em constante Oração na Casa da Mãe - YouTube | https://www.youtube.com/watch?v=juUt-rN5CVo
[2026-02-08T11:03:05-03:00] 6665 espectadores | TV Aparecida - AO VIVO - YouTube | https://www.youtube.com/watch?v=4CAmwaFJo6k
[2026-02-08T11:05:55-03:00] 1214 espectadores | Santuário Nacional AO VIVO - Você em constante Oração na Casa da Mãe - YouTube | https://www.youtube.com/watch?v=juUt-rN5CVo
[2026-02-08T11:06:04-03:00] 6680 espectadores | TV Aparecida - AO VIVO - YouTube | https://www.youtube.com/watch?v=4CAmwaFJo6k
[2026-02-08T11:08:53-03:00] 1209 espectadores | Santuário Nacional AO VIVO - Você em constante Oração na Casa da Mãe - YouTube | https://www.youtube.com/watch?v=juUt-rN5CVo
[2026-02-08T11:09:03-03:00] 6679 espectadores | TV Aparecida - AO VIVO - YouTube | https://www.youtube.com/watch?v=4CAmwaFJo6k
[2026-02-08T11:11:54-03:00] 1211 espectadores | Santuário Nacional AO VIVO - Você em constante Oração na Casa da Mãe - YouTube | https://www.youtube.com/watch?v=juUt-rN5CVo
[2026-02-08T11:12:04-03:00] 6807 espectadores | TV Aparecida - AO VIVO - YouTube | https://www.youtube.com/watch?v=4CAmwaFJo6k
[2026-02-08T11:14:54-03:00] 1200 espectadores | Santuário Nacional AO VIVO - Você em constante Oração na Casa da Mãe - YouTube | https://www.youtube.com/watch?v=juUt-rN5CVo
[2026-02-08T11:15:04-03:00] 6847 espectadores | TV Aparecida - AO VIVO - YouTube | https://www.youtube.com/watch?v=4CAmwaFJo6k
[2026-02-08T11:17:55-03:00] 1192 espectadores | Santuário Nacional AO VIVO - Você em constante Oração na Casa da Mãe - YouTube | https://www.youtube.com/watch?v=juUt-rN5CVo
[2026-02-08T11:18:05-03:00] 6861 espectadores | TV Aparecida - AO VIVO - YouTube | https://www.youtube.com/watch?v=4CAmwaFJo6k
[2026-02-08T11:20:54-03:00] 1204 espectadores | Santuário Nacional AO VIVO - Você em constante Oração na Casa da Mãe - YouTube | https://www.youtube.com/watch?v=juUt-rN5CVo
[2026-02-08T11:21:04-03:00] 6868 espectadores | TV Aparecida - AO VIVO - YouTube | https://www.youtube.com/watch?v=4CAmwaFJo6k
[2026-02-08T11:23:54-03:00] 1214 espectadores | Santuário Nacional AO VIVO - Você em constante Oração na Casa da Mãe - YouTube | https://www.youtube.com/watch?v=juUt-rN5CVo
[2026-02-08T11:24:05-03:00] 6881 espectadores | TV Aparecida - AO VIVO - YouTube | https://www.youtube.com/watch?v=4CAmwaFJo6k
[2026-02-08T11:26:53-03:00] 1197 espectadores | Santuário Nacional AO VIVO - Você em constante Oração na Casa da Mãe - YouTube | https://www.youtube.com/watch?v=juUt-rN5CVo
[2026-02-08T11:27:03-03:00] 6883 espectadores | TV Aparecida - AO VIVO - YouTube | https://www.youtube.com/watch?v=4CAmwaFJo6k
[2026-02-08T11:29:54-03:00] 1203 espectadores | Santuário Nacional AO VIVO - Você em constante Oração na Casa da Mãe - YouTube | https://www.youtube.com/watch?v=juUt-rN5CVo
[2026-02-08T11:30:04-03:00] 6820 espectadores | TV Aparecida - AO VIVO - YouTube | https://www.youtube.com/watch?v=4CAmwaFJo6k
[2026-02-08T11:32:54-03:00] 1186 espectadores | Santuário Nacional AO VIVO - Você em constante Oração na Casa da Mãe - YouTube | https://www.youtube.com/watch?v=juUt-rN5CVo
[2026-02-08T11:33:03-03:00] 6813 espectadores | TV Aparecida - AO VIVO - YouTube | https://www.youtube.com/watch?v=4CAmwaFJo6k
[2026-02-08T11:35:54-03:00] 1204 espectadores | Santuário Nacional AO VIVO - Você em constante Oração na Casa da Mãe - YouTube | https://www.youtube.com/watch?v=juUt-rN5CVo
[2026-02-08T11:36:04-03:00] 6823 espectadores | TV Aparecida - AO VIVO - YouTube | https://www.youtube.com/watch?v=4CAmwaFJo6k
[2026-02-08T11:38:54-03:00] 1200 espectadores | Santuário Nacional AO VIVO - Você em constante Oração na Casa da Mãe - YouTube | https://www.youtube.com/watch?v=juUt-rN5CVo
[2026-02-08T11:39:04-03:00] 6818 espectadores | TV Aparecida - AO VIVO - YouTube | https://www.youtube.com/watch?v=4CAmwaFJo6k
[2026-02-08T11:41:56-03:00] 1219 espectadores | Santuário Nacional AO VIVO - Você em constante Oração na Casa da Mãe - YouTube | https://www.youtube.com/watch?v=juUt-rN5CVo
[2026-02-08T11:42:06-03:00] 6819 espectadores | TV Aparecida - AO VIVO - YouTube | https://www.youtube.com/watch?v=4CAmwaFJo6k
[2026-02-08T11:44:54-03:00] 1255 espectadores | Santuário Nacional AO VIVO - Você em constante Oração na Casa da Mãe - YouTube | https://www.youtube.com/watch?v=juUt-rN5CVo
[2026-02-08T11:45:04-03:00] 6829 espectadores | TV Aparecida - AO VIVO - YouTube | https://www.youtube.com/watch?v=4CAmwaFJo6k
[2026-02-08T11:47:55-03:00] 1310 espectadores | Santuário Nacional AO VIVO - Você em constante Oração na Casa da Mãe - YouTube | https://www.youtube.com/watch?v=juUt-rN5CVo
[2026-02-08T11:48:05-03:00] 6836 espectadores | TV Aparecida - AO VIVO - YouTube | https://www.youtube.com/watch?v=4CAmwaFJo6k
[2026-02-08T11:50:54-03:00] 1380 espectadores | Santuário Nacional AO VIVO - Você em constante Oração na Casa da Mãe - YouTube | https://www.youtube.com/watch?v=juUt-rN5CVo
[2026-02-08T11:51:04-03:00] 6822 espectadores | TV Aparecida - AO VIVO - YouTube | https://www.youtube.com/watch?v=4CAmwaFJo6k
[2026-02-08T11:53:56-03:00] 1468 espectadores | Santuário Nacional AO VIVO - Você em constante Oração na Casa da Mãe - YouTube | https://www.youtube.com/watch?v=juUt-rN5CVo
[2026-02-08T11:54:05-03:00] 6857 espectadores | TV Aparecida - AO VIVO - YouTube | https://www.youtube.com/watch?v=4CAmwaFJo6k
[2026-02-08T11:56:53-03:00] 1627 espectadores | Santuário Nacional AO VIVO - Você em constante Oração na Casa da Mãe - YouTube | https://www.youtube.com/watch?v=juUt-rN5CVo
[2026-02-08T11:57:03-03:00] 7007 espectadores | TV Aparecida - AO VIVO - YouTube | https://www.youtube.com/watch?v=4CAmwaFJo6k
[2026-02-08T11:59:54-03:00] 1867 espectadores | Santuário Nacional AO VIVO - Você em constante Oração na Casa da Mãe - YouTube | https://www.youtube.com/watch?v=juUt-rN5CVo
[2026-02-08T12:00:04-03:00] 6844 espectadores | TV Aparecida - AO VIVO - YouTube | https://www.youtube.com/watch?v=4CAmwaFJo6k
[2026-02-08T12:02:55-03:00] 2164 espectadores | Santuário Nacional AO VIVO - Você em constante Oração na Casa da Mãe - YouTube | https://www.youtube.com/watch?v=juUt-rN5CVo
[2026-02-08T12:03:05-03:00] 6688 espectadores | TV Aparecida - AO VIVO - YouTube | https://www.youtube.com/watch?v=4CAmwaFJo6k
[2026-02-08T12:05:54-03:00] 2396 espectadores | Santuário Nacional AO VIVO - Você em constante Oração na Casa da Mãe - YouTube | https://www.youtube.com/watch?v=juUt-rN5CVo
[2026-02-08T12:06:04-03:00] 6872 espectadores | TV Aparecida - AO VIVO - YouTube | https://www.youtube.com/watch?v=4CAmwaFJo6k
[2026-02-08T12:08:54-03:00] 2557 espectadores | Santuário Nacional AO VIVO - Você em constante Oração na Casa da Mãe - YouTube | https://www.youtube.com/watch?v=juUt-rN5CVo
[2026-02-08T12:09:04-03:00] 7060 espectadores | TV Aparecida - AO VIVO - YouTube | https://www.youtube.com/watch?v=4CAmwaFJo6k
[2026-02-08T12:11:55-03:00] 2699 espectadores | Santuário Nacional AO VIVO - Você em constante Oração na Casa da Mãe - YouTube | https://www.youtube.com/watch?v=juUt-rN5CVo
[2026-02-08T12:12:05-03:00] 7169 espectadores | TV Aparecida - AO VIVO - YouTube | https://www.youtube.com/watch?v=4CAmwaFJo6k
[2026-02-08T12:14:54-03:00] 2811 espectadores | Santuário Nacional AO VIVO - Você em constante Oração na Casa da Mãe - YouTube | https://www.youtube.com/watch?v=juUt-rN5CVo
[2026-02-08T12:15:04-03:00] 7262 espectadores | TV Aparecida - AO VIVO - YouTube | https://www.youtube.com/watch?v=4CAmwaFJo6k
[2026-02-08T12:17:56-03:00] 2905 espectadores | Santuário Nacional AO VIVO - Você em constante Oração na Casa da Mãe - YouTube | https://www.youtube.com/watch?v=juUt-rN5CVo
[2026-02-08T12:18:05-03:00] 7383 espectadores | TV Aparecida - AO VIVO - YouTube | https://www.youtube.com/watch?v=4CAmwaFJo6k
[2026-02-08T12:20:55-03:00] 2971 espectadores | Santuário Nacional AO VIVO - Você em constante Oração na Casa da Mãe - YouTube | https://www.youtube.com/watch?v=juUt-rN5CVo
[2026-02-08T12:21:05-03:00] 7453 espectadores | TV Aparecida - AO VIVO - YouTube | https://www.youtube.com/watch?v=4CAmwaFJo6k
[2026-02-08T12:23:54-03:00] 3031 espectadores | Santuário Nacional AO VIVO - Você em constante Oração na Casa da Mãe - YouTube | https://www.youtube.com/watch?v=juUt-rN5CVo
[2026-02-08T12:24:04-03:00] 7458 espectadores | TV Aparecida - AO VIVO - YouTube | https://www.youtube.com/watch?v=4CAmwaFJo6k
[2026-02-08T12:26:54-03:00] 3057 espectadores | Santuário Nacional AO VIVO - Você em constante Oração na Casa da Mãe - YouTube | https://www.youtube.com/watch?v=juUt-rN5CVo
[2026-02-08T12:27:03-03:00] 7500 espectadores | TV Aparecida - AO VIVO - YouTube | https://www.youtube.com/watch?v=4CAmwaFJo6k
[2026-02-08T12:29:54-03:00] 3091 espectadores | Santuário Nacional AO VIVO - Você em constante Oração na Casa da Mãe - YouTube | https://www.youtube.com/watch?v=juUt-rN5CVo
[2026-02-08T12:30:04-03:00] 7528 espectadores | TV Aparecida - AO VIVO - YouTube | https://www.youtube.com/watch?v=4CAmwaFJo6k
[2026-02-08T12:32:53-03:00] 3102 espectadores | Santuário Nacional AO VIVO - Você em constante Oração na Casa da Mãe - YouTube | https://www.youtube.com/watch?v=juUt-rN5CVo
[2026-02-08T12:33:03-03:00] 7476 espectadores | TV Aparecida - AO VIVO - YouTube | https://www.youtube.com/watch?v=4CAmwaFJo6k
[2026-02-08T12:35:57-03:00] 3121 espectadores | Santuário Nacional AO VIVO - Você em constante Oração na Casa da Mãe - YouTube | https://www.youtube.com/watch?v=juUt-rN5CVo
[2026-02-08T12:36:07-03:00] 7457 espectadores | TV Aparecida - AO VIVO - YouTube | https://www.youtube.com/watch?v=4CAmwaFJo6k
[2026-02-08T12:38:55-03:00] 3106 espectadores | Santuário Nacional AO VIVO - Você em constante Oração na Casa da Mãe - YouTube | https://www.youtube.com/watch?v=juUt-rN5CVo
[2026-02-08T12:39:05-03:00] 7454 espectadores | TV Aparecida - AO VIVO - YouTube | https://www.youtube.com/watch?v=4CAmwaFJo6k
[2026-02-08T12:41:59-03:00] 3140 espectadores | Santuário Nacional AO VIVO - Você em constante Oração na Casa da Mãe - YouTube | https://www.youtube.com/watch?v=juUt-rN5CVo
[2026-02-08T12:42:09-03:00] 7464 espectadores | TV Aparecida - AO VIVO - YouTube | https://www.youtube.com/watch?v=4CAmwaFJo6k
[2026-02-08T12:44:54-03:00] 3135 espectadores | Santuário Nacional AO VIVO - Você em constante Oração na Casa da Mãe - YouTube | https://www.youtube.com/watch?v=juUt-rN5CVo
[2026-02-08T12:45:04-03:00] 7430 espectadores | TV Aparecida - AO VIVO - YouTube | https://www.youtube.com/watch?v=4CAmwaFJo6k
[2026-02-08T12:47:58-03:00] 3109 espectadores | Santuário Nacional AO VIVO - Você em constante Oração na Casa da Mãe - YouTube | https://www.youtube.com/watch?v=juUt-rN5CVo
[2026-02-08T12:48:09-03:00] 7433 espectadores | TV Aparecida - AO VIVO - YouTube | https://www.youtube.com/watch?v=4CAmwaFJo6k
[2026-02-08T12:50:54-03:00] 3106 espectadores | Santuário Nacional AO VIVO - Você em constante Oração na Casa da Mãe - YouTube | https://www.youtube.com/watch?v=juUt-rN5CVo
[2026-02-08T12:51:03-03:00] 7401 espectadores | TV Aparecida - AO VIVO - YouTube | https://www.youtube.com/watch?v=4CAmwaFJo6k
[2026-02-08T12:53:55-03:00] 3103 espectadores | Santuário Nacional AO VIVO - Você em constante Oração na Casa da Mãe - YouTube | https://www.youtube.com/watch?v=juUt-rN5CVo
[2026-02-08T12:54:05-03:00] 7388 espectadores | TV Aparecida - AO VIVO - YouTube | https://www.youtube.com/watch?v=4CAmwaFJo6k
[2026-02-08T12:56:54-03:00] 3119 espectadores | Santuário Nacional AO VIVO - Você em constante Oração na Casa da Mãe - YouTube | https://www.youtube.com/watch?v=juUt-rN5CVo
[2026-02-08T12:57:04-03:00] 7350 espectadores | TV Aparecida - AO VIVO - YouTube | https://www.youtube.com/watch?v=4CAmwaFJo6k
[2026-02-08T12:59:54-03:00] 2232 espectadores | Santuário Nacional AO VIVO - Você em constante Oração na Casa da Mãe - YouTube | https://www.youtube.com/watch?v=juUt-rN5CVo
[2026-02-08T13:00:04-03:00] 5172 espectadores | TV Aparecida - AO VIVO - YouTube | https://www.youtube.com/watch?v=4CAmwaFJo6k
[2026-02-08T13:02:54-03:00] 1730 espectadores | Santuário Nacional AO VIVO - Você em constante Oração na Casa da Mãe - YouTube | https://www.youtube.com/watch?v=juUt-rN5CVo
[2026-02-08T13:03:04-03:00] 4407 espectadores | TV Aparecida - AO VIVO - YouTube | https://www.youtube.com/watch?v=4CAmwaFJo6k
[2026-02-08T13:05:58-03:00] 1519 espectadores | Santuário Nacional AO VIVO - Você em constante Oração na Casa da Mãe - YouTube | https://www.youtube.com/watch?v=juUt-rN5CVo
[2026-02-08T13:06:08-03:00] 4011 espectadores | TV Aparecida - AO VIVO - YouTube | https://www.youtube.com/watch?v=4CAmwaFJo6k
[2026-02-08T13:09:00-03:00] 1383 espectadores | Santuário Nacional AO VIVO - Você em constante Oração na Casa da Mãe - YouTube | https://www.youtube.com/watch?v=juUt-rN5CVo
[2026-02-08T13:09:10-03:00] 3797 espectadores | TV Aparecida - AO VIVO - YouTube | https://www.youtube.com/watch?v=4CAmwaFJo6k
[2026-02-08T13:12:00-03:00] 1255 espectadores | Santuário Nacional AO VIVO - Você em constante Oração na Casa da Mãe - YouTube | https://www.youtube.com/watch?v=juUt-rN5CVo
[2026-02-08T13:12:09-03:00] 3635 espectadores | TV Aparecida - AO VIVO - YouTube | https://www.youtube.com/watch?v=4CAmwaFJo6k
[2026-02-08T13:14:55-03:00] 1171 espectadores | Santuário Nacional AO VIVO - Você em constante Oração na Casa da Mãe - YouTube | https://www.youtube.com/watch?v=juUt-rN5CVo
[2026-02-08T13:15:04-03:00] 3536 espectadores | TV Aparecida - AO VIVO - YouTube | https://www.youtube.com/watch?v=4CAmwaFJo6k
[2026-02-08T13:18:03-03:00] 1106 espectadores | Santuário Nacional AO VIVO - Você em constante Oração na Casa da Mãe - YouTube | https://www.youtube.com/watch?v=juUt-rN5CVo
[2026-02-08T13:18:12-03:00] 3408 espectadores | TV Aparecida - AO VIVO - YouTube | https://www.youtube.com/watch?v=4CAmwaFJo6k
[2026-02-08T13:20:55-03:00] 1055 espectadores | Santuário Nacional AO VIVO - Você em constante Oração na Casa da Mãe - YouTube | https://www.youtube.com/watch?v=juUt-rN5CVo
[2026-02-08T13:21:05-03:00] 3201 espectadores | TV Aparecida - AO VIVO - YouTube | https://www.youtube.com/watch?v=4CAmwaFJo6k
[2026-02-08T13:23:57-03:00] 990 espectadores | Santuário Nacional AO VIVO - Você em constante Oração na Casa da Mãe - YouTube | https://www.youtube.com/watch?v=juUt-rN5CVo
[2026-02-08T13:24:08-03:00] 3044 espectadores | TV Aparecida - AO VIVO - YouTube | https://www.youtube.com/watch?v=4CAmwaFJo6k
[2026-02-08T13:26:57-03:00] 948 espectadores | Santuário Nacional AO VIVO - Você em constante Oração na Casa da Mãe - YouTube | https://www.youtube.com/watch?v=juUt-rN5CVo
[2026-02-08T13:27:07-03:00] 2960 espectadores | TV Aparecida - AO VIVO - YouTube | https://www.youtube.com/watch?v=4CAmwaFJo6k
[2026-02-08T13:30:00-03:00] 907 espectadores | Santuário Nacional AO VIVO - Você em constante Oração na Casa da Mãe - YouTube | https://www.youtube.com/watch?v=juUt-rN5CVo
[2026-02-08T13:30:11-03:00] 2848 espectadores | TV Aparecida - AO VIVO - YouTube | https://www.youtube.com/watch?v=4CAmwaFJo6k
[2026-02-08T13:32:54-03:00] 864 espectadores | Santuário Nacional AO VIVO - Você em constante Oração na Casa da Mãe - YouTube | https://www.youtube.com/watch?v=juUt-rN5CVo
[2026-02-08T13:33:04-03:00] 2787 espectadores | TV Aparecida - AO VIVO - YouTube | https://www.youtube.com/watch?v=4CAmwaFJo6k
[2026-02-08T13:35:56-03:00] 821 espectadores | Santuário Nacional AO VIVO - Você em constante Oração na Casa da Mãe - YouTube | https://www.youtube.com/watch?v=juUt-rN5CVo
[2026-02-08T13:36:06-03:00] 2754 espectadores | TV Aparecida - AO VIVO - YouTube | https://www.youtube.com/watch?v=4CAmwaFJo6k
[2026-02-08T13:38:55-03:00] 800 espectadores | Santuário Nacional AO VIVO - Você em constante Oração na Casa da Mãe - YouTube | https://www.youtube.com/watch?v=juUt-rN5CVo
[2026-02-08T13:39:04-03:00] 2718 espectadores | TV Aparecida - AO VIVO - YouTube | https://www.youtube.com/watch?v=4CAmwaFJo6k
[2026-02-08T13:41:55-03:00] 768 espectadores | Santuário Nacional AO VIVO - Você em constante Oração na Casa da Mãe - YouTube | https://www.youtube.com/watch?v=juUt-rN5CVo
[2026-02-08T13:42:05-03:00] 2634 espectadores | TV Aparecida - AO VIVO - YouTube | https://www.youtube.com/watch?v=4CAmwaFJo6k
[2026-02-08T13:44:55-03:00] 733 espectadores | Santuário Nacional AO VIVO - Você em constante Oração na Casa da Mãe - YouTube | https://www.youtube.com/watch?v=juUt-rN5CVo
[2026-02-08T13:45:04-03:00] 2559 espectadores | TV Aparecida - AO VIVO - YouTube | https://www.youtube.com/watch?v=4CAmwaFJo6k
[2026-02-08T13:47:56-03:00] 723 espectadores | Santuário Nacional AO VIVO - Você em constante Oração na Casa da Mãe - YouTube | https://www.youtube.com/watch?v=juUt-rN5CVo
[2026-02-08T13:48:05-03:00] 2489 espectadores | TV Aparecida - AO VIVO - YouTube | https://www.youtube.com/watch?v=4CAmwaFJo6k
[2026-02-08T13:50:53-03:00] 709 espectadores | Santuário Nacional AO VIVO - Você em constante Oração na Casa da Mãe - YouTube | https://www.youtube.com/watch?v=juUt-rN5CVo
[2026-02-08T13:51:03-03:00] 2434 espectadores | TV Aparecida - AO VIVO - YouTube | https://www.youtube.com/watch?v=4CAmwaFJo6k
[2026-02-08T13:53:58-03:00] 677 espectadores | Santuário Nacional AO VIVO - Você em constante Oração na Casa da Mãe - YouTube | https://www.youtube.com/watch?v=juUt-rN5CVo
[2026-02-08T13:54:07-03:00] 2386 espectadores | TV Aparecida - AO VIVO - YouTube | https://www.youtube.com/watch?v=4CAmwaFJo6k
[2026-02-08T13:56:54-03:00] 658 espectadores | Santuário Nacional AO VIVO - Você em constante Oração na Casa da Mãe - YouTube | https://www.youtube.com/watch?v=juUt-rN5CVo
[2026-02-08T13:57:04-03:00] 2345 espectadores | TV Aparecida - AO VIVO - YouTube | https://www.youtube.com/watch?v=4CAmwaFJo6k
[2026-02-08T13:59:57-03:00] 655 espectadores | Santuário Nacional AO VIVO - Você em constante Oração na Casa da Mãe - YouTube | https://www.youtube.com/watch?v=juUt-rN5CVo
[2026-02-08T14:00:07-03:00] 2174 espectadores | TV Aparecida - AO VIVO - YouTube | https://www.youtube.com/watch?v=4CAmwaFJo6k
[2026-02-08T14:02:55-03:00] 646 espectadores | Santuário Nacional AO VIVO - Você em constante Oração na Casa da Mãe - YouTube | https://www.youtube.com/watch?v=juUt-rN5CVo
[2026-02-08T14:03:04-03:00] 2107 espectadores | TV Aparecida - AO VIVO - YouTube | https://www.youtube.com/watch?v=4CAmwaFJo6k
[2026-02-08T14:05:54-03:00] 611 espectadores | Santuário Nacional AO VIVO - Você em constante Oração na Casa da Mãe - YouTube | https://www.youtube.com/watch?v=juUt-rN5CVo
[2026-02-08T14:06:04-03:00] 2007 espectadores | TV Aparecida - AO VIVO - YouTube | https://www.youtube.com/watch?v=4CAmwaFJo6k
[2026-02-08T14:08:54-03:00] 603 espectadores | Santuário Nacional AO VIVO - Você em constante Oração na Casa da Mãe - YouTube | https://www.youtube.com/watch?v=juUt-rN5CVo
[2026-02-08T14:09:03-03:00] 1978 espectadores | TV Aparecida - AO VIVO - YouTube | https://www.youtube.com/watch?v=4CAmwaFJo6k
[2026-02-08T14:11:55-03:00] 577 espectadores | Santuário Nacional AO VIVO - Você em constante Oração na Casa da Mãe - YouTube | https://www.youtube.com/watch?v=juUt-rN5CVo
[2026-02-08T14:12:04-03:00] 1907 espectadores | TV Aparecida - AO VIVO - YouTube | https://www.youtube.com/watch?v=4CAmwaFJo6k
[2026-02-08T14:14:55-03:00] 564 espectadores | Santuário Nacional AO VIVO - Você em constante Oração na Casa da Mãe - YouTube | https://www.youtube.com/watch?v=juUt-rN5CVo
[2026-02-08T14:15:05-03:00] 1853 espectadores | TV Aparecida - AO VIVO - YouTube | https://www.youtube.com/watch?v=4CAmwaFJo6k
[2026-02-08T14:17:54-03:00] 565 espectadores | Santuário Nacional AO VIVO - Você em constante Oração na Casa da Mãe - YouTube | https://www.youtube.com/watch?v=juUt-rN5CVo
[2026-02-08T14:18:04-03:00] 1799 espectadores | TV Aparecida - AO VIVO - YouTube | https://www.youtube.com/watch?v=4CAmwaFJo6k
[2026-02-08T14:20:54-03:00] 553 espectadores | Santuário Nacional AO VIVO - Você em constante Oração na Casa da Mãe - YouTube | https://www.youtube.com/watch?v=juUt-rN5CVo
[2026-02-08T14:21:04-03:00] 1765 espectadores | TV Aparecida - AO VIVO - YouTube | https://www.youtube.com/watch?v=4CAmwaFJo6k
[2026-02-08T14:23:56-03:00] 535 espectadores | Santuário Nacional AO VIVO - Você em constante Oração na Casa da Mãe - YouTube | https://www.youtube.com/watch?v=juUt-rN5CVo
[2026-02-08T14:24:06-03:00] 1715 espectadores | TV Aparecida - AO VIVO - YouTube | https://www.youtube.com/watch?v=4CAmwaFJo6k
[2026-02-08T14:26:56-03:00] 546 espectadores | Santuário Nacional AO VIVO - Você em constante Oração na Casa da Mãe - YouTube | https://www.youtube.com/watch?v=juUt-rN5CVo
[2026-02-08T14:27:06-03:00] 1699 espectadores | TV Aparecida - AO VIVO - YouTube | https://www.youtube.com/watch?v=4CAmwaFJo6k
[2026-02-08T14:29:55-03:00] 524 espectadores | Santuário Nacional AO VIVO - Você em constante Oração na Casa da Mãe - YouTube | https://www.youtube.com/watch?v=juUt-rN5CVo
[2026-02-08T14:30:05-03:00] 1643 espectadores | TV Aparecida - AO VIVO - YouTube | https://www.youtube.com/watch?v=4CAmwaFJo6k
[2026-02-08T14:32:54-03:00] 503 espectadores | Santuário Nacional AO VIVO - Você em constante Oração na Casa da Mãe - YouTube | https://www.youtube.com/watch?v=juUt-rN5CVo
[2026-02-08T14:33:03-03:00] 1535 espectadores | TV Aparecida - AO VIVO - YouTube | https://www.youtube.com/watch?v=4CAmwaFJo6k
[2026-02-08T14:35:57-03:00] 497 espectadores | Santuário Nacional AO VIVO - Você em constante Oração na Casa da Mãe - YouTube | https://www.youtube.com/watch?v=juUt-rN5CVo
[2026-02-08T14:36:07-03:00] 1480 espectadores | TV Aparecida - AO VIVO - YouTube | https://www.youtube.com/watch?v=4CAmwaFJo6k
[2026-02-08T14:38:54-03:00] 492 espectadores | Santuário Nacional AO VIVO - Você em constante Oração na Casa da Mãe - YouTube | https://www.youtube.com/watch?v=juUt-rN5CVo
[2026-02-08T14:39:03-03:00] 1462 espectadores | TV Aparecida - AO VIVO - YouTube | https://www.youtube.com/watch?v=4CAmwaFJo6k
[2026-02-08T14:41:55-03:00] 468 espectadores | Santuário Nacional AO VIVO - Você em constante Oração na Casa da Mãe - YouTube | https://www.youtube.com/watch?v=juUt-rN5CVo
[2026-02-08T14:42:04-03:00] 1446 espectadores | TV Aparecida - AO VIVO - YouTube | https://www.youtube.com/watch?v=4CAmwaFJo6k
[2026-02-08T14:44:57-03:00] 463 espectadores | Santuário Nacional AO VIVO - Você em constante Oração na Casa da Mãe - YouTube | https://www.youtube.com/watch?v=juUt-rN5CVo
[2026-02-08T14:45:07-03:00] 1453 espectadores | TV Aparecida - AO VIVO - YouTube | https://www.youtube.com/watch?v=4CAmwaFJo6k
[2026-02-08T14:48:06-03:00] 477 espectadores | Santuário Nacional AO VIVO - Você em constante Oração na Casa da Mãe - YouTube | https://www.youtube.com/watch?v=juUt-rN5CVo
[2026-02-08T14:48:16-03:00] 1424 espectadores | TV Aparecida - AO VIVO - YouTube | https://www.youtube.com/watch?v=4CAmwaFJo6k
[2026-02-08T14:50:57-03:00] 457 espectadores | Santuário Nacional AO VIVO - Você em constante Oração na Casa da Mãe - YouTube | https://www.youtube.com/watch?v=juUt-rN5CVo
[2026-02-08T14:51:06-03:00] 1400 espectadores | TV Aparecida - AO VIVO - YouTube | https://www.youtube.com/watch?v=4CAmwaFJo6k
[2026-02-08T14:53:56-03:00] 454 espectadores | Santuário Nacional AO VIVO - Você em constante Oração na Casa da Mãe - YouTube | https://www.youtube.com/watch?v=juUt-rN5CVo
[2026-02-08T14:54:06-03:00] 1411 espectadores | TV Aparecida - AO VIVO - YouTube | https://www.youtube.com/watch?v=4CAmwaFJo6k
[2026-02-08T14:56:55-03:00] 459 espectadores | Santuário Nacional AO VIVO - Você em constante Oração na Casa da Mãe - YouTube | https://www.youtube.com/watch?v=juUt-rN5CVo
[2026-02-08T14:57:05-03:00] 1398 espectadores | TV Aparecida - AO VIVO - YouTube | https://www.youtube.com/watch?v=4CAmwaFJo6k
[2026-02-08T15:00:03-03:00] 469 espectadores | Santuário Nacional AO VIVO - Você em constante Oração na Casa da Mãe - YouTube | https://www.youtube.com/watch?v=juUt-rN5CVo
[2026-02-08T15:00:13-03:00] 1405 espectadores | TV Aparecida - AO VIVO - YouTube | https://www.youtube.com/watch?v=4CAmwaFJo6k
[2026-02-08T15:02:54-03:00] 437 espectadores | Santuário Nacional AO VIVO - Você em constante Oração na Casa da Mãe - YouTube | https://www.youtube.com/watch?v=juUt-rN5CVo
[2026-02-08T15:03:04-03:00] 1400 espectadores | TV Aparecida - AO VIVO - YouTube | https://www.youtube.com/watch?v=4CAmwaFJo6k
[2026-02-08T15:05:57-03:00] 452 espectadores | Santuário Nacional AO VIVO - Você em constante Oração na Casa da Mãe - YouTube | https://www.youtube.com/watch?v=juUt-rN5CVo
[2026-02-08T15:06:07-03:00] 1344 espectadores | TV Aparecida - AO VIVO - YouTube | https://www.youtube.com/watch?v=4CAmwaFJo6k
[2026-02-08T15:08:55-03:00] 447 espectadores | Santuário Nacional AO VIVO - Você em constante Oração na Casa da Mãe - YouTube | https://www.youtube.com/watch?v=juUt-rN5CVo
[2026-02-08T15:09:05-03:00] 1337 espectadores | TV Aparecida - AO VIVO - YouTube | https://www.youtube.com/watch?v=4CAmwaFJo6k
[2026-02-08T15:11:56-03:00] 434 espectadores | Santuário Nacional AO VIVO - Você em constante Oração na Casa da Mãe - YouTube | https://www.youtube.com/watch?v=juUt-rN5CVo
[2026-02-08T15:12:06-03:00] 1321 espectadores | TV Aparecida - AO VIVO - YouTube | https://www.youtube.com/watch?v=4CAmwaFJo6k
[2026-02-08T15:14:53-03:00] 415 espectadores | Santuário Nacional AO VIVO - Você em constante Oração na Casa da Mãe - YouTube | https://www.youtube.com/watch?v=juUt-rN5CVo
[2026-02-08T15:15:03-03:00] 1326 espectadores | TV Aparecida - AO VIVO - YouTube | https://www.youtube.com/watch?v=4CAmwaFJo6k
[2026-02-08T15:17:54-03:00] 415 espectadores | Santuário Nacional AO VIVO - Você em constante Oração na Casa da Mãe - YouTube | https://www.youtube.com/watch?v=juUt-rN5CVo
[2026-02-08T15:18:04-03:00] 1318 espectadores | TV Aparecida - AO VIVO - YouTube | https://www.youtube.com/watch?v=4CAmwaFJo6k
[2026-02-08T15:20:55-03:00] 410 espectadores | Santuário Nacional AO VIVO - Você em constante Oração na Casa da Mãe - YouTube | https://www.youtube.com/watch?v=juUt-rN5CVo
[2026-02-08T15:21:05-03:00] 1271 espectadores | TV Aparecida - AO VIVO - YouTube | https://www.youtube.com/watch?v=4CAmwaFJo6k
[2026-02-08T15:23:57-03:00] 416 espectadores | Santuário Nacional AO VIVO - Você em constante Oração na Casa da Mãe - YouTube | https://www.youtube.com/watch?v=juUt-rN5CVo
[2026-02-08T15:24:06-03:00] 1276 espectadores | TV Aparecida - AO VIVO - YouTube | https://www.youtube.com/watch?v=4CAmwaFJo6k
[2026-02-08T15:27:02-03:00] 398 espectadores | Santuário Nacional AO VIVO - Você em constante Oração na Casa da Mãe - YouTube | https://www.youtube.com/watch?v=juUt-rN5CVo
[2026-02-08T15:27:12-03:00] 1271 espectadores | TV Aparecida - AO VIVO - YouTube | https://www.youtube.com/watch?v=4CAmwaFJo6k
[2026-02-08T15:29:56-03:00] 405 espectadores | Santuário Nacional AO VIVO - Você em constante Oração na Casa da Mãe - YouTube | https://www.youtube.com/watch?v=juUt-rN5CVo
[2026-02-08T15:30:05-03:00] 1264 espectadores | TV Aparecida - AO VIVO - YouTube | https://www.youtube.com/watch?v=4CAmwaFJo6k
[2026-02-08T15:33:01-03:00] 401 espectadores | Santuário Nacional AO VIVO - Você em constante Oração na Casa da Mãe - YouTube | https://www.youtube.com/watch?v=juUt-rN5CVo
[2026-02-08T15:33:10-03:00] 1258 espectadores | TV Aparecida - AO VIVO - YouTube | https://www.youtube.com/watch?v=4CAmwaFJo6k
[2026-02-08T15:36:01-03:00] 407 espectadores | Santuário Nacional AO VIVO - Você em constante Oração na Casa da Mãe - YouTube | https://www.youtube.com/watch?v=juUt-rN5CVo
[2026-02-08T15:36:10-03:00] 1252 espectadores | TV Aparecida - AO VIVO - YouTube | https://www.youtube.com/watch?v=4CAmwaFJo6k
[2026-02-08T15:38:54-03:00] 401 espectadores | Santuário Nacional AO VIVO - Você em constante Oração na Casa da Mãe - YouTube | https://www.youtube.com/watch?v=juUt-rN5CVo
[2026-02-08T15:39:04-03:00] 1294 espectadores | TV Aparecida - AO VIVO - YouTube | https://www.youtube.com/watch?v=4CAmwaFJo6k
[2026-02-08T15:41:56-03:00] 392 espectadores | Santuário Nacional AO VIVO - Você em constante Oração na Casa da Mãe - YouTube | https://www.youtube.com/watch?v=juUt-rN5CVo
[2026-02-08T15:42:06-03:00] 1267 espectadores | TV Aparecida - AO VIVO - YouTube | https://www.youtube.com/watch?v=4CAmwaFJo6k
[2026-02-08T15:45:10-03:00] 391 espectadores | Santuário Nacional AO VIVO - Você em constante Oração na Casa da Mãe - YouTube | https://www.youtube.com/watch?v=juUt-rN5CVo
[2026-02-08T15:45:20-03:00] 1248 espectadores | TV Aparecida - AO VIVO - YouTube | https://www.youtube.com/watch?v=4CAmwaFJo6k
[2026-02-08T15:47:56-03:00] 376 espectadores | Santuário Nacional AO VIVO - Você em constante Oração na Casa da Mãe - YouTube | https://www.youtube.com/watch?v=juUt-rN5CVo
[2026-02-08T15:48:06-03:00] 1255 espectadores | TV Aparecida - AO VIVO - YouTube | https://www.youtube.com/watch?v=4CAmwaFJo6k
[2026-02-08T15:51:06-03:00] 381 espectadores | Santuário Nacional AO VIVO - Você em constante Oração na Casa da Mãe - YouTube | https://www.youtube.com/watch?v=juUt-rN5CVo
[2026-02-08T15:51:16-03:00] 1240 espectadores | TV Aparecida - AO VIVO - YouTube | https://www.youtube.com/watch?v=4CAmwaFJo6k
[2026-02-08T15:53:58-03:00] 379 espectadores | Santuário Nacional AO VIVO - Você em constante Oração na Casa da Mãe - YouTube | https://www.youtube.com/watch?v=juUt-rN5CVo
[2026-02-08T15:54:08-03:00] 1261 espectadores | TV Aparecida - AO VIVO - YouTube | https://www.youtube.com/watch?v=4CAmwaFJo6k
[2026-02-08T15:56:55-03:00] 370 espectadores | Santuário Nacional AO VIVO - Você em constante Oração na Casa da Mãe - YouTube | https://www.youtube.com/watch?v=juUt-rN5CVo
[2026-02-08T15:57:05-03:00] 1254 espectadores | TV Aparecida - AO VIVO - YouTube | https://www.youtube.com/watch?v=4CAmwaFJo6k
[2026-02-08T15:59:55-03:00] 367 espectadores | Santuário Nacional AO VIVO - Você em constante Oração na Casa da Mãe - YouTube | https://www.youtube.com/watch?v=juUt-rN5CVo
[2026-02-08T16:00:05-03:00] 1272 espectadores | TV Aparecida - AO VIVO - YouTube | https://www.youtube.com/watch?v=4CAmwaFJo6k
[2026-02-08T16:02:54-03:00] 378 espectadores | Santuário Nacional AO VIVO - Você em constante Oração na Casa da Mãe - YouTube | https://www.youtube.com/watch?v=juUt-rN5CVo
[2026-02-08T16:03:04-03:00] 1212 espectadores | TV Aparecida - AO VIVO - YouTube | https://www.youtube.com/watch?v=4CAmwaFJo6k
[2026-02-08T16:05:57-03:00] 377 espectadores | Santuário Nacional AO VIVO - Você em constante Oração na Casa da Mãe - YouTube | https://www.youtube.com/watch?v=juUt-rN5CVo
[2026-02-08T16:06:07-03:00] 1171 espectadores | TV Aparecida - AO VIVO - YouTube | https://www.youtube.com/watch?v=4CAmwaFJo6k
[2026-02-08T16:08:55-03:00] 381 espectadores | Santuário Nacional AO VIVO - Você em constante Oração na Casa da Mãe - YouTube | https://www.youtube.com/watch?v=juUt-rN5CVo
[2026-02-08T16:09:05-03:00] 1191 espectadores | TV Aparecida - AO VIVO - YouTube | https://www.youtube.com/watch?v=4CAmwaFJo6k
[2026-02-08T16:11:57-03:00] 364 espectadores | Santuário Nacional AO VIVO - Você em constante Oração na Casa da Mãe - YouTube | https://www.youtube.com/watch?v=juUt-rN5CVo
[2026-02-08T16:12:07-03:00] 1181 espectadores | TV Aparecida - AO VIVO - YouTube | https://www.youtube.com/watch?v=4CAmwaFJo6k
[2026-02-08T16:14:56-03:00] 371 espectadores | Santuário Nacional AO VIVO - Você em constante Oração na Casa da Mãe - YouTube | https://www.youtube.com/watch?v=juUt-rN5CVo
[2026-02-08T16:15:06-03:00] 1172 espectadores | TV Aparecida - AO VIVO - YouTube | https://www.youtube.com/watch?v=4CAmwaFJo6k
[2026-02-08T16:17:56-03:00] 352 espectadores | Santuário Nacional AO VIVO - Você em constante Oração na Casa da Mãe - YouTube | https://www.youtube.com/watch?v=juUt-rN5CVo
[2026-02-08T16:18:06-03:00] 1166 espectadores | TV Aparecida - AO VIVO - YouTube | https://www.youtube.com/watch?v=4CAmwaFJo6k
[2026-02-08T16:20:54-03:00] 366 espectadores | Santuário Nacional AO VIVO - Você em constante Oração na Casa da Mãe - YouTube | https://www.youtube.com/watch?v=juUt-rN5CVo
[2026-02-08T16:21:04-03:00] 1181 espectadores | TV Aparecida - AO VIVO - YouTube | https://www.youtube.com/watch?v=4CAmwaFJo6k
[2026-02-08T16:23:56-03:00] 375 espectadores | Santuário Nacional AO VIVO - Você em constante Oração na Casa da Mãe - YouTube | https://www.youtube.com/watch?v=juUt-rN5CVo
[2026-02-08T16:24:05-03:00] 1208 espectadores | TV Aparecida - AO VIVO - YouTube | https://www.youtube.com/watch?v=4CAmwaFJo6k
[2026-02-08T16:26:56-03:00] 370 espectadores | Santuário Nacional AO VIVO - Você em constante Oração na Casa da Mãe - YouTube | https://www.youtube.com/watch?v=juUt-rN5CVo
[2026-02-08T16:27:06-03:00] 1188 espectadores | TV Aparecida - AO VIVO - YouTube | https://www.youtube.com/watch?v=4CAmwaFJo6k
[2026-02-08T16:29:57-03:00] 4 espectadores | Santuário Nacional AO VIVO - Você em constante Oração na Casa da Mãe - YouTube | https://www.youtube.com/watch?v=juUt-rN5CVo
[2026-02-08T16:30:06-03:00] 1234 espectadores | TV Aparecida - AO VIVO - YouTube | https://www.youtube.com/watch?v=4CAmwaFJo6k
[2026-02-08T16:32:54-03:00] 374 espectadores | Santuário Nacional AO VIVO - Você em constante Oração na Casa da Mãe - YouTube | https://www.youtube.com/watch?v=juUt-rN5CVo
[2026-02-08T16:33:04-03:00] 1218 espectadores | TV Aparecida - AO VIVO - YouTube | https://www.youtube.com/watch?v=4CAmwaFJo6k
[2026-02-08T16:36:05-03:00] 387 espectadores | Santuário Nacional AO VIVO - Você em constante Oração na Casa da Mãe - YouTube | https://www.youtube.com/watch?v=juUt-rN5CVo
[2026-02-08T16:36:15-03:00] 1210 espectadores | TV Aparecida - AO VIVO - YouTube | https://www.youtube.com/watch?v=4CAmwaFJo6k
[2026-02-08T16:38:59-03:00] 386 espectadores | Santuário Nacional AO VIVO - Você em constante Oração na Casa da Mãe - YouTube | https://www.youtube.com/watch?v=juUt-rN5CVo
[2026-02-08T16:39:11-03:00] 1219 espectadores | TV Aparecida - AO VIVO - YouTube | https://www.youtube.com/watch?v=4CAmwaFJo6k
[2026-02-08T16:41:55-03:00] 389 espectadores | Santuário Nacional AO VIVO - Você em constante Oração na Casa da Mãe - YouTube | https://www.youtube.com/watch?v=juUt-rN5CVo
[2026-02-08T16:42:06-03:00] 1235 espectadores | TV Aparecida - AO VIVO - YouTube | https://www.youtube.com/watch?v=4CAmwaFJo6k
[2026-02-08T16:44:54-03:00] 399 espectadores | Santuário Nacional AO VIVO - Você em constante Oração na Casa da Mãe - YouTube | https://www.youtube.com/watch?v=juUt-rN5CVo
[2026-02-08T16:45:04-03:00] 1255 espectadores | TV Aparecida - AO VIVO - YouTube | https://www.youtube.com/watch?v=4CAmwaFJo6k
[2026-02-08T16:47:56-03:00] 404 espectadores | Santuário Nacional AO VIVO - Você em constante Oração na Casa da Mãe - YouTube | https://www.youtube.com/watch?v=juUt-rN5CVo
[2026-02-08T16:48:06-03:00] 1268 espectadores | TV Aparecida - AO VIVO - YouTube | https://www.youtube.com/watch?v=4CAmwaFJo6k
[2026-02-08T16:50:54-03:00] 406 espectadores | Santuário Nacional AO VIVO - Você em constante Oração na Casa da Mãe - YouTube | https://www.youtube.com/watch?v=juUt-rN5CVo
[2026-02-08T16:51:04-03:00] 1277 espectadores | TV Aparecida - AO VIVO - YouTube | https://www.youtube.com/watch?v=4CAmwaFJo6k
[2026-02-08T16:53:55-03:00] 420 espectadores | Santuário Nacional AO VIVO - Você em constante Oração na Casa da Mãe - YouTube | https://www.youtube.com/watch?v=juUt-rN5CVo
[2026-02-08T16:54:05-03:00] 1323 espectadores | TV Aparecida - AO VIVO - YouTube | https://www.youtube.com/watch?v=4CAmwaFJo6k
[2026-02-08T16:56:54-03:00] 421 espectadores | Santuário Nacional AO VIVO - Você em constante Oração na Casa da Mãe - YouTube | https://www.youtube.com/watch?v=juUt-rN5CVo
[2026-02-08T16:57:04-03:00] 1311 espectadores | TV Aparecida - AO VIVO - YouTube | https://www.youtube.com/watch?v=4CAmwaFJo6k
[2026-02-08T16:59:54-03:00] 423 espectadores | Santuário Nacional AO VIVO - Você em constante Oração na Casa da Mãe - YouTube | https://www.youtube.com/watch?v=juUt-rN5CVo
[2026-02-08T17:00:04-03:00] 1322 espectadores | TV Aparecida - AO VIVO - YouTube | https://www.youtube.com/watch?v=4CAmwaFJo6k
[2026-02-08T17:02:59-03:00] 430 espectadores | Santuário Nacional AO VIVO - Você em constante Oração na Casa da Mãe - YouTube | https://www.youtube.com/watch?v=juUt-rN5CVo
[2026-02-08T17:03:09-03:00] 1293 espectadores | TV Aparecida - AO VIVO - YouTube | https://www.youtube.com/watch?v=4CAmwaFJo6k
[2026-02-08T17:05:54-03:00] 438 espectadores | Santuário Nacional AO VIVO - Você em constante Oração na Casa da Mãe - YouTube | https://www.youtube.com/watch?v=juUt-rN5CVo
[2026-02-08T17:06:04-03:00] 1294 espectadores | TV Aparecida - AO VIVO - YouTube | https://www.youtube.com/watch?v=4CAmwaFJo6k
[2026-02-08T17:08:54-03:00] 447 espectadores | Santuário Nacional AO VIVO - Você em constante Oração na Casa da Mãe - YouTube | https://www.youtube.com/watch?v=juUt-rN5CVo
[2026-02-08T17:09:04-03:00] 1345 espectadores | TV Aparecida - AO VIVO - YouTube | https://www.youtube.com/watch?v=4CAmwaFJo6k
[2026-02-08T17:11:55-03:00] 467 espectadores | Santuário Nacional AO VIVO - Você em constante Oração na Casa da Mãe - YouTube | https://www.youtube.com/watch?v=juUt-rN5CVo
[2026-02-08T17:12:04-03:00] 1384 espectadores | TV Aparecida - AO VIVO - YouTube | https://www.youtube.com/watch?v=4CAmwaFJo6k
[2026-02-08T17:14:55-03:00] 492 espectadores | Santuário Nacional AO VIVO - Você em constante Oração na Casa da Mãe - YouTube | https://www.youtube.com/watch?v=juUt-rN5CVo
[2026-02-08T17:15:05-03:00] 1411 espectadores | TV Aparecida - AO VIVO - YouTube | https://www.youtube.com/watch?v=4CAmwaFJo6k
[2026-02-08T17:17:58-03:00] 506 espectadores | Santuário Nacional AO VIVO - Você em constante Oração na Casa da Mãe - YouTube | https://www.youtube.com/watch?v=juUt-rN5CVo
[2026-02-08T17:18:09-03:00] 1456 espectadores | TV Aparecida - AO VIVO - YouTube | https://www.youtube.com/watch?v=4CAmwaFJo6k
[2026-02-08T17:20:55-03:00] 529 espectadores | Santuário Nacional AO VIVO - Você em constante Oração na Casa da Mãe - YouTube | https://www.youtube.com/watch?v=juUt-rN5CVo
[2026-02-08T17:21:05-03:00] 1484 espectadores | TV Aparecida - AO VIVO - YouTube | https://www.youtube.com/watch?v=4CAmwaFJo6k
[2026-02-08T17:23:55-03:00] 533 espectadores | Santuário Nacional AO VIVO - Você em constante Oração na Casa da Mãe - YouTube | https://www.youtube.com/watch?v=juUt-rN5CVo
[2026-02-08T17:24:05-03:00] 1523 espectadores | TV Aparecida - AO VIVO - YouTube | https://www.youtube.com/watch?v=4CAmwaFJo6k
[2026-02-08T17:26:54-03:00] 564 espectadores | Santuário Nacional AO VIVO - Você em constante Oração na Casa da Mãe - YouTube | https://www.youtube.com/watch?v=juUt-rN5CVo
[2026-02-08T17:27:04-03:00] 1583 espectadores | TV Aparecida - AO VIVO - YouTube | https://www.youtube.com/watch?v=4CAmwaFJo6k
[2026-02-08T17:29:55-03:00] 590 espectadores | Santuário Nacional AO VIVO - Você em constante Oração na Casa da Mãe - YouTube | https://www.youtube.com/watch?v=juUt-rN5CVo
[2026-02-08T17:30:05-03:00] 1655 espectadores | TV Aparecida - AO VIVO - YouTube | https://www.youtube.com/watch?v=4CAmwaFJo6k
[2026-02-08T17:32:54-03:00] 620 espectadores | Santuário Nacional AO VIVO - Você em constante Oração na Casa da Mãe - YouTube | https://www.youtube.com/watch?v=juUt-rN5CVo
[2026-02-08T17:33:03-03:00] 1780 espectadores | TV Aparecida - AO VIVO - YouTube | https://www.youtube.com/watch?v=4CAmwaFJo6k
[2026-02-08T17:35:55-03:00] 678 espectadores | Santuário Nacional AO VIVO - Você em constante Oração na Casa da Mãe - YouTube | https://www.youtube.com/watch?v=juUt-rN5CVo
[2026-02-08T17:36:04-03:00] 1877 espectadores | TV Aparecida - AO VIVO - YouTube | https://www.youtube.com/watch?v=4CAmwaFJo6k
[2026-02-08T17:38:53-03:00] 774 espectadores | Santuário Nacional AO VIVO - Você em constante Oração na Casa da Mãe - YouTube | https://www.youtube.com/watch?v=juUt-rN5CVo
[2026-02-08T17:39:03-03:00] 2016 espectadores | TV Aparecida - AO VIVO - YouTube | https://www.youtube.com/watch?v=4CAmwaFJo6k
[2026-02-08T17:41:58-03:00] 845 espectadores | Santuário Nacional AO VIVO - Você em constante Oração na Casa da Mãe - YouTube | https://www.youtube.com/watch?v=juUt-rN5CVo
[2026-02-08T17:42:08-03:00] 2185 espectadores | TV Aparecida - AO VIVO - YouTube | https://www.youtube.com/watch?v=4CAmwaFJo6k
[2026-02-08T17:44:56-03:00] 955 espectadores | Santuário Nacional AO VIVO - Você em constante Oração na Casa da Mãe - YouTube | https://www.youtube.com/watch?v=juUt-rN5CVo
[2026-02-08T17:45:06-03:00] 2395 espectadores | TV Aparecida - AO VIVO - YouTube | https://www.youtube.com/watch?v=4CAmwaFJo6k
[2026-02-08T17:47:54-03:00] 1111 espectadores | Santuário Nacional AO VIVO - Você em constante Oração na Casa da Mãe - YouTube | https://www.youtube.com/watch?v=juUt-rN5CVo
[2026-02-08T17:48:04-03:00] 2695 espectadores | TV Aparecida - AO VIVO - YouTube | https://www.youtube.com/watch?v=4CAmwaFJo6k
[2026-02-08T17:50:55-03:00] 1278 espectadores | Santuário Nacional AO VIVO - Você em constante Oração na Casa da Mãe - YouTube | https://www.youtube.com/watch?v=juUt-rN5CVo
[2026-02-08T17:51:05-03:00] 3230 espectadores | TV Aparecida - AO VIVO - YouTube | https://www.youtube.com/watch?v=4CAmwaFJo6k
[2026-02-08T17:53:57-03:00] 1534 espectadores | Santuário Nacional AO VIVO - Você em constante Oração na Casa da Mãe - YouTube | https://www.youtube.com/watch?v=juUt-rN5CVo
[2026-02-08T17:54:07-03:00] 4098 espectadores | TV Aparecida - AO VIVO - YouTube | https://www.youtube.com/watch?v=4CAmwaFJo6k
[2026-02-08T17:56:54-03:00] 1921 espectadores | Santuário Nacional AO VIVO - Você em constante Oração na Casa da Mãe - YouTube | https://www.youtube.com/watch?v=juUt-rN5CVo
[2026-02-08T17:57:04-03:00] 5165 espectadores | TV Aparecida - AO VIVO - YouTube | https://www.youtube.com/watch?v=4CAmwaFJo6k
[2026-02-08T17:59:56-03:00] 2581 espectadores | Santuário Nacional AO VIVO - Você em constante Oração na Casa da Mãe - YouTube | https://www.youtube.com/watch?v=juUt-rN5CVo
[2026-02-08T18:00:06-03:00] 6505 espectadores | TV Aparecida - AO VIVO - YouTube | https://www.youtube.com/watch?v=4CAmwaFJo6k
[2026-02-08T18:02:55-03:00] 3584 espectadores | Santuário Nacional AO VIVO - Você em constante Oração na Casa da Mãe - YouTube | https://www.youtube.com/watch?v=juUt-rN5CVo
[2026-02-08T18:03:05-03:00] 8131 espectadores | TV Aparecida - AO VIVO - YouTube | https://www.youtube.com/watch?v=4CAmwaFJo6k
[2026-02-08T18:05:56-03:00] 4251 espectadores | Santuário Nacional AO VIVO - Você em constante Oração na Casa da Mãe - YouTube | https://www.youtube.com/watch?v=juUt-rN5CVo
[2026-02-08T18:06:07-03:00] 9607 espectadores | TV Aparecida - AO VIVO - YouTube | https://www.youtube.com/watch?v=4CAmwaFJo6k
[2026-02-08T18:08:57-03:00] 4740 espectadores | Santuário Nacional AO VIVO - Você em constante Oração na Casa da Mãe - YouTube | https://www.youtube.com/watch?v=juUt-rN5CVo
[2026-02-08T18:09:06-03:00] 10639 espectadores | TV Aparecida - AO VIVO - YouTube | https://www.youtube.com/watch?v=4CAmwaFJo6k
[2026-02-08T18:11:56-03:00] 5193 espectadores | Santuário Nacional AO VIVO - Você em constante Oração na Casa da Mãe - YouTube | https://www.youtube.com/watch?v=juUt-rN5CVo
[2026-02-08T18:12:06-03:00] 11535 espectadores | TV Aparecida - AO VIVO - YouTube | https://www.youtube.com/watch?v=4CAmwaFJo6k
[2026-02-08T18:14:53-03:00] 5466 espectadores | Santuário Nacional AO VIVO - Você em constante Oração na Casa da Mãe - YouTube | https://www.youtube.com/watch?v=juUt-rN5CVo
[2026-02-08T18:15:03-03:00] 12199 espectadores | TV Aparecida - AO VIVO - YouTube | https://www.youtube.com/watch?v=4CAmwaFJo6k
[2026-02-08T18:17:56-03:00] 5685 espectadores | Santuário Nacional AO VIVO - Você em constante Oração na Casa da Mãe - YouTube | https://www.youtube.com/watch?v=juUt-rN5CVo
[2026-02-08T18:18:06-03:00] 12806 espectadores | TV Aparecida - AO VIVO - YouTube | https://www.youtube.com/watch?v=4CAmwaFJo6k
[2026-02-08T18:20:54-03:00] 5909 espectadores | Santuário Nacional AO VIVO - Você em constante Oração na Casa da Mãe - YouTube | https://www.youtube.com/watch?v=juUt-rN5CVo
[2026-02-08T18:21:03-03:00] 13300 espectadores | TV Aparecida - AO VIVO - YouTube | https://www.youtube.com/watch?v=4CAmwaFJo6k
[2026-02-08T18:23:55-03:00] 6113 espectadores | Santuário Nacional AO VIVO - Você em constante Oração na Casa da Mãe - YouTube | https://www.youtube.com/watch?v=juUt-rN5CVo
[2026-02-08T18:24:04-03:00] 13677 espectadores | TV Aparecida - AO VIVO - YouTube | https://www.youtube.com/watch?v=4CAmwaFJo6k
[2026-02-08T18:26:54-03:00] 6275 espectadores | Santuário Nacional AO VIVO - Você em constante Oração na Casa da Mãe - YouTube | https://www.youtube.com/watch?v=juUt-rN5CVo
[2026-02-08T18:27:04-03:00] 14151 espectadores | TV Aparecida - AO VIVO - YouTube | https://www.youtube.com/watch?v=4CAmwaFJo6k
[2026-02-08T18:29:55-03:00] 6403 espectadores | Santuário Nacional AO VIVO - Você em constante Oração na Casa da Mãe - YouTube | https://www.youtube.com/watch?v=juUt-rN5CVo
[2026-02-08T18:30:05-03:00] 14530 espectadores | TV Aparecida - AO VIVO - YouTube | https://www.youtube.com/watch?v=4CAmwaFJo6k
[2026-02-08T18:32:54-03:00] 6484 espectadores | Santuário Nacional AO VIVO - Você em constante Oração na Casa da Mãe - YouTube | https://www.youtube.com/watch?v=juUt-rN5CVo
[2026-02-08T18:33:03-03:00] 14881 espectadores | TV Aparecida - AO VIVO - YouTube | https://www.youtube.com/watch?v=4CAmwaFJo6k
[2026-02-08T18:36:05-03:00] 6503 espectadores | Santuário Nacional AO VIVO - Você em constante Oração na Casa da Mãe - YouTube | https://www.youtube.com/watch?v=juUt-rN5CVo
[2026-02-08T18:36:15-03:00] 15069 espectadores | TV Aparecida - AO VIVO - YouTube | https://www.youtube.com/watch?v=4CAmwaFJo6k
[2026-02-08T18:38:56-03:00] 6480 espectadores | Santuário Nacional AO VIVO - Você em constante Oração na Casa da Mãe - YouTube | https://www.youtube.com/watch?v=juUt-rN5CVo
[2026-02-08T18:39:06-03:00] 15180 espectadores | TV Aparecida - AO VIVO - YouTube | https://www.youtube.com/watch?v=4CAmwaFJo6k
[2026-02-08T18:41:59-03:00] 6521 espectadores | Santuário Nacional AO VIVO - Você em constante Oração na Casa da Mãe - YouTube | https://www.youtube.com/watch?v=juUt-rN5CVo
[2026-02-08T18:42:08-03:00] 15368 espectadores | TV Aparecida - AO VIVO - YouTube | https://www.youtube.com/watch?v=4CAmwaFJo6k
[2026-02-08T18:44:54-03:00] 6572 espectadores | Santuário Nacional AO VIVO - Você em constante Oração na Casa da Mãe - YouTube | https://www.youtube.com/watch?v=juUt-rN5CVo
[2026-02-08T18:45:04-03:00] 15604 espectadores | TV Aparecida - AO VIVO - YouTube | https://www.youtube.com/watch?v=4CAmwaFJo6k
[2026-02-08T18:47:57-03:00] 6632 espectadores | Santuário Nacional AO VIVO - Você em constante Oração na Casa da Mãe - YouTube | https://www.youtube.com/watch?v=juUt-rN5CVo
[2026-02-08T18:48:07-03:00] 15862 espectadores | TV Aparecida - AO VIVO - YouTube | https://www.youtube.com/watch?v=4CAmwaFJo6k
[2026-02-08T18:50:55-03:00] 6647 espectadores | Santuário Nacional AO VIVO - Você em constante Oração na Casa da Mãe - YouTube | https://www.youtube.com/watch?v=juUt-rN5CVo
[2026-02-08T18:51:04-03:00] 16088 espectadores | TV Aparecida - AO VIVO - YouTube | https://www.youtube.com/watch?v=4CAmwaFJo6k
[2026-02-08T18:53:55-03:00] 6600 espectadores | Santuário Nacional AO VIVO - Você em constante Oração na Casa da Mãe - YouTube | https://www.youtube.com/watch?v=juUt-rN5CVo
[2026-02-08T18:54:05-03:00] 16177 espectadores | TV Aparecida - AO VIVO - YouTube | https://www.youtube.com/watch?v=4CAmwaFJo6k
[2026-02-08T18:56:54-03:00] 6684 espectadores | Santuário Nacional AO VIVO - Você em constante Oração na Casa da Mãe - YouTube | https://www.youtube.com/watch?v=juUt-rN5CVo
[2026-02-08T18:57:04-03:00] 16345 espectadores | TV Aparecida - AO VIVO - YouTube | https://www.youtube.com/watch?v=4CAmwaFJo6k
[2026-02-08T18:59:55-03:00] 6705 espectadores | Santuário Nacional AO VIVO - Você em constante Oração na Casa da Mãe - YouTube | https://www.youtube.com/watch?v=juUt-rN5CVo
[2026-02-08T19:00:06-03:00] 16601 espectadores | TV Aparecida - AO VIVO - YouTube | https://www.youtube.com/watch?v=4CAmwaFJo6k
[2026-02-08T19:02:54-03:00] 3693 espectadores | Santuário Nacional AO VIVO - Você em constante Oração na Casa da Mãe - YouTube | https://www.youtube.com/watch?v=juUt-rN5CVo
[2026-02-08T19:03:04-03:00] 11410 espectadores | TV Aparecida - AO VIVO - YouTube | https://www.youtube.com/watch?v=4CAmwaFJo6k
[2026-02-08T19:05:55-03:00] 2446 espectadores | Santuário Nacional AO VIVO - Você em constante Oração na Casa da Mãe - YouTube | https://www.youtube.com/watch?v=juUt-rN5CVo
[2026-02-08T19:06:04-03:00] 10597 espectadores | TV Aparecida - AO VIVO - YouTube | https://www.youtube.com/watch?v=4CAmwaFJo6k
[2026-02-08T19:08:56-03:00] 1971 espectadores | Santuário Nacional AO VIVO - Você em constante Oração na Casa da Mãe - YouTube | https://www.youtube.com/watch?v=juUt-rN5CVo
[2026-02-08T19:09:05-03:00] 10551 espectadores | TV Aparecida - AO VIVO - YouTube | https://www.youtube.com/watch?v=4CAmwaFJo6k
[2026-02-08T19:11:54-03:00] 1588 espectadores | Santuário Nacional AO VIVO - Você em constante Oração na Casa da Mãe - YouTube | https://www.youtube.com/watch?v=juUt-rN5CVo
[2026-02-08T19:12:04-03:00] 10618 espectadores | TV Aparecida - AO VIVO - YouTube | https://www.youtube.com/watch?v=4CAmwaFJo6k
[2026-02-08T19:14:54-03:00] 1430 espectadores | Santuário Nacional AO VIVO - Você em constante Oração na Casa da Mãe - YouTube | https://www.youtube.com/watch?v=juUt-rN5CVo
[2026-02-08T19:15:04-03:00] 10646 espectadores | TV Aparecida - AO VIVO - YouTube | https://www.youtube.com/watch?v=4CAmwaFJo6k
[2026-02-08T19:17:57-03:00] 1247 espectadores | Santuário Nacional AO VIVO - Você em constante Oração na Casa da Mãe - YouTube | https://www.youtube.com/watch?v=juUt-rN5CVo
[2026-02-08T19:18:08-03:00] 10651 espectadores | TV Aparecida - AO VIVO - YouTube | https://www.youtube.com/watch?v=4CAmwaFJo6k
[2026-02-08T19:20:55-03:00] 1140 espectadores | Santuário Nacional AO VIVO - Você em constante Oração na Casa da Mãe - YouTube | https://www.youtube.com/watch?v=juUt-rN5CVo
[2026-02-08T19:21:04-03:00] 10651 espectadores | TV Aparecida - AO VIVO - YouTube | https://www.youtube.com/watch?v=4CAmwaFJo6k
[2026-02-08T19:23:56-03:00] 1046 espectadores | Santuário Nacional AO VIVO - Você em constante Oração na Casa da Mãe - YouTube | https://www.youtube.com/watch?v=juUt-rN5CVo
[2026-02-08T19:24:06-03:00] 10675 espectadores | TV Aparecida - AO VIVO - YouTube | https://www.youtube.com/watch?v=4CAmwaFJo6k
[2026-02-08T19:26:54-03:00] 966 espectadores | Santuário Nacional AO VIVO - Você em constante Oração na Casa da Mãe - YouTube | https://www.youtube.com/watch?v=juUt-rN5CVo
[2026-02-08T19:27:04-03:00] 10717 espectadores | TV Aparecida - AO VIVO - YouTube | https://www.youtube.com/watch?v=4CAmwaFJo6k
[2026-02-08T19:29:54-03:00] 919 espectadores | Santuário Nacional AO VIVO - Você em constante Oração na Casa da Mãe - YouTube | https://www.youtube.com/watch?v=juUt-rN5CVo
[2026-02-08T19:30:04-03:00] 10701 espectadores | TV Aparecida - AO VIVO - YouTube | https://www.youtube.com/watch?v=4CAmwaFJo6k
[2026-02-08T19:32:54-03:00] 884 espectadores | Santuário Nacional AO VIVO - Você em constante Oração na Casa da Mãe - YouTube | https://www.youtube.com/watch?v=juUt-rN5CVo
[2026-02-08T19:33:04-03:00] 7201 espectadores | TV Aparecida - AO VIVO - YouTube | https://www.youtube.com/watch?v=4CAmwaFJo6k
[2026-02-08T19:36:03-03:00] 850 espectadores | Santuário Nacional AO VIVO - Você em constante Oração na Casa da Mãe - YouTube | https://www.youtube.com/watch?v=juUt-rN5CVo
[2026-02-08T19:36:13-03:00] 6018 espectadores | TV Aparecida - AO VIVO - YouTube | https://www.youtube.com/watch?v=4CAmwaFJo6k
[2026-02-08T19:38:57-03:00] 771 espectadores | Santuário Nacional AO VIVO - Você em constante Oração na Casa da Mãe - YouTube | https://www.youtube.com/watch?v=juUt-rN5CVo
[2026-02-08T19:39:07-03:00] 5543 espectadores | TV Aparecida - AO VIVO - YouTube | https://www.youtube.com/watch?v=4CAmwaFJo6k
[2026-02-08T19:41:55-03:00] 725 espectadores | Santuário Nacional AO VIVO - Você em constante Oração na Casa da Mãe - YouTube | https://www.youtube.com/watch?v=juUt-rN5CVo
[2026-02-08T19:42:04-03:00] 5273 espectadores | TV Aparecida - AO VIVO - YouTube | https://www.youtube.com/watch?v=4CAmwaFJo6k
[2026-02-08T19:45:00-03:00] 684 espectadores | Santuário Nacional AO VIVO - Você em constante Oração na Casa da Mãe - YouTube | https://www.youtube.com/watch?v=juUt-rN5CVo
[2026-02-08T19:45:09-03:00] 5035 espectadores | TV Aparecida - AO VIVO - YouTube | https://www.youtube.com/watch?v=4CAmwaFJo6k
[2026-02-08T19:47:54-03:00] 634 espectadores | Santuário Nacional AO VIVO - Você em constante Oração na Casa da Mãe - YouTube | https://www.youtube.com/watch?v=juUt-rN5CVo
[2026-02-08T19:48:04-03:00] 4871 espectadores | TV Aparecida - AO VIVO - YouTube | https://www.youtube.com/watch?v=4CAmwaFJo6k
[2026-02-08T19:50:55-03:00] 625 espectadores | Santuário Nacional AO VIVO - Você em constante Oração na Casa da Mãe - YouTube | https://www.youtube.com/watch?v=juUt-rN5CVo
[2026-02-08T19:51:04-03:00] 4647 espectadores | TV Aparecida - AO VIVO - YouTube | https://www.youtube.com/watch?v=4CAmwaFJo6k
[2026-02-08T19:53:55-03:00] 596 espectadores | Santuário Nacional AO VIVO - Você em constante Oração na Casa da Mãe - YouTube | https://www.youtube.com/watch?v=juUt-rN5CVo
[2026-02-08T19:54:05-03:00] 4468 espectadores | TV Aparecida - AO VIVO - YouTube | https://www.youtube.com/watch?v=4CAmwaFJo6k
[2026-02-08T19:56:54-03:00] 572 espectadores | Santuário Nacional AO VIVO - Você em constante Oração na Casa da Mãe - YouTube | https://www.youtube.com/watch?v=juUt-rN5CVo
[2026-02-08T19:57:04-03:00] 4315 espectadores | TV Aparecida - AO VIVO - YouTube | https://www.youtube.com/watch?v=4CAmwaFJo6k
[2026-02-08T19:59:56-03:00] 547 espectadores | Santuário Nacional AO VIVO - Você em constante Oração na Casa da Mãe - YouTube | https://www.youtube.com/watch?v=juUt-rN5CVo
[2026-02-08T20:00:06-03:00] 4210 espectadores | TV Aparecida - AO VIVO - YouTube | https://www.youtube.com/watch?v=4CAmwaFJo6k
[2026-02-08T20:02:54-03:00] 506 espectadores | Santuário Nacional AO VIVO - Você em constante Oração na Casa da Mãe - YouTube | https://www.youtube.com/watch?v=juUt-rN5CVo
[2026-02-08T20:03:04-03:00] 3820 espectadores | TV Aparecida - AO VIVO - YouTube | https://www.youtube.com/watch?v=4CAmwaFJo6k
[2026-02-08T20:05:55-03:00] 505 espectadores | Santuário Nacional AO VIVO - Você em constante Oração na Casa da Mãe - YouTube | https://www.youtube.com/watch?v=juUt-rN5CVo
[2026-02-08T20:06:04-03:00] 3599 espectadores | TV Aparecida - AO VIVO - YouTube | https://www.youtube.com/watch?v=4CAmwaFJo6k
[2026-02-08T20:08:56-03:00] 481 espectadores | Santuário Nacional AO VIVO - Você em constante Oração na Casa da Mãe - YouTube | https://www.youtube.com/watch?v=juUt-rN5CVo
[2026-02-08T20:09:05-03:00] 3474 espectadores | TV Aparecida - AO VIVO - YouTube | https://www.youtube.com/watch?v=4CAmwaFJo6k
[2026-02-08T20:12:00-03:00] 468 espectadores | Santuário Nacional AO VIVO - Você em constante Oração na Casa da Mãe - YouTube | https://www.youtube.com/watch?v=juUt-rN5CVo
[2026-02-08T20:12:09-03:00] 3403 espectadores | TV Aparecida - AO VIVO - YouTube | https://www.youtube.com/watch?v=4CAmwaFJo6k
[2026-02-08T20:14:53-03:00] 460 espectadores | Santuário Nacional AO VIVO - Você em constante Oração na Casa da Mãe - YouTube | https://www.youtube.com/watch?v=juUt-rN5CVo
[2026-02-08T20:15:03-03:00] 3326 espectadores | TV Aparecida - AO VIVO - YouTube | https://www.youtube.com/watch?v=4CAmwaFJo6k
[2026-02-08T20:17:56-03:00] 451 espectadores | Santuário Nacional AO VIVO - Você em constante Oração na Casa da Mãe - YouTube | https://www.youtube.com/watch?v=juUt-rN5CVo
[2026-02-08T20:18:06-03:00] 3263 espectadores | TV Aparecida - AO VIVO - YouTube | https://www.youtube.com/watch?v=4CAmwaFJo6k
[2026-02-08T20:20:54-03:00] 421 espectadores | Santuário Nacional AO VIVO - Você em constante Oração na Casa da Mãe - YouTube | https://www.youtube.com/watch?v=juUt-rN5CVo
[2026-02-08T20:21:04-03:00] 3156 espectadores | TV Aparecida - AO VIVO - YouTube | https://www.youtube.com/watch?v=4CAmwaFJo6k
[2026-02-08T20:23:54-03:00] 399 espectadores | Santuário Nacional AO VIVO - Você em constante Oração na Casa da Mãe - YouTube | https://www.youtube.com/watch?v=juUt-rN5CVo
[2026-02-08T20:24:04-03:00] 3081 espectadores | TV Aparecida - AO VIVO - YouTube | https://www.youtube.com/watch?v=4CAmwaFJo6k
[2026-02-08T20:26:54-03:00] 391 espectadores | Santuário Nacional AO VIVO - Você em constante Oração na Casa da Mãe - YouTube | https://www.youtube.com/watch?v=juUt-rN5CVo
[2026-02-08T20:27:04-03:00] 3028 espectadores | TV Aparecida - AO VIVO - YouTube | https://www.youtube.com/watch?v=4CAmwaFJo6k
[2026-02-08T20:29:59-03:00] 370 espectadores | Santuário Nacional AO VIVO - Você em constante Oração na Casa da Mãe - YouTube | https://www.youtube.com/watch?v=juUt-rN5CVo
[2026-02-08T20:30:09-03:00] 2982 espectadores | TV Aparecida - AO VIVO - YouTube | https://www.youtube.com/watch?v=4CAmwaFJo6k
[2026-02-08T20:32:56-03:00] 355 espectadores | Santuário Nacional AO VIVO - Você em constante Oração na Casa da Mãe - YouTube | https://www.youtube.com/watch?v=juUt-rN5CVo
[2026-02-08T20:33:05-03:00] 2892 espectadores | TV Aparecida - AO VIVO - YouTube | https://www.youtube.com/watch?v=4CAmwaFJo6k
[2026-02-08T20:36:15-03:00] 342 espectadores | Santuário Nacional AO VIVO - Você em constante Oração na Casa da Mãe - YouTube | https://www.youtube.com/watch?v=juUt-rN5CVo
[2026-02-08T20:36:30-03:00] 2812 espectadores | TV Aparecida - AO VIVO - YouTube | https://www.youtube.com/watch?v=4CAmwaFJo6k
[2026-02-08T20:38:59-03:00] 328 espectadores | Santuário Nacional AO VIVO - Você em constante Oração na Casa da Mãe - YouTube | https://www.youtube.com/watch?v=juUt-rN5CVo
[2026-02-08T20:39:09-03:00] 2769 espectadores | TV Aparecida - AO VIVO - YouTube | https://www.youtube.com/watch?v=4CAmwaFJo6k
[2026-02-08T20:41:57-03:00] 319 espectadores | Santuário Nacional AO VIVO - Você em constante Oração na Casa da Mãe - YouTube | https://www.youtube.com/watch?v=juUt-rN5CVo
[2026-02-08T20:42:07-03:00] 2678 espectadores | TV Aparecida - AO VIVO - YouTube | https://www.youtube.com/watch?v=4CAmwaFJo6k
[2026-02-08T20:45:13-03:00] 308 espectadores | Santuário Nacional AO VIVO - Você em constante Oração na Casa da Mãe - YouTube | https://www.youtube.com/watch?v=juUt-rN5CVo
[2026-02-08T20:45:25-03:00] 2634 espectadores | TV Aparecida - AO VIVO - YouTube | https://www.youtube.com/watch?v=4CAmwaFJo6k
[2026-02-08T20:48:00-03:00] 305 espectadores | Santuário Nacional AO VIVO - Você em constante Oração na Casa da Mãe - YouTube | https://www.youtube.com/watch?v=juUt-rN5CVo
[2026-02-08T20:48:09-03:00] 2577 espectadores | TV Aparecida - AO VIVO - YouTube | https://www.youtube.com/watch?v=4CAmwaFJo6k
[2026-02-08T20:51:04-03:00] 304 espectadores | Santuário Nacional AO VIVO - Você em constante Oração na Casa da Mãe - YouTube | https://www.youtube.com/watch?v=juUt-rN5CVo
[2026-02-08T20:51:15-03:00] 2536 espectadores | TV Aparecida - AO VIVO - YouTube | https://www.youtube.com/watch?v=4CAmwaFJo6k
[2026-02-08T20:54:00-03:00] 295 espectadores | Santuário Nacional AO VIVO - Você em constante Oração na Casa da Mãe - YouTube | https://www.youtube.com/watch?v=juUt-rN5CVo
[2026-02-08T20:54:09-03:00] 2455 espectadores | TV Aparecida - AO VIVO - YouTube | https://www.youtube.com/watch?v=4CAmwaFJo6k
[2026-02-08T20:56:59-03:00] 291 espectadores | Santuário Nacional AO VIVO - Você em constante Oração na Casa da Mãe - YouTube | https://www.youtube.com/watch?v=juUt-rN5CVo
[2026-02-08T20:57:09-03:00] 2392 espectadores | TV Aparecida - AO VIVO - YouTube | https://www.youtube.com/watch?v=4CAmwaFJo6k
[2026-02-08T20:59:59-03:00] 278 espectadores | Santuário Nacional AO VIVO - Você em constante Oração na Casa da Mãe - YouTube | https://www.youtube.com/watch?v=juUt-rN5CVo
[2026-02-08T21:00:09-03:00] 2363 espectadores | TV Aparecida - AO VIVO - YouTube | https://www.youtube.com/watch?v=4CAmwaFJo6k
[2026-02-08T21:03:01-03:00] 276 espectadores | Santuário Nacional AO VIVO - Você em constante Oração na Casa da Mãe - YouTube | https://www.youtube.com/watch?v=juUt-rN5CVo
[2026-02-08T21:03:12-03:00] 2323 espectadores | TV Aparecida - AO VIVO - YouTube | https://www.youtube.com/watch?v=4CAmwaFJo6k
[2026-02-08T21:06:01-03:00] 269 espectadores | Santuário Nacional AO VIVO - Você em constante Oração na Casa da Mãe - YouTube | https://www.youtube.com/watch?v=juUt-rN5CVo
[2026-02-08T21:06:12-03:00] 2275 espectadores | TV Aparecida - AO VIVO - YouTube | https://www.youtube.com/watch?v=4CAmwaFJo6k
[2026-02-08T21:08:55-03:00] 265 espectadores | Santuário Nacional AO VIVO - Você em constante Oração na Casa da Mãe - YouTube | https://www.youtube.com/watch?v=juUt-rN5CVo
[2026-02-08T21:09:03-03:00] 2244 espectadores | TV Aparecida - AO VIVO - YouTube | https://www.youtube.com/watch?v=4CAmwaFJo6k
[2026-02-08T21:11:58-03:00] 249 espectadores | Santuário Nacional AO VIVO - Você em constante Oração na Casa da Mãe - YouTube | https://www.youtube.com/watch?v=juUt-rN5CVo
[2026-02-08T21:12:08-03:00] 2185 espectadores | TV Aparecida - AO VIVO - YouTube | https://www.youtube.com/watch?v=4CAmwaFJo6k
[2026-02-08T21:15:02-03:00] 242 espectadores | Santuário Nacional AO VIVO - Você em constante Oração na Casa da Mãe - YouTube | https://www.youtube.com/watch?v=juUt-rN5CVo
[2026-02-08T21:15:13-03:00] 2121 espectadores | TV Aparecida - AO VIVO - YouTube | https://www.youtube.com/watch?v=4CAmwaFJo6k
[2026-02-08T21:17:58-03:00] 240 espectadores | Santuário Nacional AO VIVO - Você em constante Oração na Casa da Mãe - YouTube | https://www.youtube.com/watch?v=juUt-rN5CVo
[2026-02-08T21:18:08-03:00] 2091 espectadores | TV Aparecida - AO VIVO - YouTube | https://www.youtube.com/watch?v=4CAmwaFJo6k
[2026-02-08T21:20:56-03:00] 236 espectadores | Santuário Nacional AO VIVO - Você em constante Oração na Casa da Mãe - YouTube | https://www.youtube.com/watch?v=juUt-rN5CVo
[2026-02-08T21:21:07-03:00] 2018 espectadores | TV Aparecida - AO VIVO - YouTube | https://www.youtube.com/watch?v=4CAmwaFJo6k
[2026-02-08T21:23:57-03:00] 234 espectadores | Santuário Nacional AO VIVO - Você em constante Oração na Casa da Mãe - YouTube | https://www.youtube.com/watch?v=juUt-rN5CVo
[2026-02-08T21:24:07-03:00] 1996 espectadores | TV Aparecida - AO VIVO - YouTube | https://www.youtube.com/watch?v=4CAmwaFJo6k
[2026-02-08T21:26:56-03:00] 244 espectadores | Santuário Nacional AO VIVO - Você em constante Oração na Casa da Mãe - YouTube | https://www.youtube.com/watch?v=juUt-rN5CVo
[2026-02-08T21:27:06-03:00] 1965 espectadores | TV Aparecida - AO VIVO - YouTube | https://www.youtube.com/watch?v=4CAmwaFJo6k
[2026-02-08T21:29:57-03:00] 228 espectadores | Santuário Nacional AO VIVO - Você em constante Oração na Casa da Mãe - YouTube | https://www.youtube.com/watch?v=juUt-rN5CVo
[2026-02-08T21:30:07-03:00] 1932 espectadores | TV Aparecida - AO VIVO - YouTube | https://www.youtube.com/watch?v=4CAmwaFJo6k
[2026-02-08T21:32:55-03:00] 214 espectadores | Santuário Nacional AO VIVO - Você em constante Oração na Casa da Mãe - YouTube | https://www.youtube.com/watch?v=juUt-rN5CVo
[2026-02-08T21:33:05-03:00] 1854 espectadores | TV Aparecida - AO VIVO - YouTube | https://www.youtube.com/watch?v=4CAmwaFJo6k
[2026-02-08T21:35:56-03:00] 225 espectadores | Santuário Nacional AO VIVO - Você em constante Oração na Casa da Mãe - YouTube | https://www.youtube.com/watch?v=juUt-rN5CVo
[2026-02-08T21:36:05-03:00] 1834 espectadores | TV Aparecida - AO VIVO - YouTube | https://www.youtube.com/watch?v=4CAmwaFJo6k
[2026-02-08T21:38:55-03:00] 220 espectadores | Santuário Nacional AO VIVO - Você em constante Oração na Casa da Mãe - YouTube | https://www.youtube.com/watch?v=juUt-rN5CVo
[2026-02-08T21:39:05-03:00] 1793 espectadores | TV Aparecida - AO VIVO - YouTube | https://www.youtube.com/watch?v=4CAmwaFJo6k
[2026-02-08T21:41:58-03:00] 207 espectadores | Santuário Nacional AO VIVO - Você em constante Oração na Casa da Mãe - YouTube | https://www.youtube.com/watch?v=juUt-rN5CVo
[2026-02-08T21:42:08-03:00] 1755 espectadores | TV Aparecida - AO VIVO - YouTube | https://www.youtube.com/watch?v=4CAmwaFJo6k
[2026-02-08T21:44:57-03:00] 202 espectadores | Santuário Nacional AO VIVO - Você em constante Oração na Casa da Mãe - YouTube | https://www.youtube.com/watch?v=juUt-rN5CVo
[2026-02-08T21:45:07-03:00] 1729 espectadores | TV Aparecida - AO VIVO - YouTube | https://www.youtube.com/watch?v=4CAmwaFJo6k
[2026-02-08T21:47:57-03:00] 200 espectadores | Santuário Nacional AO VIVO - Você em constante Oração na Casa da Mãe - YouTube | https://www.youtube.com/watch?v=juUt-rN5CVo
[2026-02-08T21:48:07-03:00] 1674 espectadores | TV Aparecida - AO VIVO - YouTube | https://www.youtube.com/watch?v=4CAmwaFJo6k
[2026-02-08T21:50:57-03:00] 199 espectadores | Santuário Nacional AO VIVO - Você em constante Oração na Casa da Mãe - YouTube | https://www.youtube.com/watch?v=juUt-rN5CVo
[2026-02-08T21:51:07-03:00] 1632 espectadores | TV Aparecida - AO VIVO - YouTube | https://www.youtube.com/watch?v=4CAmwaFJo6k
[2026-02-08T21:53:57-03:00] 196 espectadores | Santuário Nacional AO VIVO - Você em constante Oração na Casa da Mãe - YouTube | https://www.youtube.com/watch?v=juUt-rN5CVo
[2026-02-08T21:54:07-03:00] 1589 espectadores | TV Aparecida - AO VIVO - YouTube | https://www.youtube.com/watch?v=4CAmwaFJo6k
[2026-02-08T21:56:56-03:00] 190 espectadores | Santuário Nacional AO VIVO - Você em constante Oração na Casa da Mãe - YouTube | https://www.youtube.com/watch?v=juUt-rN5CVo
[2026-02-08T21:57:06-03:00] 1547 espectadores | TV Aparecida - AO VIVO - YouTube | https://www.youtube.com/watch?v=4CAmwaFJo6k
[2026-02-08T21:59:55-03:00] 192 espectadores | Santuário Nacional AO VIVO - Você em constante Oração na Casa da Mãe - YouTube | https://www.youtube.com/watch?v=juUt-rN5CVo
[2026-02-08T22:00:05-03:00] 1522 espectadores | TV Aparecida - AO VIVO - YouTube | https://www.youtube.com/watch?v=4CAmwaFJo6k
[2026-02-08T22:03:00-03:00] 184 espectadores | Santuário Nacional AO VIVO - Você em constante Oração na Casa da Mãe - YouTube | https://www.youtube.com/watch?v=juUt-rN5CVo
[2026-02-08T22:03:10-03:00] 1482 espectadores | TV Aparecida - AO VIVO - YouTube | https://www.youtube.com/watch?v=4CAmwaFJo6k
[2026-02-08T22:05:57-03:00] 187 espectadores | Santuário Nacional AO VIVO - Você em constante Oração na Casa da Mãe - YouTube | https://www.youtube.com/watch?v=juUt-rN5CVo
[2026-02-08T22:06:07-03:00] 1452 espectadores | TV Aparecida - AO VIVO - YouTube | https://www.youtube.com/watch?v=4CAmwaFJo6k
[2026-02-08T22:08:58-03:00] 186 espectadores | Santuário Nacional AO VIVO - Você em constante Oração na Casa da Mãe - YouTube | https://www.youtube.com/watch?v=juUt-rN5CVo
[2026-02-08T22:09:08-03:00] 1423 espectadores | TV Aparecida - AO VIVO - YouTube | https://www.youtube.com/watch?v=4CAmwaFJo6k
[2026-02-08T22:41:54-03:00] 184 espectadores | Santuário Nacional AO VIVO - Você em constante Oração na Casa da Mãe - YouTube | https://www.youtube.com/watch?v=juUt-rN5CVo
[2026-02-08T22:42:03-03:00] 834 espectadores | TV Aparecida - AO VIVO - YouTube | https://www.youtube.com/watch?v=4CAmwaFJo6k
